,SQUID_Volt(V),timestamp,MOD_CURR(A),SQUID_Curr(A)
0,+3.43610500E-05,1559367805.42,0.00016704853231106243,4.830577339901478e-05
1,+3.43290000E-05,1559367805.6283333,0.00016706329682365827,4.83107684729064e-05
2,+3.44271600E-05,1559367805.8366668,0.00016706821467688936,4.8308591133004924e-05
3,+3.44164800E-05,1559367806.045,0.00016707198247535598,4.8309103448275866e-05
4,+3.44792600E-05,1559367806.2533333,0.00016707284775465498,4.830935960591133e-05
5,+3.44371700E-05,1559367806.4616668,0.0001670734282584885,4.8311024630541874e-05
6,+3.44004500E-05,1559367806.67,0.00016707242059145672,4.8309103448275866e-05
7,+3.44064600E-05,1559367806.8783333,0.00016707212486308872,4.831051231527093e-05
8,+3.44271700E-05,1559367807.0866668,0.0001670725629791895,4.8308078817733995e-05
9,+3.45159900E-05,1559367807.295,0.00016707226725082148,4.831166502463054e-05
10,+3.44892700E-05,1559367807.5033333,0.000167074008762322,4.830538916256158e-05
11,+3.44545500E-05,1559367807.7116668,0.0001670742935377875,4.8305901477832506e-05
12,+3.44699100E-05,1559367807.92,0.00016707415115005476,4.8309615763546795e-05
13,+3.45153200E-05,1559367808.1283333,0.00016707284775465498,4.830897536945813e-05
14,+3.43931000E-05,1559367808.3366668,0.000167073143483023,4.8310896551724134e-05
15,+3.44725700E-05,1559367808.545,0.00016707111719605698,4.8304876847290635e-05
16,+3.43223200E-05,1559367808.7533333,0.00016707169769989048,4.831025615763547e-05
17,+3.44278400E-05,1559367808.9616668,0.00016707212486308872,4.830846305418719e-05
18,+3.43737400E-05,1559367809.17,0.00016707053669222344,4.830423645320197e-05
19,+3.44358400E-05,1559367809.3783333,0.000167073143483023,4.831e-05
20,+3.44331700E-05,1559367809.5866668,0.0001670742935377875,4.8302571428571425e-05
21,+3.44251600E-05,1559367809.795,0.00016707458926615553,4.830526108374384e-05
22,+3.44178100E-05,1559367810.0033333,0.000167074008762322,4.8305645320197045e-05
23,+3.44211500E-05,1559367810.2116668,0.00016707242059145672,4.830526108374384e-05
24,+3.44104700E-05,1559367810.42,0.00016707270536692222,4.830679802955665e-05
25,+3.43977900E-05,1559367814.218,0.00016707603504928807,4.8309615763546795e-05
26,+3.44792600E-05,1559367814.4263332,0.000167074008762322,4.830935960591133e-05
27,+3.43864300E-05,1559367814.6346667,0.0001670725629791895,4.8310640394088666e-05
28,+3.43129700E-05,1559367814.843,0.000167073143483023,4.831409852216749e-05
29,+3.42949300E-05,1559367815.0513332,0.0001670744468784228,4.8309103448275866e-05
30,+3.43176400E-05,1559367815.2596667,0.0001670753121577218,4.830948768472906e-05
31,+3.43309900E-05,1559367815.468,0.0001670747316538883,4.830769458128079e-05
32,+3.42835800E-05,1559367815.6763332,0.00016707386637458926,4.830948768472906e-05
33,+3.42582100E-05,1559367815.8846667,0.00016707415115005476,4.8312945812807876e-05
34,+3.42842500E-05,1559367816.093,0.00016707415115005476,4.8308591133004924e-05
35,+3.43363400E-05,1559367816.3013332,0.0001670712595837897,4.830974384236453e-05
36,+3.43723900E-05,1559367816.5096667,0.00016707415115005476,4.8311408866995076e-05
37,+3.43336700E-05,1559367816.718,0.0001670758926615553,4.8307310344827585e-05
38,+3.43737400E-05,1559367816.9263332,0.00016707733844468784,4.830987192118226e-05
39,+3.43229700E-05,1559367817.1346667,0.0001670767579408543,4.829872906403941e-05
40,+3.43503500E-05,1559367817.343,0.0001670750273822563,4.830654187192118e-05
41,+3.41880900E-05,1559367817.5513332,0.0001670753121577218,4.830935960591133e-05
42,+3.43062900E-05,1559367817.7596667,0.0001670750273822563,4.830756650246305e-05
43,+3.41540300E-05,1559367817.968,0.00016707242059145672,4.830935960591133e-05
44,+3.41299800E-05,1559367818.1763332,0.000167073143483023,4.830526108374384e-05
45,+3.42187900E-05,1559367818.3846667,0.0001670750273822563,4.831422660098522e-05
46,+3.41440100E-05,1559367818.593,0.00016707516976998904,4.830935960591133e-05
47,+3.40685500E-05,1559367818.8013332,0.00016707372398685653,4.8306029556650247e-05
48,+3.41126200E-05,1559367819.0096667,0.000167074008762322,4.8305901477832506e-05
49,+3.42041100E-05,1559367819.218,0.0001670734282584885,4.830615763546798e-05
50,+3.39763900E-05,1559367822.762,0.0001670750273822563,4.830551724137931e-05
51,+3.39603600E-05,1559367822.9703333,0.0001670753121577218,4.830795073891626e-05
52,+3.39556800E-05,1559367823.1786668,0.0001670753121577218,4.830769458128079e-05
53,+3.40044300E-05,1559367823.387,0.0001670750273822563,4.83032118226601e-05
54,+3.39249600E-05,1559367823.5953333,0.00016707386637458926,4.830718226600985e-05
55,+3.39797200E-05,1559367823.8036668,0.00016707386637458926,4.8309103448275866e-05
56,+3.40384900E-05,1559367824.012,0.000167073143483023,4.830756650246305e-05
57,+3.39603500E-05,1559367824.2203333,0.00016707242059145672,4.8308591133004924e-05
58,+3.39937400E-05,1559367824.4286668,0.00016707328587075576,4.8308591133004924e-05
59,+3.39496700E-05,1559367824.637,0.000167074008762322,4.831166502463054e-05
60,+3.39677000E-05,1559367824.8453333,0.0001670734282584885,4.831538916256158e-05
61,+3.39576800E-05,1559367825.0536668,0.00016707357064622125,4.831422660098522e-05
62,+3.39463400E-05,1559367825.262,0.0001670744468784228,4.8309615763546795e-05
63,+3.39196200E-05,1559367825.4703333,0.00016707299014238775,4.831281773399014e-05
64,+3.38889000E-05,1559367825.6786668,0.00016707198247535598,4.8310384236453205e-05
65,+3.38895700E-05,1559367825.887,0.00016707270536692222,4.8308334975369456e-05
66,+3.39677000E-05,1559367826.0953333,0.00016707184008762322,4.831166502463054e-05
67,+3.38909100E-05,1559367826.3036668,0.000167073143483023,4.8310896551724134e-05
68,+3.38929000E-05,1559367826.512,0.00016707226725082148,4.831051231527093e-05
69,+3.38995800E-05,1559367826.7203333,0.00016707212486308872,4.8310640394088666e-05
70,+3.38394900E-05,1559367826.9286668,0.00016707487404162103,4.830769458128079e-05
71,+3.38648600E-05,1559367827.137,0.0001670742935377875,4.8308334975369456e-05
72,+3.38808800E-05,1559367827.3453333,0.00016707372398685653,4.8308334975369456e-05
73,+3.38822300E-05,1559367827.5536668,0.00016707372398685653,4.830987192118226e-05
74,+3.38314600E-05,1559367827.762,0.00016707284775465498,4.8309615763546795e-05
75,+3.39076000E-05,1559367831.362,0.00016707299014238775,4.830974384236453e-05
76,+3.38461500E-05,1559367831.5703332,0.00016707184008762322,4.8307310344827585e-05
77,+3.37753600E-05,1559367831.7786667,0.00016707299014238775,4.8308334975369456e-05
78,+3.38368000E-05,1559367831.987,0.00016707184008762322,4.830884729064039e-05
79,+3.38361400E-05,1559367832.1953332,0.00016707184008762322,4.830718226600985e-05
80,+3.37853900E-05,1559367832.4036667,0.00016707067907995618,4.8310640394088666e-05
81,+3.37994100E-05,1559367832.612,0.00016707299014238775,4.830884729064039e-05
82,+3.38848800E-05,1559367832.8203332,0.00016707270536692222,4.8308078817733995e-05
83,+3.38087600E-05,1559367833.0286667,0.0001670725629791895,4.831449261083744e-05
84,+3.37954000E-05,1559367833.237,0.00016707458926615553,4.8303980295566505e-05
85,+3.37713700E-05,1559367833.4453332,0.000167074008762322,4.830935960591133e-05
86,+3.39576900E-05,1559367833.6536667,0.00016707603504928807,4.830987192118226e-05
87,+3.38575100E-05,1559367833.862,0.00016707603504928807,4.8310896551724134e-05
88,+3.38040800E-05,1559367834.0703332,0.0001670755969331873,4.8310896551724134e-05
89,+3.38755400E-05,1559367834.2786667,0.0001670747316538883,4.83092315270936e-05
90,+3.38454900E-05,1559367834.487,0.00016707299014238775,4.830538916256158e-05
91,+3.38648600E-05,1559367834.6953332,0.0001670747316538883,4.8314620689655176e-05
92,+3.39062600E-05,1559367834.9036667,0.0001670747316538883,4.830718226600985e-05
93,+3.39576800E-05,1559367835.112,0.0001670750273822563,4.8308334975369456e-05
94,+3.39510100E-05,1559367835.3203332,0.0001670753121577218,4.8308591133004924e-05
95,+3.38802200E-05,1559367835.5286667,0.0001670758926615553,4.830884729064039e-05
96,+3.39450000E-05,1559367835.737,0.0001670755969331873,4.831025615763547e-05
97,+3.40017500E-05,1559367835.9453332,0.00016707690032858707,4.830935960591133e-05
98,+3.40104500E-05,1559367836.1536667,0.00016707864184008762,4.831128078817734e-05
99,+3.40097700E-05,1559367836.362,0.00016707372398685653,4.830795073891626e-05
100,+3.40839100E-05,1559367839.962,0.0001670747316538883,4.8306029556650247e-05
101,+3.40431700E-05,1559367840.1703331,0.00016707647316538884,4.831345812807882e-05
102,+3.41333200E-05,1559367840.3786666,0.00016707415115005476,4.8307310344827585e-05
103,+3.41146200E-05,1559367840.587,0.00016707386637458926,4.8312689655172415e-05
104,+3.41480200E-05,1559367840.7953331,0.0001670761774370208,4.830782266009852e-05
105,+3.41279800E-05,1559367841.0036666,0.00016707386637458926,4.830935960591133e-05
106,+3.41533600E-05,1559367841.212,0.00016707299014238775,4.831115270935961e-05
107,+3.40965800E-05,1559367841.4203331,0.00016707516976998904,4.831115270935961e-05
108,+3.41426700E-05,1559367841.6286666,0.0001670742935377875,4.8306285714285714e-05
109,+3.41894200E-05,1559367841.837,0.0001670750273822563,4.830743842364532e-05
110,+3.41413400E-05,1559367842.0453331,0.00016707603504928807,4.830782266009852e-05
111,+3.41740700E-05,1559367842.2536666,0.00016707633077765608,4.830871921182266e-05
112,+3.42862600E-05,1559367842.462,0.0001670755969331873,4.830987192118226e-05
113,+3.42021000E-05,1559367842.6703331,0.000167074008762322,4.8310640394088666e-05
114,+3.41346500E-05,1559367842.8786666,0.00016707415115005476,4.830718226600985e-05
115,+3.40785600E-05,1559367843.087,0.00016707386637458926,4.831012807881774e-05
116,+3.42602100E-05,1559367843.2953331,0.0001670747316538883,4.830718226600985e-05
117,+3.41319900E-05,1559367843.5036666,0.0001670755969331873,4.831012807881774e-05
118,+3.40712100E-05,1559367843.712,0.00016707328587075576,4.830871921182266e-05
119,+3.41460100E-05,1559367843.9203331,0.0001670753121577218,4.830820689655172e-05
120,+3.41126200E-05,1559367844.1286666,0.0001670758926615553,4.8310640394088666e-05
121,+3.40932500E-05,1559367844.337,0.0001670771960569551,4.8305004926108376e-05
122,+3.41339900E-05,1559367844.5453331,0.0001670771960569551,4.830846305418719e-05
123,+3.41139600E-05,1559367844.7536666,0.00016707603504928807,4.830987192118226e-05
124,+3.41446700E-05,1559367844.962,0.0001670742935377875,4.830769458128079e-05
125,+3.40551900E-05,1559367848.562,0.00016707762322015334,4.831115270935961e-05
126,+3.40692200E-05,1559367848.7703333,0.0001670767579408543,4.83092315270936e-05
127,+3.40551900E-05,1559367848.9786668,0.00016707415115005476,4.8311024630541874e-05
128,+3.40986000E-05,1559367849.187,0.0001670761774370208,4.8305901477832506e-05
129,+3.41146200E-05,1559367849.3953333,0.0001670750273822563,4.8309103448275866e-05
130,+3.40545200E-05,1559367849.6036668,0.0001670753121577218,4.831012807881774e-05
131,+3.40571800E-05,1559367849.812,0.0001670744468784228,4.830948768472906e-05
132,+3.40551900E-05,1559367850.0203333,0.0001670758926615553,4.8310384236453205e-05
133,+3.41046100E-05,1559367850.2286668,0.0001670753121577218,4.830846305418719e-05
134,+3.40658800E-05,1559367850.437,0.00016707545454545453,4.830846305418719e-05
135,+3.40832300E-05,1559367850.6453333,0.00016707487404162103,4.830782266009852e-05
136,+3.40732200E-05,1559367850.8536668,0.00016707487404162103,4.830948768472906e-05
137,+3.40438300E-05,1559367851.062,0.00016707458926615553,4.830935960591133e-05
138,+3.40752100E-05,1559367851.2703333,0.000167074008762322,4.830987192118226e-05
139,+3.41219600E-05,1559367851.4786668,0.00016707284775465498,4.830846305418719e-05
140,+3.40985900E-05,1559367851.687,0.00016707299014238775,4.8310384236453205e-05
141,+3.40024300E-05,1559367851.8953333,0.000167074008762322,4.831e-05
142,+3.41426700E-05,1559367852.1036668,0.0001670744468784228,4.830846305418719e-05
143,+3.40144500E-05,1559367852.312,0.00016707226725082148,4.8308334975369456e-05
144,+3.40191100E-05,1559367852.5203333,0.00016707169769989048,4.830820689655172e-05
145,+3.39897400E-05,1559367852.7286668,0.00016707184008762322,4.830846305418719e-05
146,+3.41393300E-05,1559367852.937,0.00016707212486308872,4.83092315270936e-05
147,+3.39910700E-05,1559367853.1453333,0.00016707299014238775,4.830743842364532e-05
148,+3.39269700E-05,1559367853.3536668,0.0001670725629791895,4.8308591133004924e-05
149,+3.39817300E-05,1559367853.562,0.00016707415115005476,4.830884729064039e-05
150,+3.41580200E-05,1559367857.162,0.000167073143483023,4.8312049261083745e-05
151,+3.40718900E-05,1559367857.3703332,0.00016707357064622125,4.8305645320197045e-05
152,+3.41126200E-05,1559367857.5786667,0.0001670742935377875,4.8308334975369456e-05
153,+3.42555300E-05,1559367857.787,0.00016707357064622125,4.830705418719212e-05
154,+3.40986000E-05,1559367857.9953332,0.00016707415115005476,4.831577339901478e-05
155,+3.40157800E-05,1559367858.2036667,0.0001670758926615553,4.830756650246305e-05
156,+3.41132800E-05,1559367858.412,0.00016707545454545453,4.8309615763546795e-05
157,+3.40652000E-05,1559367858.6203332,0.00016707545454545453,4.8306285714285714e-05
158,+3.40752100E-05,1559367858.8286667,0.00016707458926615553,4.830935960591133e-05
159,+3.40612000E-05,1559367859.037,0.000167074008762322,4.830782266009852e-05
160,+3.40318100E-05,1559367859.2453332,0.0001670758926615553,4.8305645320197045e-05
161,+3.40852400E-05,1559367859.4536667,0.000167074008762322,4.83092315270936e-05
162,+3.40925900E-05,1559367859.662,0.0001670747316538883,4.830782266009852e-05
163,+3.40685500E-05,1559367859.8703332,0.00016707733844468784,4.830935960591133e-05
164,+3.41092800E-05,1559367860.0786667,0.00016707705366922235,4.830820689655172e-05
165,+3.41433300E-05,1559367860.287,0.0001670767579408543,4.8306029556650247e-05
166,+3.40912500E-05,1559367860.4953332,0.0001670758926615553,4.830743842364532e-05
167,+3.41279700E-05,1559367860.7036667,0.0001670758926615553,4.830705418719212e-05
168,+3.41132900E-05,1559367860.912,0.00016707328587075576,4.8307310344827585e-05
169,+3.41647100E-05,1559367861.1203332,0.0001670753121577218,4.8306029556650247e-05
170,+3.41179600E-05,1559367861.3286667,0.00016707386637458926,4.830218719211823e-05
171,+3.42034500E-05,1559367861.537,0.0001670753121577218,4.8303980295566505e-05
172,+3.43096300E-05,1559367861.7453332,0.0001670753121577218,4.830372413793103e-05
173,+3.41693900E-05,1559367861.9536667,0.00016707545454545453,4.830782266009852e-05
174,+3.41540200E-05,1559367862.162,0.000167074008762322,4.831012807881774e-05
175,+3.40999200E-05,1559367865.762,0.00016707575027382254,4.830884729064039e-05
176,+3.41787400E-05,1559367865.9703333,0.00016707545454545453,4.830884729064039e-05
177,+3.40485100E-05,1559367866.1786668,0.00016707575027382254,4.8313970443349747e-05
178,+3.41012600E-05,1559367866.387,0.000167074008762322,4.830705418719212e-05
179,+3.41867500E-05,1559367866.5953333,0.00016707516976998904,4.8304364532019706e-05
180,+3.41012600E-05,1559367866.8036668,0.0001670755969331873,4.831128078817734e-05
181,+3.40304700E-05,1559367867.012,0.0001670744468784228,4.831115270935961e-05
182,+3.40398300E-05,1559367867.2203333,0.0001670761774370208,4.8308078817733995e-05
183,+3.41673700E-05,1559367867.4286668,0.0001670755969331873,4.830679802955665e-05
184,+3.40545200E-05,1559367867.637,0.0001670750273822563,4.830641379310345e-05
185,+3.39383200E-05,1559367867.8453333,0.00016707415115005476,4.8310896551724134e-05
186,+3.40191100E-05,1559367868.0536668,0.00016707415115005476,4.830654187192118e-05
187,+3.39890600E-05,1559367868.262,0.00016707386637458926,4.830987192118226e-05
188,+3.39523500E-05,1559367868.4703333,0.00016707386637458926,4.830871921182266e-05
189,+3.39289600E-05,1559367868.6786668,0.0001670761774370208,4.830372413793103e-05
190,+3.38975800E-05,1559367868.887,0.00016707516976998904,4.830679802955665e-05
191,+3.39463300E-05,1559367869.0953333,0.00016707487404162103,4.830679802955665e-05
192,+3.39383200E-05,1559367869.3036668,0.00016707603504928807,4.830410837438424e-05
193,+3.38929100E-05,1559367869.512,0.00016707633077765608,4.8300266009852216e-05
194,+3.39409800E-05,1559367869.7203333,0.00016707545454545453,4.830705418719212e-05
195,+3.39970900E-05,1559367869.9286668,0.00016707372398685653,4.831179310344827e-05
196,+3.39082600E-05,1559367870.137,0.00016707545454545453,4.830897536945813e-05
197,+3.39149500E-05,1559367870.3453333,0.00016707545454545453,4.830654187192118e-05
198,+3.40244700E-05,1559367870.5536668,0.00016707603504928807,4.8304620689655174e-05
199,+3.39837300E-05,1559367870.762,0.00016707545454545453,4.830705418719212e-05
200,+3.40605200E-05,1559367874.361,0.00016707284775465498,4.8306285714285714e-05
201,+3.40384900E-05,1559367874.5693333,0.00016707372398685653,4.8309103448275866e-05
202,+3.40825700E-05,1559367874.7776668,0.00016707458926615553,4.831115270935961e-05
203,+3.40231300E-05,1559367874.986,0.00016707603504928807,4.8309103448275866e-05
204,+3.39803900E-05,1559367875.1943333,0.0001670774808324206,4.8307310344827585e-05
205,+3.40091000E-05,1559367875.4026668,0.00016707733844468784,4.830577339901478e-05
206,+3.41186300E-05,1559367875.611,0.00016707733844468784,4.830756650246305e-05
207,+3.40298100E-05,1559367875.8193333,0.0001670761774370208,4.8308078817733995e-05
208,+3.41186300E-05,1559367876.0276668,0.0001670753121577218,4.830372413793103e-05
209,+3.42201400E-05,1559367876.236,0.0001670744468784228,4.830423645320197e-05
210,+3.41754000E-05,1559367876.4443333,0.0001670744468784228,4.8309615763546795e-05
211,+3.40732200E-05,1559367876.6526668,0.00016707372398685653,4.830654187192118e-05
212,+3.41446700E-05,1559367876.861,0.0001670747316538883,4.830679802955665e-05
213,+3.42094600E-05,1559367877.0693333,0.0001670747316538883,4.8303980295566505e-05
214,+3.41867500E-05,1559367877.2776668,0.0001670747316538883,4.8306029556650247e-05
215,+3.42248100E-05,1559367877.486,0.00016707762322015334,4.831012807881774e-05
216,+3.41960900E-05,1559367877.6943333,0.00016707922234392115,4.830526108374384e-05
217,+3.41560300E-05,1559367877.9026668,0.00016707966046002192,4.830679802955665e-05
218,+3.41607000E-05,1559367878.111,0.00016707849945235486,4.830039408866995e-05
219,+3.42288200E-05,1559367878.3193333,0.00016707878422782038,4.830372413793103e-05
220,+3.41546900E-05,1559367878.5276668,0.0001670790799561884,4.8305645320197045e-05
221,+3.42735600E-05,1559367878.736,0.00016707820372398685,4.8303339901477835e-05
222,+3.42642200E-05,1559367878.9443333,0.00016707762322015334,4.830538916256158e-05
223,+3.42608700E-05,1559367879.1526668,0.00016707733844468784,4.83107684729064e-05
224,+3.42622100E-05,1559367879.361,0.00016707733844468784,4.830641379310345e-05
225,+3.42448400E-05,1559367882.962,0.0001670767579408543,4.8310896551724134e-05
226,+3.41834100E-05,1559367883.1703331,0.0001670761774370208,4.830756650246305e-05
227,+3.41900900E-05,1559367883.3786666,0.0001670767579408543,4.830743842364532e-05
228,+3.41486900E-05,1559367883.587,0.0001670747316538883,4.830282758620689e-05
229,+3.41526900E-05,1559367883.7953331,0.00016707647316538884,4.830884729064039e-05
230,+3.41406700E-05,1559367884.0036666,0.0001670744468784228,4.830705418719212e-05
231,+3.41299800E-05,1559367884.212,0.0001670753121577218,4.830346798029557e-05
232,+3.41527000E-05,1559367884.4203331,0.00016707575027382254,4.830718226600985e-05
233,+3.40885800E-05,1559367884.6286666,0.00016707575027382254,4.830846305418719e-05
234,+3.41166300E-05,1559367884.837,0.00016707633077765608,4.830308374384237e-05
235,+3.40578500E-05,1559367885.0453331,0.0001670747316538883,4.830423645320197e-05
236,+3.41693800E-05,1559367885.2536666,0.000167074008762322,4.829885714285715e-05
237,+3.40531800E-05,1559367885.462,0.0001670755969331873,4.830551724137931e-05
238,+3.40899100E-05,1559367885.6703331,0.0001670750273822563,4.8305004926108376e-05
239,+3.41954300E-05,1559367885.8786666,0.0001670744468784228,4.830551724137931e-05
240,+3.40865700E-05,1559367886.087,0.00016707516976998904,4.8310384236453205e-05
241,+3.40311500E-05,1559367886.2953331,0.0001670744468784228,4.830167487684729e-05
242,+3.40144500E-05,1559367886.5036666,0.0001670744468784228,4.8305901477832506e-05
243,+3.40231200E-05,1559367886.712,0.0001670755969331873,4.830218719211823e-05
244,+3.40204600E-05,1559367886.9203331,0.0001670750273822563,4.830756650246305e-05
245,+3.40151200E-05,1559367887.1286666,0.0001670755969331873,4.830692610837439e-05
246,+3.40030900E-05,1559367887.337,0.00016707415115005476,4.8304876847290635e-05
247,+3.40077700E-05,1559367887.5453331,0.0001670755969331873,4.8306669950738916e-05
248,+3.39663700E-05,1559367887.7536666,0.00016707415115005476,4.8301034482758626e-05
249,+3.39583500E-05,1559367887.962,0.0001670755969331873,4.830718226600985e-05
250,+3.40585300E-05,1559367891.562,0.00016707835706462212,4.8302059113300497e-05
251,+3.39863900E-05,1559367891.7703333,0.00016707661555312157,4.8312049261083745e-05
252,+3.38962400E-05,1559367891.9786668,0.00016707545454545453,4.830756650246305e-05
253,+3.39263000E-05,1559367892.187,0.00016707458926615553,4.8303980295566505e-05
254,+3.38895700E-05,1559367892.3953333,0.0001670755969331873,4.830551724137931e-05
255,+3.38915700E-05,1559367892.6036668,0.000167074008762322,4.830935960591133e-05
256,+3.39076000E-05,1559367892.812,0.00016707690032858707,4.830449261083744e-05
257,+3.39035800E-05,1559367893.0203333,0.0001670750273822563,4.829975369458128e-05
258,+3.38715200E-05,1559367893.2286668,0.0001670755969331873,4.8302955665024634e-05
259,+3.38828800E-05,1559367893.437,0.00016707487404162103,4.8302955665024634e-05
260,+3.38334700E-05,1559367893.6453333,0.00016707386637458926,4.8306285714285714e-05
261,+3.38675300E-05,1559367893.8536668,0.00016707328587075576,4.830551724137931e-05
262,+3.39323000E-05,1559367894.062,0.0001670761774370208,4.8303339901477835e-05
263,+3.38788700E-05,1559367894.2703333,0.00016707633077765608,4.830615763546798e-05
264,+3.38688600E-05,1559367894.4786668,0.00016707603504928807,4.8303852216748764e-05
265,+3.39336300E-05,1559367894.687,0.00016707690032858707,4.8299241379310345e-05
266,+3.39890800E-05,1559367894.8953333,0.00016707661555312157,4.8302955665024634e-05
267,+3.38808900E-05,1559367895.1036668,0.00016707835706462212,4.830269950738916e-05
268,+3.38842200E-05,1559367895.312,0.00016707966046002192,4.830526108374384e-05
269,+3.40164600E-05,1559367895.5203333,0.00016707820372398685,4.83032118226601e-05
270,+3.39376500E-05,1559367895.7286668,0.00016707791894852135,4.83047487684729e-05
271,+3.39890800E-05,1559367895.937,0.00016707647316538884,4.829975369458128e-05
272,+3.39129300E-05,1559367896.1453333,0.00016707733844468784,4.8306029556650247e-05
273,+3.39096000E-05,1559367896.3536668,0.0001670771960569551,4.8301546798029554e-05
274,+3.39262900E-05,1559367896.562,0.00016707633077765608,4.8302571428571425e-05
275,+3.39116100E-05,1559367900.162,0.00016707603504928807,4.8307310344827585e-05
276,+3.40211300E-05,1559367900.3703332,0.0001670771960569551,4.8305645320197045e-05
277,+3.39035900E-05,1559367900.5786667,0.00016707575027382254,4.830244334975369e-05
278,+3.38788700E-05,1559367900.787,0.0001670771960569551,4.8303980295566505e-05
279,+3.38348000E-05,1559367900.9953332,0.00016707733844468784,4.830538916256158e-05
280,+3.39723800E-05,1559367901.2036667,0.00016707820372398685,4.831358620689655e-05
281,+3.38174300E-05,1559367901.412,0.00016707791894852135,4.830193103448276e-05
282,+3.38027400E-05,1559367901.6203332,0.00016707762322015334,4.830577339901478e-05
283,+3.38788700E-05,1559367901.8286667,0.0001670767579408543,4.8302955665024634e-05
284,+3.37740400E-05,1559367902.037,0.0001670761774370208,4.830513300492611e-05
285,+3.37914000E-05,1559367902.2453332,0.0001670771960569551,4.830039408866995e-05
286,+3.38147700E-05,1559367902.4536667,0.00016707633077765608,4.830551724137931e-05
287,+3.37853900E-05,1559367902.662,0.00016707545454545453,4.8302955665024634e-05
288,+3.37573300E-05,1559367902.8703332,0.00016707516976998904,4.829706403940887e-05
289,+3.37920600E-05,1559367903.0786667,0.00016707487404162103,4.8302571428571425e-05
290,+3.37934100E-05,1559367903.287,0.0001670747316538883,4.8302955665024634e-05
291,+3.38254500E-05,1559367903.4953332,0.0001670761774370208,4.8304876847290635e-05
292,+3.38080800E-05,1559367903.7036667,0.0001670758926615553,4.8298600985221675e-05
293,+3.38454900E-05,1559367903.912,0.00016707705366922235,4.8306029556650247e-05
294,+3.38515000E-05,1559367904.1203332,0.0001670767579408543,4.830615763546798e-05
295,+3.39249600E-05,1559367904.3286667,0.00016707603504928807,4.829988177339902e-05
296,+3.39570100E-05,1559367904.537,0.00016707575027382254,4.830282758620689e-05
297,+3.39055900E-05,1559367904.7453332,0.00016707575027382254,4.830423645320197e-05
298,+3.38989100E-05,1559367904.9536667,0.00016707647316538884,4.830513300492611e-05
299,+3.39904100E-05,1559367905.162,0.00016707633077765608,4.830141871921182e-05
300,+3.38955800E-05,1559367908.761,0.0001670750273822563,4.830679802955665e-05
301,+3.39369800E-05,1559367908.9693332,0.00016707516976998904,4.8305901477832506e-05
302,+3.39363200E-05,1559367909.1776667,0.00016707575027382254,4.830410837438424e-05
303,+3.39476700E-05,1559367909.386,0.0001670771960569551,4.8304364532019706e-05
304,+3.39550000E-05,1559367909.5943332,0.0001670771960569551,4.8302955665024634e-05
305,+3.38835600E-05,1559367909.8026667,0.0001670780613362541,4.8305004926108376e-05
306,+3.40231300E-05,1559367910.011,0.0001670774808324206,4.830526108374384e-05
307,+3.39309700E-05,1559367910.2193332,0.00016707690032858707,4.830346798029557e-05
308,+3.39282900E-05,1559367910.4276667,0.00016707603504928807,4.8303852216748764e-05
309,+3.38635200E-05,1559367910.636,0.00016707633077765608,4.830423645320197e-05
310,+3.40471700E-05,1559367910.8443332,0.0001670758926615553,4.8301290640394087e-05
311,+3.39550000E-05,1559367911.0526667,0.00016707647316538884,4.830449261083744e-05
312,+3.39316400E-05,1559367911.261,0.00016707603504928807,4.830218719211823e-05
313,+3.39329800E-05,1559367911.4693332,0.00016707733844468784,4.83032118226601e-05
314,+3.38688600E-05,1559367911.6776667,0.0001670767579408543,4.8304364532019706e-05
315,+3.38975800E-05,1559367911.886,0.00016707386637458926,4.830705418719212e-05
316,+3.39249700E-05,1559367912.0943332,0.0001670761774370208,4.830269950738916e-05
317,+3.39182800E-05,1559367912.3026667,0.0001670767579408543,4.8306669950738916e-05
318,+3.39349700E-05,1559367912.511,0.0001670744468784228,4.830218719211823e-05
319,+3.38802100E-05,1559367912.7193332,0.00016707357064622125,4.830654187192118e-05
320,+3.39102700E-05,1559367912.9276667,0.00016707242059145672,4.8304620689655174e-05
321,+3.38949100E-05,1559367913.136,0.0001670744468784228,4.830116256157636e-05
322,+3.39349700E-05,1559367913.3443332,0.0001670755969331873,4.8307310344827585e-05
323,+3.38835600E-05,1559367913.5526667,0.00016707633077765608,4.830846305418719e-05
324,+3.38949100E-05,1559367913.761,0.00016707661555312157,4.83032118226601e-05
325,+3.39703800E-05,1559367917.362,0.0001670767579408543,4.8308334975369456e-05
326,+3.39616900E-05,1559367917.5703332,0.00016707762322015334,4.830654187192118e-05
327,+3.39483200E-05,1559367917.7786667,0.00016707820372398685,4.830692610837439e-05
328,+3.39396500E-05,1559367917.987,0.00016707791894852135,4.830526108374384e-05
329,+3.39563400E-05,1559367918.1953332,0.0001670755969331873,4.830449261083744e-05
330,+3.39309700E-05,1559367918.4036667,0.00016707415115005476,4.8303980295566505e-05
331,+3.39002400E-05,1559367918.612,0.0001670755969331873,4.8306285714285714e-05
332,+3.39209600E-05,1559367918.8203332,0.0001670755969331873,4.830897536945813e-05
333,+3.39844000E-05,1559367919.0286667,0.00016707603504928807,4.8301290640394087e-05
334,+3.39076000E-05,1559367919.237,0.00016707647316538884,4.8304620689655174e-05
335,+3.39396500E-05,1559367919.4453332,0.00016707777656078861,4.8302955665024634e-05
336,+3.41199600E-05,1559367919.6536667,0.00016707647316538884,4.830218719211823e-05
337,+3.40191300E-05,1559367919.862,0.0001670774808324206,4.8301034482758626e-05
338,+3.40077800E-05,1559367920.0703332,0.0001670761774370208,4.83032118226601e-05
339,+3.40231200E-05,1559367920.2786667,0.00016707661555312157,4.8302955665024634e-05
340,+3.40358200E-05,1559367920.487,0.00016707603504928807,4.830116256157636e-05
341,+3.39717100E-05,1559367920.6953332,0.00016707458926615553,4.830346798029557e-05
342,+3.39496700E-05,1559367920.9036667,0.00016707545454545453,4.8301034482758626e-05
343,+3.39623500E-05,1559367921.112,0.00016707545454545453,4.83047487684729e-05
344,+3.38995800E-05,1559367921.3203332,0.00016707545454545453,4.8305901477832506e-05
345,+3.39256400E-05,1559367921.5286667,0.00016707545454545453,4.8305645320197045e-05
346,+3.39757100E-05,1559367921.737,0.00016707545454545453,4.830269950738916e-05
347,+3.39823900E-05,1559367921.9453332,0.0001670771960569551,4.830308374384237e-05
348,+3.39109300E-05,1559367922.1536667,0.00016707487404162103,4.8306029556650247e-05
349,+3.39249500E-05,1559367922.362,0.0001670734282584885,4.8302315270935964e-05
350,+3.38381500E-05,1559367925.962,0.00016707603504928807,4.830372413793103e-05
351,+3.38601800E-05,1559367926.1703331,0.00016707545454545453,4.830526108374384e-05
352,+3.38087500E-05,1559367926.3786666,0.00016707516976998904,4.830756650246305e-05
353,+3.38795500E-05,1559367926.587,0.00016707545454545453,4.8302315270935964e-05
354,+3.38060900E-05,1559367926.7953331,0.00016707545454545453,4.830346798029557e-05
355,+3.38288000E-05,1559367927.0036666,0.0001670747316538883,4.830141871921182e-05
356,+3.37600000E-05,1559367927.212,0.0001670761774370208,4.8302955665024634e-05
357,+3.37894000E-05,1559367927.4203331,0.0001670755969331873,4.830346798029557e-05
358,+3.38194500E-05,1559367927.6286666,0.0001670753121577218,4.830346798029557e-05
359,+3.38461500E-05,1559367927.837,0.0001670747316538883,4.830551724137931e-05
360,+3.37780300E-05,1559367928.0453331,0.00016707415115005476,4.830346798029557e-05
361,+3.38101000E-05,1559367928.2536666,0.00016707661555312157,4.8305004926108376e-05
362,+3.38114400E-05,1559367928.462,0.0001670750273822563,4.830897536945813e-05
363,+3.38394900E-05,1559367928.6703331,0.00016707357064622125,4.8305004926108376e-05
364,+3.38034200E-05,1559367928.8786666,0.0001670742935377875,4.8302955665024634e-05
365,+3.37333000E-05,1559367929.087,0.00016707575027382254,4.830346798029557e-05
366,+3.39697000E-05,1559367929.2953331,0.000167074008762322,4.8303980295566505e-05
367,+3.39022500E-05,1559367929.5036666,0.00016707545454545453,4.8302955665024634e-05
368,+3.39042600E-05,1559367929.712,0.00016707575027382254,4.830244334975369e-05
369,+3.39109300E-05,1559367929.9203331,0.0001670755969331873,4.830974384236453e-05
370,+3.39636900E-05,1559367930.1286666,0.00016707603504928807,4.8301290640394087e-05
371,+3.39256300E-05,1559367930.337,0.0001670755969331873,4.8302955665024634e-05
372,+3.39169400E-05,1559367930.5453331,0.0001670747316538883,4.8302315270935964e-05
373,+3.39690400E-05,1559367930.7536666,0.00016707357064622125,4.8301290640394087e-05
374,+3.39022500E-05,1559367930.962,0.0001670742935377875,4.830820689655172e-05
375,+3.39316400E-05,1559367934.562,0.00016707184008762322,4.8303596059113296e-05
376,+3.39189500E-05,1559367934.7703333,0.00016707386637458926,4.830410837438424e-05
377,+3.40999300E-05,1559367934.9786668,0.00016707545454545453,4.8300009852216755e-05
378,+3.39409800E-05,1559367935.187,0.00016707372398685653,4.8302315270935964e-05
379,+3.39336300E-05,1559367935.3953333,0.0001670758926615553,4.830013793103448e-05
380,+3.39056000E-05,1559367935.6036668,0.00016707458926615553,4.829988177339902e-05
381,+3.39429900E-05,1559367935.812,0.00016707284775465498,4.830346798029557e-05
382,+3.39176200E-05,1559367936.0203333,0.00016707516976998904,4.830372413793103e-05
383,+3.39263000E-05,1559367936.2286668,0.000167074008762322,4.830269950738916e-05
384,+3.39543500E-05,1559367936.437,0.00016707690032858707,4.8303596059113296e-05
385,+3.39256300E-05,1559367936.6453333,0.00016707603504928807,4.830013793103448e-05
386,+3.39510100E-05,1559367936.8536668,0.00016707357064622125,4.830244334975369e-05
387,+3.39389900E-05,1559367937.062,0.00016707270536692222,4.8301546798029554e-05
388,+3.39249600E-05,1559367937.2703333,0.00016707328587075576,4.830218719211823e-05
389,+3.39363200E-05,1559367937.4786668,0.00016707415115005476,4.8302955665024634e-05
390,+3.39202800E-05,1559367937.687,0.00016707184008762322,4.830141871921182e-05
391,+3.39156100E-05,1559367937.8953333,0.00016707270536692222,4.8303980295566505e-05
392,+3.39483400E-05,1559367938.1036668,0.000167073143483023,4.830372413793103e-05
393,+3.39556800E-05,1559367938.312,0.0001670742935377875,4.830705418719212e-05
394,+3.38521600E-05,1559367938.5203333,0.0001670755969331873,4.830641379310345e-05
395,+3.39169400E-05,1559367938.7286668,0.00016707647316538884,4.8296039408867e-05
396,+3.40124400E-05,1559367938.937,0.00016707791894852135,4.830167487684729e-05
397,+3.38955800E-05,1559367939.1453333,0.00016707647316538884,4.8301034482758626e-05
398,+3.38060900E-05,1559367939.3536668,0.0001670774808324206,4.83032118226601e-05
399,+3.38388100E-05,1559367939.562,0.00016707733844468784,4.830410837438424e-05
400,+3.38535100E-05,1559367943.162,0.0001670790799561884,4.830193103448276e-05
401,+3.38100900E-05,1559367943.3703332,0.00016707950711938662,4.8299625615763546e-05
402,+3.38521600E-05,1559367943.5786667,0.0001670780613362541,4.830372413793103e-05
403,+3.39763900E-05,1559367943.787,0.00016707777656078861,4.8302571428571425e-05
404,+3.38241200E-05,1559367943.9953332,0.0001670793647316539,4.830065024630542e-05
405,+3.37693500E-05,1559367944.2036667,0.0001670761774370208,4.8302571428571425e-05
406,+3.39056000E-05,1559367944.412,0.0001670761774370208,4.830513300492611e-05
407,+3.39369900E-05,1559367944.6203332,0.00016707705366922235,4.830705418719212e-05
408,+3.38708700E-05,1559367944.8286667,0.00016707791894852135,4.8302955665024634e-05
409,+3.39082600E-05,1559367945.037,0.00016707791894852135,4.8304364532019706e-05
410,+3.38541600E-05,1559367945.2453332,0.00016707777656078861,4.830282758620689e-05
411,+3.38581700E-05,1559367945.4536667,0.0001670780613362541,4.8302571428571425e-05
412,+3.38875700E-05,1559367945.662,0.00016707849945235486,4.830116256157636e-05
413,+3.38909100E-05,1559367945.8703332,0.0001670761774370208,4.8302315270935964e-05
414,+3.39189500E-05,1559367946.0786667,0.00016707603504928807,4.830141871921182e-05
415,+3.39496700E-05,1559367946.287,0.0001670758926615553,4.830090640394089e-05
416,+3.38889000E-05,1559367946.4953332,0.00016707545454545453,4.830167487684729e-05
417,+3.39683600E-05,1559367946.7036667,0.0001670747316538883,4.830116256157636e-05
418,+3.39283100E-05,1559367946.912,0.0001670747316538883,4.8303596059113296e-05
419,+3.39930800E-05,1559367947.1203332,0.00016707849945235486,4.830346798029557e-05
420,+3.39536800E-05,1559367947.3286667,0.00016707733844468784,4.830090640394089e-05
421,+3.38688600E-05,1559367947.537,0.00016707705366922235,4.8298216748768474e-05
422,+3.40298200E-05,1559367947.7453332,0.00016707762322015334,4.8302059113300497e-05
423,+3.39550100E-05,1559367947.9536667,0.0001670771960569551,4.830269950738916e-05
424,+3.39376500E-05,1559367948.162,0.00016707603504928807,4.830718226600985e-05
425,+3.39242800E-05,1559367951.762,0.0001670761774370208,4.830090640394089e-05
426,+3.40571900E-05,1559367951.9703333,0.00016707690032858707,4.830141871921182e-05
427,+3.39710300E-05,1559367952.1786668,0.0001670771960569551,4.8303852216748764e-05
428,+3.38982500E-05,1559367952.387,0.00016707690032858707,4.830167487684729e-05
429,+3.40451800E-05,1559367952.5953333,0.00016707633077765608,4.8303852216748764e-05
430,+3.39269600E-05,1559367952.8036668,0.00016707733844468784,4.830372413793103e-05
431,+3.39349700E-05,1559367953.012,0.00016707705366922235,4.830346798029557e-05
432,+3.39783700E-05,1559367953.2203333,0.00016707647316538884,4.8300266009852216e-05
433,+3.40458400E-05,1559367953.4286668,0.00016707733844468784,4.830193103448276e-05
434,+3.39530000E-05,1559367953.637,0.00016707647316538884,4.829885714285715e-05
435,+3.39409900E-05,1559367953.8453333,0.0001670767579408543,4.830013793103448e-05
436,+3.39262900E-05,1559367954.0536668,0.0001670774808324206,4.8301290640394087e-05
437,+3.38822200E-05,1559367954.262,0.00016707603504928807,4.830423645320197e-05
438,+3.39336300E-05,1559367954.4703333,0.00016707487404162103,4.8301034482758626e-05
439,+3.39009200E-05,1559367954.6786668,0.00016707575027382254,4.8301546798029554e-05
440,+3.39136100E-05,1559367954.887,0.00016707633077765608,4.830039408866995e-05
441,+3.40164400E-05,1559367955.0953333,0.00016707647316538884,4.830141871921182e-05
442,+3.39750500E-05,1559367955.3036668,0.00016707705366922235,4.8298216748768474e-05
443,+3.40264700E-05,1559367955.512,0.00016707849945235486,4.830039408866995e-05
444,+3.40425000E-05,1559367955.7203333,0.00016707762322015334,4.8302059113300497e-05
445,+3.40725400E-05,1559367955.9286668,0.00016707647316538884,4.830372413793103e-05
446,+3.40498500E-05,1559367956.137,0.00016707820372398685,4.8297576354679804e-05
447,+3.40358200E-05,1559367956.3453333,0.00016707647316538884,4.829834482758621e-05
448,+3.41673800E-05,1559367956.5536668,0.00016707705366922235,4.830039408866995e-05
449,+3.40912400E-05,1559367956.762,0.00016707575027382254,4.830039408866995e-05
450,+3.40865700E-05,1559367960.362,0.000167074008762322,4.830065024630542e-05
451,+3.40725400E-05,1559367960.5703332,0.0001670750273822563,4.830577339901478e-05
452,+3.40972600E-05,1559367960.7786667,0.00016707545454545453,4.8301290640394087e-05
453,+3.40217900E-05,1559367960.987,0.0001670744468784228,4.830013793103448e-05
454,+3.40845600E-05,1559367961.1953332,0.0001670767579408543,4.829898522167487e-05
455,+3.41266400E-05,1559367961.4036667,0.0001670750273822563,4.829872906403941e-05
456,+3.41567000E-05,1559367961.612,0.0001670761774370208,4.8298600985221675e-05
457,+3.41072800E-05,1559367961.8203332,0.0001670753121577218,4.830449261083744e-05
458,+3.41573700E-05,1559367962.0286667,0.0001670750273822563,4.83032118226601e-05
459,+3.42822500E-05,1559367962.237,0.0001670750273822563,4.830372413793103e-05
460,+3.41326500E-05,1559367962.4453332,0.0001670744468784228,4.830308374384237e-05
461,+3.41213000E-05,1559367962.6536667,0.00016707575027382254,4.8302059113300497e-05
462,+3.41032700E-05,1559367962.862,0.00016707922234392115,4.830180295566502e-05
463,+3.41179600E-05,1559367963.0703332,0.00016707777656078861,4.8294246305418724e-05
464,+3.42007700E-05,1559367963.2786667,0.0001670774808324206,4.8298600985221675e-05
465,+3.40832400E-05,1559367963.487,0.00016707762322015334,4.830141871921182e-05
466,+3.40972500E-05,1559367963.6953332,0.00016707733844468784,4.8299625615763546e-05
467,+3.41166300E-05,1559367963.9036667,0.0001670758926615553,4.83032118226601e-05
468,+3.40518500E-05,1559367964.112,0.0001670742935377875,4.8295270935960595e-05
469,+3.41039300E-05,1559367964.3203332,0.00016707516976998904,4.830090640394089e-05
470,+3.40418300E-05,1559367964.5286667,0.0001670753121577218,4.8298600985221675e-05
471,+3.40939200E-05,1559367964.737,0.00016707415115005476,4.8293990147783256e-05
472,+3.40718900E-05,1559367964.9453332,0.00016707690032858707,4.8294502463054185e-05
473,+3.40631900E-05,1559367965.1536667,0.00016707777656078861,4.8297832512315265e-05
474,+3.40224700E-05,1559367965.362,0.00016707777656078861,4.830244334975369e-05
475,+3.39523500E-05,1559367968.962,0.0001670767579408543,4.829911330049261e-05
476,+3.39503300E-05,1559367969.1703331,0.0001670758926615553,4.830244334975369e-05
477,+3.39436600E-05,1559367969.3786666,0.00016707733844468784,4.82964236453202e-05
478,+3.39817200E-05,1559367969.587,0.0001670758926615553,4.829911330049261e-05
479,+3.39970900E-05,1559367969.7953331,0.0001670744468784228,4.830218719211823e-05
480,+3.39082700E-05,1559367970.0036666,0.00016707386637458926,4.8296807881773394e-05
481,+3.39035800E-05,1559367970.212,0.000167074008762322,4.830039408866995e-05
482,+3.39243000E-05,1559367970.4203331,0.00016707458926615553,4.8302955665024634e-05
483,+3.39042600E-05,1559367970.6286666,0.00016707545454545453,4.829911330049261e-05
484,+3.39095900E-05,1559367970.837,0.00016707516976998904,4.830052216748768e-05
485,+3.39015900E-05,1559367971.0453331,0.0001670755969331873,4.830193103448276e-05
486,+3.39897400E-05,1559367971.2536666,0.00016707705366922235,4.830141871921182e-05
487,+3.38728600E-05,1559367971.462,0.0001670755969331873,4.829988177339902e-05
488,+3.38247800E-05,1559367971.6703331,0.0001670761774370208,4.829808866995074e-05
489,+3.40398200E-05,1559367971.8786666,0.00016707545454545453,4.829885714285715e-05
490,+3.38815500E-05,1559367972.087,0.0001670750273822563,4.830116256157636e-05
491,+3.38454900E-05,1559367972.2953331,0.0001670750273822563,4.830423645320197e-05
492,+3.38548300E-05,1559367972.5036666,0.00016707647316538884,4.830244334975369e-05
493,+3.38815500E-05,1559367972.712,0.0001670767579408543,4.830193103448276e-05
494,+3.38975800E-05,1559367972.9203331,0.00016707690032858707,4.830167487684729e-05
495,+3.38728600E-05,1559367973.1286666,0.00016707575027382254,4.830193103448276e-05
496,+3.38174500E-05,1559367973.337,0.00016707633077765608,4.830551724137931e-05
497,+3.38495000E-05,1559367973.5453331,0.0001670761774370208,4.830013793103448e-05
498,+3.38414700E-05,1559367973.7536666,0.0001670767579408543,4.8306285714285714e-05
499,+3.38708700E-05,1559367973.962,0.0001670747316538883,4.829565517241379e-05
500,+3.39082600E-05,1559367977.561,0.0001670767579408543,4.829988177339902e-05
501,+3.38287900E-05,1559367977.7693334,0.00016707733844468784,4.83032118226601e-05
502,+3.38174300E-05,1559367977.9776669,0.0001670753121577218,4.830065024630542e-05
503,+3.37753700E-05,1559367978.186,0.0001670747316538883,4.829949753694581e-05
504,+3.37853900E-05,1559367978.3943334,0.00016707647316538884,4.8300266009852216e-05
505,+3.37967300E-05,1559367978.6026669,0.0001670771960569551,4.8298600985221675e-05
506,+3.38127600E-05,1559367978.811,0.0001670780613362541,4.830116256157636e-05
507,+3.38394800E-05,1559367979.0193334,0.00016707820372398685,4.829936945812808e-05
508,+3.38822300E-05,1559367979.2276669,0.00016707791894852135,4.829514285714286e-05
509,+3.38555000E-05,1559367979.436,0.0001670767579408543,4.829898522167487e-05
510,+3.38401400E-05,1559367979.6443334,0.0001670767579408543,4.8302315270935964e-05
511,+3.38942300E-05,1559367979.8526669,0.0001670761774370208,4.829885714285715e-05
512,+3.39049200E-05,1559367980.061,0.00016707603504928807,4.830077832512315e-05
513,+3.38528300E-05,1559367980.2693334,0.00016707690032858707,4.82971921182266e-05
514,+3.38601700E-05,1559367980.4776669,0.00016707661555312157,4.8297960591133e-05
515,+3.40598600E-05,1559367980.686,0.00016707516976998904,4.829834482758621e-05
516,+3.39650200E-05,1559367980.8943334,0.0001670771960569551,4.829988177339902e-05
517,+3.39189500E-05,1559367981.1026669,0.00016707922234392115,4.8299625615763546e-05
518,+3.38888900E-05,1559367981.311,0.00016707878422782038,4.829501477832513e-05
519,+3.39884000E-05,1559367981.5193334,0.0001670767579408543,4.830116256157636e-05
520,+3.38955800E-05,1559367981.7276669,0.0001670758926615553,4.830346798029557e-05
521,+3.38895700E-05,1559367981.936,0.0001670761774370208,4.8297832512315265e-05
522,+3.38929000E-05,1559367982.1443334,0.00016707633077765608,4.829911330049261e-05
523,+3.39202900E-05,1559367982.3526669,0.000167074008762322,4.830090640394089e-05
524,+3.39616900E-05,1559367982.561,0.00016707575027382254,4.829501477832513e-05
525,+3.38862300E-05,1559367986.162,0.00016707633077765608,4.829706403940887e-05
526,+3.40378300E-05,1559367986.3703332,0.00016707603504928807,4.8303980295566505e-05
527,+3.39490000E-05,1559367986.5786667,0.00016707733844468784,4.829027586206897e-05
528,+3.39102700E-05,1559367986.787,0.00016707647316538884,4.8301034482758626e-05
529,+3.38969100E-05,1559367986.9953332,0.00016707705366922235,4.829770443349754e-05
530,+3.38722000E-05,1559367987.2036667,0.00016707733844468784,4.8304876847290635e-05
531,+3.39049300E-05,1559367987.412,0.00016707733844468784,4.8298216748768474e-05
532,+3.39169400E-05,1559367987.6203332,0.0001670744468784228,4.830244334975369e-05
533,+3.39035900E-05,1559367987.8286667,0.0001670750273822563,4.830013793103448e-05
534,+3.39363200E-05,1559367988.037,0.0001670742935377875,4.8298216748768474e-05
535,+3.39056000E-05,1559367988.2453332,0.000167074008762322,4.829808866995074e-05
536,+3.39236200E-05,1559367988.4536667,0.0001670753121577218,4.830308374384237e-05
537,+3.39082600E-05,1559367988.662,0.00016707487404162103,4.82964236453202e-05
538,+3.39423300E-05,1559367988.8703332,0.00016707777656078861,4.830065024630542e-05
539,+3.38788900E-05,1559367989.0786667,0.00016707633077765608,4.829693596059113e-05
540,+3.39269600E-05,1559367989.287,0.00016707690032858707,4.8296295566502466e-05
541,+3.39049200E-05,1559367989.4953332,0.00016707661555312157,4.829834482758621e-05
542,+3.39089400E-05,1559367989.7036667,0.00016707733844468784,4.830167487684729e-05
543,+3.39283000E-05,1559367989.912,0.00016707545454545453,4.830282758620689e-05
544,+3.38588500E-05,1559367990.1203332,0.00016707705366922235,4.829847290640394e-05
545,+3.39697000E-05,1559367990.3286667,0.00016707791894852135,4.829655172413793e-05
546,+3.39356500E-05,1559367990.537,0.00016707791894852135,4.8297576354679804e-05
547,+3.38982500E-05,1559367990.7453332,0.00016707733844468784,4.8298600985221675e-05
548,+3.38261100E-05,1559367990.9536667,0.0001670774808324206,4.829898522167487e-05
549,+3.39443200E-05,1559367991.162,0.0001670780613362541,4.8301290640394087e-05
550,+3.38354600E-05,1559367994.762,0.00016708023001095292,4.830180295566502e-05
551,+3.38221200E-05,1559367994.9703333,0.00016707791894852135,4.829872906403941e-05
552,+3.38454900E-05,1559367995.1786668,0.00016707733844468784,4.829270935960591e-05
553,+3.38321200E-05,1559367995.387,0.00016707892661555312,4.8302955665024634e-05
554,+3.38528400E-05,1559367995.5953333,0.00016707661555312157,4.8303980295566505e-05
555,+3.39002400E-05,1559367995.8036668,0.00016707603504928807,4.829988177339902e-05
556,+3.39590300E-05,1559367996.012,0.0001670761774370208,4.830282758620689e-05
557,+3.39176100E-05,1559367996.2203333,0.0001670767579408543,4.829936945812808e-05
558,+3.38842200E-05,1559367996.4286668,0.0001670755969331873,4.8296807881773394e-05
559,+3.38448200E-05,1559367996.637,0.0001670753121577218,4.830141871921182e-05
560,+3.38942300E-05,1559367996.8453333,0.00016707328587075576,4.829270935960591e-05
561,+3.38167700E-05,1559367997.0536668,0.00016707270536692222,4.829655172413793e-05
562,+3.37573300E-05,1559367997.262,0.00016707299014238775,4.8298600985221675e-05
563,+3.37873900E-05,1559367997.4703333,0.0001670761774370208,4.829847290640394e-05
564,+3.37339600E-05,1559367997.6786668,0.0001670750273822563,4.829655172413793e-05
565,+3.38181100E-05,1559367997.887,0.0001670767579408543,4.8297320197044337e-05
566,+3.37520000E-05,1559367998.0953333,0.00016707777656078861,4.829655172413793e-05
567,+3.37646700E-05,1559367998.3036668,0.0001670780613362541,4.829936945812808e-05
568,+3.37800400E-05,1559367998.512,0.00016707733844468784,4.829911330049261e-05
569,+3.37940700E-05,1559367998.7203333,0.00016707733844468784,4.8303339901477835e-05
570,+3.37753600E-05,1559367998.9286668,0.0001670767579408543,4.8297320197044337e-05
571,+3.38040800E-05,1559367999.137,0.00016707777656078861,4.8300009852216755e-05
572,+3.39156100E-05,1559367999.3453333,0.0001670755969331873,4.830065024630542e-05
573,+3.38675200E-05,1559367999.5536668,0.0001670750273822563,4.829885714285715e-05
574,+3.38735400E-05,1559367999.762,0.0001670750273822563,4.829808866995074e-05
575,+3.39289700E-05,1559368003.362,0.0001670758926615553,4.8296807881773394e-05
576,+3.39389800E-05,1559368003.5703332,0.00016707777656078861,4.829975369458128e-05
577,+3.39369700E-05,1559368003.7786667,0.0001670774808324206,4.829693596059113e-05
578,+3.39476600E-05,1559368003.987,0.00016707864184008762,4.82964236453202e-05
579,+3.39249600E-05,1559368004.1953332,0.00016707966046002192,4.829911330049261e-05
580,+3.39029200E-05,1559368004.4036667,0.00016707791894852135,4.830039408866995e-05
581,+3.39436600E-05,1559368004.612,0.00016707705366922235,4.8296807881773394e-05
582,+3.38661800E-05,1559368004.8203332,0.00016707647316538884,4.830116256157636e-05
583,+3.40004300E-05,1559368005.0286667,0.0001670758926615553,4.8298600985221675e-05
584,+3.39109300E-05,1559368005.237,0.00016707733844468784,4.830065024630542e-05
585,+3.39570100E-05,1559368005.4453332,0.00016707705366922235,4.830193103448276e-05
586,+3.40792300E-05,1559368005.6536667,0.00016707762322015334,4.830116256157636e-05
587,+3.39383100E-05,1559368005.862,0.00016707835706462212,4.830065024630542e-05
588,+3.39249600E-05,1559368006.0703332,0.00016707835706462212,4.829706403940887e-05
589,+3.39449900E-05,1559368006.2786667,0.0001670793647316539,4.8294502463054185e-05
590,+3.39363200E-05,1559368006.487,0.0001670790799561884,4.830218719211823e-05
591,+3.38982500E-05,1559368006.6953332,0.00016707950711938662,4.82964236453202e-05
592,+3.39329800E-05,1559368006.9036667,0.0001670793647316539,4.829706403940887e-05
593,+3.39202800E-05,1559368007.112,0.00016707762322015334,4.830013793103448e-05
594,+3.38862300E-05,1559368007.3203332,0.00016707690032858707,4.8299625615763546e-05
595,+3.39082600E-05,1559368007.5286667,0.00016707835706462212,4.829834482758621e-05
596,+3.39196200E-05,1559368007.737,0.0001670793647316539,4.830065024630542e-05
597,+3.39369700E-05,1559368007.9453332,0.00016707820372398685,4.830013793103448e-05
598,+3.39823900E-05,1559368008.1536667,0.00016708168674698797,4.829706403940887e-05
599,+3.39536800E-05,1559368008.362,0.0001670815334063527,4.830013793103448e-05
600,+3.39343200E-05,1559368011.962,0.00016707820372398685,4.830372413793103e-05
601,+3.39510100E-05,1559368012.1703331,0.00016707878422782038,4.8298600985221675e-05
602,+3.39035800E-05,1559368012.3786666,0.00016707966046002192,4.829911330049261e-05
603,+3.39376500E-05,1559368012.587,0.0001670790799561884,4.830577339901478e-05
604,+3.40124400E-05,1559368012.7953331,0.00016707878422782038,4.830013793103448e-05
605,+3.40171200E-05,1559368013.0036666,0.00016707849945235486,4.8302315270935964e-05
606,+3.39570200E-05,1559368013.212,0.00016707994523548742,4.829667980295566e-05
607,+3.39623600E-05,1559368013.4203331,0.00016707849945235486,4.8299625615763546e-05
608,+3.39990800E-05,1559368013.6286666,0.00016707762322015334,4.830244334975369e-05
609,+3.39964200E-05,1559368013.837,0.00016707762322015334,4.830013793103448e-05
610,+3.40157900E-05,1559368014.0453331,0.0001670790799561884,4.8301034482758626e-05
611,+3.40378200E-05,1559368014.2536666,0.00016707950711938662,4.829885714285715e-05
612,+3.41032600E-05,1559368014.462,0.00016707864184008762,4.8299625615763546e-05
613,+3.40011000E-05,1559368014.6703331,0.0001670771960569551,4.830013793103448e-05
614,+3.40298100E-05,1559368014.8786666,0.00016707820372398685,4.830116256157636e-05
615,+3.40378200E-05,1559368015.087,0.00016707791894852135,4.830065024630542e-05
616,+3.41827300E-05,1559368015.2953331,0.00016707878422782038,4.82971921182266e-05
617,+3.40899200E-05,1559368015.5036666,0.00016707791894852135,4.82971921182266e-05
618,+3.40204600E-05,1559368015.712,0.00016707878422782038,4.830244334975369e-05
619,+3.40271300E-05,1559368015.9203331,0.0001670780613362541,4.8301546798029554e-05
620,+3.40478400E-05,1559368016.1286666,0.00016707892661555312,4.82971921182266e-05
621,+3.40865800E-05,1559368016.337,0.00016707733844468784,4.830065024630542e-05
622,+3.41687200E-05,1559368016.5453331,0.00016707647316538884,4.830077832512315e-05
623,+3.41747300E-05,1559368016.7536666,0.00016707545454545453,4.830372413793103e-05
624,+3.41647200E-05,1559368016.962,0.0001670755969331873,4.829885714285715e-05
625,+3.43650500E-05,1559368020.562,0.00016707487404162103,4.829411822660099e-05
626,+3.43423600E-05,1559368020.7703333,0.00016707950711938662,4.8294502463054185e-05
627,+3.43396800E-05,1559368020.9786668,0.00016707878422782038,4.830141871921182e-05
628,+3.43476900E-05,1559368021.187,0.00016707849945235486,4.829270935960591e-05
629,+3.43396700E-05,1559368021.3953333,0.00016707878422782038,4.83032118226601e-05
630,+3.43283300E-05,1559368021.6036668,0.00016707705366922235,4.829911330049261e-05
631,+3.42936100E-05,1559368021.812,0.00016707835706462212,4.830065024630542e-05
632,+3.42555300E-05,1559368022.0203333,0.00016707950711938662,4.8293862068965515e-05
633,+3.42662200E-05,1559368022.2286668,0.00016707791894852135,4.830167487684729e-05
634,+3.42809000E-05,1559368022.437,0.00016707849945235486,4.830193103448276e-05
635,+3.42869200E-05,1559368022.6453333,0.00016707835706462212,4.8297832512315265e-05
636,+3.42234700E-05,1559368022.8536668,0.00016707487404162103,4.8296807881773394e-05
637,+3.41834100E-05,1559368023.062,0.00016707661555312157,4.829911330049261e-05
638,+3.42081100E-05,1559368023.2703333,0.00016707603504928807,4.830193103448276e-05
639,+3.42395100E-05,1559368023.4786668,0.00016707633077765608,4.829872906403941e-05
640,+3.41707300E-05,1559368023.687,0.00016707922234392115,4.830218719211823e-05
641,+3.41687200E-05,1559368023.8953333,0.0001670793647316539,4.830039408866995e-05
642,+3.42735700E-05,1559368024.1036668,0.00016707864184008762,4.829885714285715e-05
643,+3.41520300E-05,1559368024.312,0.0001670790799561884,4.8298216748768474e-05
644,+3.41927600E-05,1559368024.5203333,0.00016707892661555312,4.8297960591133e-05
645,+3.41820800E-05,1559368024.7286668,0.00016707994523548742,4.829578325123152e-05
646,+3.42094500E-05,1559368024.937,0.0001670780613362541,4.829911330049261e-05
647,+3.41052600E-05,1559368025.1453333,0.00016707835706462212,4.829808866995074e-05
648,+3.41673900E-05,1559368025.3536668,0.00016707733844468784,4.829655172413793e-05
649,+3.41052600E-05,1559368025.562,0.00016707733844468784,4.830116256157636e-05
650,+3.41112800E-05,1559368029.162,0.00016707878422782038,4.8296807881773394e-05
651,+3.41092700E-05,1559368029.3703332,0.00016707820372398685,4.830013793103448e-05
652,+3.40698800E-05,1559368029.5786667,0.0001670790799561884,4.8298216748768474e-05
653,+3.42134600E-05,1559368029.787,0.00016707980284775466,4.829501477832513e-05
654,+3.40672100E-05,1559368029.9953332,0.00016708023001095292,4.8297960591133e-05
655,+3.40097800E-05,1559368030.2036667,0.00016707994523548742,4.8293477832512314e-05
656,+3.40879000E-05,1559368030.412,0.00016708008762322016,4.8294502463054185e-05
657,+3.40979200E-05,1559368030.6203332,0.00016707762322015334,4.8297320197044337e-05
658,+3.40531800E-05,1559368030.8286667,0.00016707820372398685,4.830052216748768e-05
659,+3.40545200E-05,1559368031.037,0.00016708023001095292,4.8297832512315265e-05
660,+3.40899200E-05,1559368031.2453332,0.00016707864184008762,4.829911330049261e-05
661,+3.41413400E-05,1559368031.4536667,0.00016707762322015334,4.829168472906404e-05
662,+3.40591900E-05,1559368031.662,0.00016707791894852135,4.8296039408867e-05
663,+3.40792300E-05,1559368031.8703332,0.00016707878422782038,4.829770443349754e-05
664,+3.40678700E-05,1559368032.0786667,0.00016707820372398685,4.829168472906404e-05
665,+3.41019300E-05,1559368032.287,0.0001670790799561884,4.829744827586207e-05
666,+3.40358200E-05,1559368032.4953332,0.00016707950711938662,4.829885714285715e-05
667,+3.40351600E-05,1559368032.7036667,0.00016707849945235486,4.8293477832512314e-05
668,+3.41580200E-05,1559368032.912,0.00016707791894852135,4.829898522167487e-05
669,+3.40525200E-05,1559368033.1203332,0.00016707762322015334,4.829911330049261e-05
670,+3.40698800E-05,1559368033.3286667,0.0001670767579408543,4.829808866995074e-05
671,+3.40004300E-05,1559368033.537,0.00016707647316538884,4.829834482758621e-05
672,+3.42041100E-05,1559368033.7453332,0.0001670771960569551,4.829847290640394e-05
673,+3.40999300E-05,1559368033.9536667,0.00016707690032858707,4.8296295566502466e-05
674,+3.40698800E-05,1559368034.162,0.00016707661555312157,4.8296807881773394e-05
675,+3.41660400E-05,1559368037.763,0.0001670758926615553,4.8293990147783256e-05
676,+3.41440100E-05,1559368037.9713333,0.00016707603504928807,4.829885714285715e-05
677,+3.40117700E-05,1559368038.1796668,0.00016707690032858707,4.830193103448276e-05
678,+3.40304700E-05,1559368038.388,0.00016707820372398685,4.829616748768473e-05
679,+3.41887500E-05,1559368038.5963333,0.00016707733844468784,4.829655172413793e-05
680,+3.41079500E-05,1559368038.8046668,0.00016707791894852135,4.829936945812808e-05
681,+3.40845600E-05,1559368039.013,0.00016707762322015334,4.829463054187192e-05
682,+3.40732200E-05,1559368039.2213333,0.00016707849945235486,4.8296295566502466e-05
683,+3.41186400E-05,1559368039.4296668,0.00016707922234392115,4.829616748768473e-05
684,+3.40919200E-05,1559368039.638,0.00016707690032858707,4.829693596059113e-05
685,+3.40665300E-05,1559368039.8463333,0.00016707777656078861,4.829911330049261e-05
686,+3.40378300E-05,1559368040.0546668,0.00016707791894852135,4.8297832512315265e-05
687,+3.40872500E-05,1559368040.263,0.00016707762322015334,4.8297576354679804e-05
688,+3.41019300E-05,1559368040.4713333,0.00016707820372398685,4.829834482758621e-05
689,+3.41046000E-05,1559368040.6796668,0.00016707791894852135,4.8295270935960595e-05
690,+3.41419900E-05,1559368040.888,0.00016707733844468784,4.830077832512315e-05
691,+3.41860800E-05,1559368041.0963333,0.00016707892661555312,4.8295270935960595e-05
692,+3.40758900E-05,1559368041.3046668,0.00016707892661555312,4.830065024630542e-05
693,+3.40732200E-05,1559368041.513,0.00016707849945235486,4.8294502463054185e-05
694,+3.41366700E-05,1559368041.7213333,0.00016707878422782038,4.8293990147783256e-05
695,+3.41346500E-05,1559368041.9296668,0.00016707762322015334,4.8297832512315265e-05
696,+3.41480200E-05,1559368042.138,0.00016707864184008762,4.829475862068965e-05
697,+3.41620400E-05,1559368042.3463333,0.00016708066812705366,4.829565517241379e-05
698,+3.42528600E-05,1559368042.5546668,0.00016708095290251916,4.829949753694581e-05
699,+3.41627100E-05,1559368042.763,0.00016707966046002192,4.8297960591133e-05
700,+3.41620300E-05,1559368046.362,0.0001670793647316539,4.829667980295566e-05
701,+3.41847400E-05,1559368046.5703332,0.00016707994523548742,4.8295527093596056e-05
702,+3.41987700E-05,1559368046.7786667,0.00016707994523548742,4.830372413793103e-05
703,+3.41894200E-05,1559368046.987,0.00016708066812705366,4.830039408866995e-05
704,+3.41707300E-05,1559368047.1953332,0.00016707966046002192,4.8300266009852216e-05
705,+3.43336700E-05,1559368047.4036667,0.0001670815334063527,4.829975369458128e-05
706,+3.42762400E-05,1559368047.612,0.00016707690032858707,4.829616748768473e-05
707,+3.42294900E-05,1559368047.8203332,0.00016707791894852135,4.829309359605912e-05
708,+3.41854100E-05,1559368048.0286667,0.00016707705366922235,4.8296807881773394e-05
709,+3.43029600E-05,1559368048.237,0.00016707705366922235,4.8297576354679804e-05
710,+3.41780600E-05,1559368048.4453332,0.00016707820372398685,4.829706403940887e-05
711,+3.42154700E-05,1559368048.6536667,0.00016707762322015334,4.829411822660099e-05
712,+3.41627100E-05,1559368048.862,0.00016707777656078861,4.829706403940887e-05
713,+3.42889300E-05,1559368049.0703332,0.00016707864184008762,4.829988177339902e-05
714,+3.42896000E-05,1559368049.2786667,0.00016707892661555312,4.829539901477833e-05
715,+3.42608600E-05,1559368049.487,0.00016707980284775466,4.8297960591133e-05
716,+3.42575400E-05,1559368049.6953332,0.00016707878422782038,4.82907881773399e-05
717,+3.43183000E-05,1559368049.9036667,0.00016707791894852135,4.829591133004926e-05
718,+3.43169700E-05,1559368050.112,0.00016707791894852135,4.8295527093596056e-05
719,+3.42789000E-05,1559368050.3203332,0.00016707849945235486,4.829885714285715e-05
720,+3.42809200E-05,1559368050.5286667,0.00016707950711938662,4.829898522167487e-05
721,+3.43229800E-05,1559368050.737,0.00016708008762322016,4.829591133004926e-05
722,+3.43083000E-05,1559368050.9453332,0.00016707994523548742,4.8298600985221675e-05
723,+3.43002700E-05,1559368051.1536667,0.00016707994523548742,4.830180295566502e-05
724,+3.44578900E-05,1559368051.362,0.00016707966046002192,4.830090640394089e-05
725,+3.44572100E-05,1559368054.962,0.00016708240963855423,4.830244334975369e-05
726,+3.44204900E-05,1559368055.1703331,0.00016708081051478642,4.830167487684729e-05
727,+3.43931000E-05,1559368055.3786666,0.0001670793647316539,4.82964236453202e-05
728,+3.45093100E-05,1559368055.587,0.00016707994523548742,4.829706403940887e-05
729,+3.44659000E-05,1559368055.7953331,0.0001670793647316539,4.829142857142857e-05
730,+3.44251500E-05,1559368056.0036666,0.00016707878422782038,4.829975369458128e-05
731,+3.45587300E-05,1559368056.212,0.00016708008762322016,4.830116256157636e-05
732,+3.44832700E-05,1559368056.4203331,0.00016707966046002192,4.829770443349754e-05
733,+3.44445300E-05,1559368056.6286666,0.00016708110624315443,4.82971921182266e-05
734,+3.43864200E-05,1559368056.837,0.00016708095290251916,4.8296039408867e-05
735,+3.45767500E-05,1559368057.0453331,0.00016708139101861993,4.8297576354679804e-05
736,+3.44445300E-05,1559368057.2536666,0.00016708081051478642,4.8300266009852216e-05
737,+3.43884300E-05,1559368057.462,0.0001670818291347207,4.8296807881773394e-05
738,+3.43737400E-05,1559368057.6703331,0.00016708095290251916,4.830039408866995e-05
739,+3.44017900E-05,1559368057.8786666,0.00016707878422782038,4.829693596059113e-05
740,+3.43844200E-05,1559368058.087,0.00016707849945235486,4.829770443349754e-05
741,+3.43944400E-05,1559368058.2953331,0.00016707820372398685,4.8296807881773394e-05
742,+3.43677300E-05,1559368058.5036666,0.00016707733844468784,4.82971921182266e-05
743,+3.43664000E-05,1559368058.712,0.00016707878422782038,4.8296295566502466e-05
744,+3.44144800E-05,1559368058.9203331,0.00016707849945235486,4.8296807881773394e-05
745,+3.43363300E-05,1559368059.1286666,0.00016707922234392115,4.8299625615763546e-05
746,+3.43103000E-05,1559368059.337,0.00016708095290251916,4.8298600985221675e-05
747,+3.44138100E-05,1559368059.5453331,0.00016708008762322016,4.829975369458128e-05
748,+3.44091300E-05,1559368059.7536666,0.00016708023001095292,4.830116256157636e-05
749,+3.44031200E-05,1559368059.962,0.00016708081051478642,4.8301034482758626e-05
750,+3.45460300E-05,1559368063.562,0.00016708139101861993,4.830065024630542e-05
751,+3.44679100E-05,1559368063.7703333,0.00016708168674698797,4.8296039408867e-05
752,+3.44685700E-05,1559368063.9786668,0.00016708008762322016,4.829911330049261e-05
753,+3.44652200E-05,1559368064.187,0.00016708052573932093,4.8297832512315265e-05
754,+3.44952700E-05,1559368064.3953333,0.00016707864184008762,4.8297320197044337e-05
755,+3.44592300E-05,1559368064.6036668,0.0001670771960569551,4.8299241379310345e-05
756,+3.44719200E-05,1559368064.812,0.0001670780613362541,4.830039408866995e-05
757,+3.44912800E-05,1559368065.0203333,0.00016707892661555312,4.8298600985221675e-05
758,+3.45787600E-05,1559368065.2286668,0.00016707966046002192,4.8297576354679804e-05
759,+3.45393500E-05,1559368065.437,0.00016708052573932093,4.829847290640394e-05
760,+3.45246700E-05,1559368065.6453333,0.00016708052573932093,4.8295527093596056e-05
761,+3.44926200E-05,1559368065.8536668,0.00016708110624315443,4.829591133004926e-05
762,+3.45280000E-05,1559368066.062,0.00016708095290251916,4.829898522167487e-05
763,+3.45233400E-05,1559368066.2703333,0.00016707950711938662,4.82964236453202e-05
764,+3.44431800E-05,1559368066.4786668,0.00016707791894852135,4.829885714285715e-05
765,+3.46569000E-05,1559368066.687,0.00016707849945235486,4.8296295566502466e-05
766,+3.45560600E-05,1559368066.8953333,0.0001670790799561884,4.829706403940887e-05
767,+3.44338500E-05,1559368067.1036668,0.00016708081051478642,4.8303339901477835e-05
768,+3.44371900E-05,1559368067.312,0.00016708269441401973,4.829475862068965e-05
769,+3.45734200E-05,1559368067.5203333,0.0001670821139101862,4.829988177339902e-05
770,+3.44705600E-05,1559368067.7286668,0.00016708110624315443,4.830013793103448e-05
771,+3.45179800E-05,1559368067.937,0.00016708081051478642,4.829591133004926e-05
772,+3.44719100E-05,1559368068.1453333,0.00016708081051478642,4.829808866995074e-05
773,+3.44585400E-05,1559368068.3536668,0.00016707966046002192,4.8297832512315265e-05
774,+3.44712500E-05,1559368068.562,0.00016707994523548742,4.8297832512315265e-05
775,+3.44118000E-05,1559368072.162,0.00016708052573932093,4.8296807881773394e-05
776,+3.45620700E-05,1559368072.3703332,0.0001670793647316539,4.829949753694581e-05
777,+3.44765900E-05,1559368072.5786667,0.00016708139101861993,4.829988177339902e-05
778,+3.43864200E-05,1559368072.787,0.00016708066812705366,4.8297832512315265e-05
779,+3.43770700E-05,1559368072.9953332,0.00016708052573932093,4.829066009852217e-05
780,+3.44198100E-05,1559368073.2036667,0.00016707994523548742,4.829565517241379e-05
781,+3.44458700E-05,1559368073.412,0.00016708197152245344,4.829975369458128e-05
782,+3.44719100E-05,1559368073.6203332,0.0001670818291347207,4.8297320197044337e-05
783,+3.44679000E-05,1559368073.8286667,0.00016708139101861993,4.829655172413793e-05
784,+3.44598900E-05,1559368074.037,0.00016708052573932093,4.82971921182266e-05
785,+3.45600500E-05,1559368074.2453332,0.00016707950711938662,4.829616748768473e-05
786,+3.45326900E-05,1559368074.4536667,0.00016708066812705366,4.8297832512315265e-05
787,+3.45006300E-05,1559368074.662,0.0001670790799561884,4.829667980295566e-05
788,+3.45286800E-05,1559368074.8703332,0.00016707791894852135,4.8299625615763546e-05
789,+3.44792600E-05,1559368075.0786667,0.00016707878422782038,4.830013793103448e-05
790,+3.45139900E-05,1559368075.287,0.00016707849945235486,4.829872906403941e-05
791,+3.44792400E-05,1559368075.4953332,0.0001670790799561884,4.829834482758621e-05
792,+3.45346900E-05,1559368075.7036667,0.00016707922234392115,4.8297960591133e-05
793,+3.45139800E-05,1559368075.912,0.00016708038335158816,4.829898522167487e-05
794,+3.44518800E-05,1559368076.1203332,0.00016708023001095292,4.829501477832513e-05
795,+3.45540400E-05,1559368076.3286667,0.0001670793647316539,4.829667980295566e-05
796,+3.45480300E-05,1559368076.537,0.0001670793647316539,4.8299241379310345e-05
797,+3.44879400E-05,1559368076.7453332,0.00016707980284775466,4.829667980295566e-05
798,+3.44445300E-05,1559368076.9536667,0.0001670774808324206,4.8294886699507386e-05
799,+3.46041300E-05,1559368077.162,0.0001670774808324206,4.8296295566502466e-05
800,+3.44431800E-05,1559368080.762,0.00016708038335158816,4.829655172413793e-05
801,+3.44699100E-05,1559368080.9703333,0.00016707820372398685,4.829808866995074e-05
802,+3.44785900E-05,1559368081.1786668,0.0001670790799561884,4.829578325123152e-05
803,+3.45006300E-05,1559368081.387,0.0001670793647316539,4.8300009852216755e-05
804,+3.44999600E-05,1559368081.5953333,0.00016707705366922235,4.829770443349754e-05
805,+3.44812600E-05,1559368081.8036668,0.00016707878422782038,4.829309359605912e-05
806,+3.45734200E-05,1559368082.012,0.00016707864184008762,4.829847290640394e-05
807,+3.45139900E-05,1559368082.2203333,0.00016707922234392115,4.829770443349754e-05
808,+3.44765900E-05,1559368082.4286668,0.00016707864184008762,4.8298600985221675e-05
809,+3.44378500E-05,1559368082.637,0.0001670790799561884,4.8299241379310345e-05
810,+3.46442100E-05,1559368082.8453333,0.00016707849945235486,4.830065024630542e-05
811,+3.45106400E-05,1559368083.0536668,0.00016708023001095292,4.8298600985221675e-05
812,+3.44979600E-05,1559368083.262,0.00016707820372398685,4.829949753694581e-05
813,+3.44699100E-05,1559368083.4703333,0.00016708008762322016,4.8296807881773394e-05
814,+3.45093100E-05,1559368083.6786668,0.00016708008762322016,4.829655172413793e-05
815,+3.45046400E-05,1559368083.887,0.00016707950711938662,4.829770443349754e-05
816,+3.45533900E-05,1559368084.0953333,0.00016707966046002192,4.829744827586207e-05
817,+3.44852700E-05,1559368084.3036668,0.0001670793647316539,4.830269950738916e-05
818,+3.45106400E-05,1559368084.512,0.00016707994523548742,4.829706403940887e-05
819,+3.45240000E-05,1559368084.7203333,0.00016708023001095292,4.829706403940887e-05
820,+3.45099700E-05,1559368084.9286668,0.00016707849945235486,4.829770443349754e-05
821,+3.44992800E-05,1559368085.137,0.0001670790799561884,4.829578325123152e-05
822,+3.45627200E-05,1559368085.3453333,0.00016707820372398685,4.829936945812808e-05
823,+3.44819200E-05,1559368085.5536668,0.00016707980284775466,4.8292837438423644e-05
824,+3.44785900E-05,1559368085.762,0.00016707950711938662,4.829949753694581e-05
825,+3.44084700E-05,1559368089.363,0.00016707878422782038,4.8297960591133e-05
826,+3.43951000E-05,1559368089.5713332,0.00016707878422782038,4.829847290640394e-05
827,+3.44178100E-05,1559368089.7796667,0.00016707994523548742,4.8297960591133e-05
828,+3.43924300E-05,1559368089.988,0.00016707980284775466,4.829655172413793e-05
829,+3.44545500E-05,1559368090.1963332,0.00016708066812705366,4.829463054187192e-05
830,+3.43777500E-05,1559368090.4046667,0.00016708095290251916,4.8293862068965515e-05
831,+3.44605600E-05,1559368090.613,0.00016707994523548742,4.829936945812808e-05
832,+3.43737400E-05,1559368090.8213332,0.00016708023001095292,4.8296807881773394e-05
833,+3.44659000E-05,1559368091.0296667,0.00016708052573932093,4.829847290640394e-05
834,+3.44679000E-05,1559368091.238,0.0001670793647316539,4.8298600985221675e-05
835,+3.44632200E-05,1559368091.4463332,0.00016708095290251916,4.829975369458128e-05
836,+3.45881000E-05,1559368091.6546667,0.0001670780613362541,4.8298216748768474e-05
837,+3.44986100E-05,1559368091.863,0.00016707705366922235,4.8294246305418724e-05
838,+3.45159800E-05,1559368092.0713332,0.0001670793647316539,4.8295527093596056e-05
839,+3.44692400E-05,1559368092.2796667,0.0001670793647316539,4.8295527093596056e-05
840,+3.45493700E-05,1559368092.488,0.00016707878422782038,4.82964236453202e-05
841,+3.44739100E-05,1559368092.6963332,0.00016707994523548742,4.8301546798029554e-05
842,+3.44204800E-05,1559368092.9046667,0.00016707922234392115,4.829706403940887e-05
843,+3.44685800E-05,1559368093.113,0.00016707950711938662,4.8296295566502466e-05
844,+3.43737400E-05,1559368093.3213332,0.0001670793647316539,4.829975369458128e-05
845,+3.44932700E-05,1559368093.5296667,0.00016707980284775466,4.829693596059113e-05
846,+3.44458700E-05,1559368093.738,0.00016707849945235486,4.8294502463054185e-05
847,+3.44472000E-05,1559368093.9463332,0.0001670790799561884,4.8292965517241385e-05
848,+3.44565500E-05,1559368094.1546667,0.00016707777656078861,4.829655172413793e-05
849,+3.44498700E-05,1559368094.363,0.0001670780613362541,4.829258128078818e-05
850,+3.44051300E-05,1559368097.962,0.00016708139101861993,4.829616748768473e-05
851,+3.44819300E-05,1559368098.1703331,0.00016708038335158816,4.829655172413793e-05
852,+3.43610500E-05,1559368098.3786666,0.00016707922234392115,4.829655172413793e-05
853,+3.43904400E-05,1559368098.587,0.00016707922234392115,4.8293477832512314e-05
854,+3.43610500E-05,1559368098.7953331,0.00016707966046002192,4.8293221674876846e-05
855,+3.43423400E-05,1559368099.0036666,0.00016707820372398685,4.829360591133005e-05
856,+3.43837600E-05,1559368099.212,0.0001670793647316539,4.829591133004926e-05
857,+3.44011300E-05,1559368099.4203331,0.00016708081051478642,4.829847290640394e-05
858,+3.43530300E-05,1559368099.6286666,0.0001670793647316539,4.8291812807881773e-05
859,+3.43430100E-05,1559368099.837,0.00016708052573932093,4.8291172413793104e-05
860,+3.43256600E-05,1559368100.0453331,0.00016708066812705366,4.8296807881773394e-05
861,+3.43483700E-05,1559368100.2536666,0.00016707994523548742,4.829847290640394e-05
862,+3.43630600E-05,1559368100.462,0.00016707950711938662,4.82964236453202e-05
863,+3.43837600E-05,1559368100.6703331,0.00016707966046002192,4.829693596059113e-05
864,+3.43630500E-05,1559368100.8786666,0.0001670793647316539,4.829565517241379e-05
865,+3.43383500E-05,1559368101.087,0.00016707980284775466,4.829706403940887e-05
866,+3.44124700E-05,1559368101.2953331,0.00016707892661555312,4.8297576354679804e-05
867,+3.44612300E-05,1559368101.5036666,0.00016707922234392115,4.8297832512315265e-05
868,+3.44231600E-05,1559368101.712,0.00016707878422782038,4.829655172413793e-05
869,+3.44632200E-05,1559368101.9203331,0.00016707966046002192,4.829744827586207e-05
870,+3.45386900E-05,1559368102.1286666,0.00016707878422782038,4.8292068965517234e-05
871,+3.44932800E-05,1559368102.337,0.00016707994523548742,4.829770443349754e-05
872,+3.44665600E-05,1559368102.5453331,0.00016708081051478642,4.829411822660099e-05
873,+3.45032900E-05,1559368102.7536666,0.00016708095290251916,4.8297960591133e-05
874,+3.44886100E-05,1559368102.962,0.00016707878422782038,4.829706403940887e-05
875,+3.43236600E-05,1559368106.563,0.00016707950711938662,4.829142857142857e-05
876,+3.43310000E-05,1559368106.7713332,0.00016708023001095292,4.8297960591133e-05
877,+3.45012900E-05,1559368106.9796667,0.00016708023001095292,4.82971921182266e-05
878,+3.43470200E-05,1559368107.188,0.00016707849945235486,4.8297320197044337e-05
879,+3.43723900E-05,1559368107.3963332,0.0001670790799561884,4.829270935960591e-05
880,+3.43229800E-05,1559368107.6046667,0.00016707762322015334,4.829373399014778e-05
881,+3.44912800E-05,1559368107.813,0.00016707864184008762,4.8299241379310345e-05
882,+3.43931100E-05,1559368108.0213332,0.00016707980284775466,4.829744827586207e-05
883,+3.42929300E-05,1559368108.2296667,0.00016708008762322016,4.829539901477833e-05
884,+3.42969500E-05,1559368108.438,0.00016708038335158816,4.829616748768473e-05
885,+3.42835800E-05,1559368108.6463332,0.00016707966046002192,4.8293990147783256e-05
886,+3.42709000E-05,1559368108.8546667,0.0001670818291347207,4.8293862068965515e-05
887,+3.42675500E-05,1559368109.063,0.0001670818291347207,4.8298600985221675e-05
888,+3.42481900E-05,1559368109.2713332,0.00016707950711938662,4.829475862068965e-05
889,+3.42528600E-05,1559368109.4796667,0.00016707892661555312,4.829463054187192e-05
890,+3.41934200E-05,1559368109.688,0.0001670771960569551,4.829834482758621e-05
891,+3.42515300E-05,1559368109.8963332,0.00016707791894852135,4.8294502463054185e-05
892,+3.41306600E-05,1559368110.1046667,0.00016707820372398685,4.8296295566502466e-05
893,+3.41920900E-05,1559368110.313,0.00016707820372398685,4.8294502463054185e-05
894,+3.42041200E-05,1559368110.5213332,0.0001670761774370208,4.829616748768473e-05
895,+3.41580200E-05,1559368110.7296667,0.00016707820372398685,4.8293477832512314e-05
896,+3.42268200E-05,1559368110.938,0.0001670780613362541,4.82964236453202e-05
897,+3.42268200E-05,1559368111.1463332,0.00016708008762322016,4.829309359605912e-05
898,+3.41580300E-05,1559368111.3546667,0.00016707950711938662,4.8300009852216755e-05
899,+3.41600400E-05,1559368111.563,0.00016707777656078861,4.829591133004926e-05
900,+3.42101100E-05,1559368115.162,0.00016707603504928807,4.829565517241379e-05
901,+3.41493600E-05,1559368115.3703332,0.00016707733844468784,4.829258128078818e-05
902,+3.41834100E-05,1559368115.5786667,0.00016707575027382254,4.8293862068965515e-05
903,+3.41500200E-05,1559368115.787,0.00016707633077765608,4.829437438423645e-05
904,+3.41526900E-05,1559368115.9953332,0.0001670753121577218,4.829309359605912e-05
905,+3.40852300E-05,1559368116.2036667,0.00016707705366922235,4.8296807881773394e-05
906,+3.41934300E-05,1559368116.412,0.0001670750273822563,4.8295527093596056e-05
907,+3.42007700E-05,1559368116.6203332,0.0001670747316538883,4.829411822660099e-05
908,+3.41587000E-05,1559368116.8286667,0.00016707849945235486,4.8293990147783256e-05
909,+3.41380000E-05,1559368117.037,0.0001670774808324206,4.8297320197044337e-05
910,+3.41466700E-05,1559368117.2453332,0.00016707950711938662,4.8294886699507386e-05
911,+3.42709000E-05,1559368117.4536667,0.00016708052573932093,4.8294246305418724e-05
912,+3.41760700E-05,1559368117.662,0.00016707966046002192,4.830141871921182e-05
913,+3.41586900E-05,1559368117.8703332,0.00016708139101861993,4.8297832512315265e-05
914,+3.40872300E-05,1559368118.0786667,0.00016708052573932093,4.8296039408867e-05
915,+3.41259700E-05,1559368118.287,0.00016707966046002192,4.8296807881773394e-05
916,+3.41253100E-05,1559368118.4953332,0.00016707980284775466,4.829360591133005e-05
917,+3.40378200E-05,1559368118.7036667,0.0001670774808324206,4.8295270935960595e-05
918,+3.40972600E-05,1559368118.912,0.0001670774808324206,4.829834482758621e-05
919,+3.40985800E-05,1559368119.1203332,0.00016707849945235486,4.829591133004926e-05
920,+3.40438200E-05,1559368119.3286667,0.0001670793647316539,4.829706403940887e-05
921,+3.41326500E-05,1559368119.537,0.00016707820372398685,4.82964236453202e-05
922,+3.41079500E-05,1559368119.7453332,0.00016707966046002192,4.829475862068965e-05
923,+3.41787400E-05,1559368119.9536667,0.00016708038335158816,4.8293477832512314e-05
924,+3.41092700E-05,1559368120.162,0.00016707980284775466,4.8299625615763546e-05
925,+3.40565200E-05,1559368123.762,,
926,+3.40511800E-05,1559368123.9703333,,
927,+3.41126200E-05,1559368124.1786668,,
928,+3.40238000E-05,1559368124.387,,
929,+3.40812400E-05,1559368124.5953333,,
930,+3.40772200E-05,1559368124.8036668,,
931,+3.40885800E-05,1559368125.012,,
932,+3.40779000E-05,1559368125.2203333,,
933,+3.41887500E-05,1559368125.4286668,,
934,+3.41046100E-05,1559368125.637,,
935,+3.40952500E-05,1559368125.8453333,,
936,+3.41400100E-05,1559368126.0536668,,
937,+3.41132800E-05,1559368126.262,,
938,+3.40438300E-05,1559368126.4703333,,
939,+3.40184500E-05,1559368126.6786668,,
940,+3.40224600E-05,1559368126.887,,
941,+3.41947600E-05,1559368127.0953333,,
942,+3.41233100E-05,1559368127.3036668,,
943,+3.41313100E-05,1559368127.512,,
944,+3.41627100E-05,1559368127.7203333,,
945,+3.40885800E-05,1559368127.9286668,,
946,+3.41887500E-05,1559368128.137,,
947,+3.42168000E-05,1559368128.3453333,,
948,+3.42628800E-05,1559368128.5536668,,
949,+3.42401700E-05,1559368128.762,,
