,SQUID_Volt(V),timestamp,Temp(V),FC_CURR(A),MAG_CURR(A),MOD_CURR(A),SQUID_Curr(A)
0,+5.43618790E-03,1559369345.948,+1.57089740E+00,,,,
1,+5.43646470E-03,1559369346.1563332,+1.57090610E+00,,,,
2,+3.02879800E-05,1559369346.3646667,+1.57091100E+00,,,,
3,+3.03053500E-05,1559369346.573,+1.57079700E+00,,,,
4,+3.02646100E-05,1559369346.7813332,+1.57079950E+00,,,,
5,+3.02919900E-05,1559369346.9896667,+1.57080200E+00,,,,
6,+3.02752800E-05,1559369347.198,+1.57079950E+00,,,,
7,+3.02726100E-05,1559369347.4063332,+1.57080070E+00,,,,
8,+3.01791200E-05,1559369347.6146667,+1.57079700E+00,,,,
9,+3.03106800E-05,1559369347.823,+1.57078830E+00,,,,
10,+3.02626100E-05,1559369348.0313332,+1.57078460E+00,,,,
11,+3.03287100E-05,1559369348.2396667,+1.57078460E+00,,,,
12,+3.02018300E-05,1559369348.448,+1.57078340E+00,,,,
13,+3.02385600E-05,1559369348.6563332,+1.57078090E+00,,,,
14,+3.02519100E-05,1559369348.8646667,+1.57077840E+00,,,,
15,+3.01590900E-05,1559369349.073,+1.57077720E+00,,,,
16,+3.03434000E-05,1559369349.2813332,+1.57077100E+00,,,,
17,+3.02218700E-05,1559369349.4896667,+1.57077340E+00,,,,
18,+3.02091700E-05,1559369349.698,+1.57077470E+00,,,,
19,+3.01236900E-05,1559369349.9063332,+1.57077590E+00,,,,
20,+3.03634400E-05,1559369350.1146667,+1.57077470E+00,,,,
21,+3.02419000E-05,1559369350.323,+1.57077960E+00,,,,
22,+3.02145100E-05,1559369350.5313332,+1.57077840E+00,,,,
23,+3.01731100E-05,1559369350.7396667,+1.57077840E+00,,,,
24,+3.01664400E-05,1559369350.948,+1.57078090E+00,,,,
25,+3.02512400E-05,1559369354.467,+1.57078090E+00,,,,
26,+3.02586000E-05,1559369354.6753333,+1.57078090E+00,,,,
27,+3.01617600E-05,1559369354.8836668,+1.57077840E+00,,,,
28,+3.01297000E-05,1559369355.092,+1.57077720E+00,,,,
29,+3.02605900E-05,1559369355.3003333,+1.57077220E+00,,,,
30,+3.02051700E-05,1559369355.5086668,+1.57077220E+00,,,,
31,+3.01744600E-05,1559369355.717,+1.57076850E+00,,,,
32,+3.02252000E-05,1559369355.9253333,+1.57077220E+00,,,,
33,+3.03500900E-05,1559369356.1336668,+1.57077220E+00,,,,
34,+3.02712800E-05,1559369356.342,+1.57077100E+00,,,,
35,+3.01898100E-05,1559369356.5503333,+1.57077340E+00,,,,
36,+3.02011700E-05,1559369356.7586668,+1.57077590E+00,,,,
37,+3.03060100E-05,1559369356.967,+1.57077960E+00,,,,
38,+3.02031600E-05,1559369357.1753333,+1.57077590E+00,,,,
39,+3.01904800E-05,1559369357.3836668,+1.57077340E+00,,,,
40,+3.01530900E-05,1559369357.592,+1.57077470E+00,,,,
41,+3.01537400E-05,1559369357.8003333,+1.57077720E+00,,,,
42,+3.01297100E-05,1559369358.0086668,+1.57077590E+00,,,,
43,+3.01217000E-05,1559369358.217,+1.57077960E+00,,,,
44,+3.01464000E-05,1559369358.4253333,+1.57078210E+00,,,,
45,+3.01517500E-05,1559369358.6336668,+1.57077960E+00,,,,
46,+3.01303800E-05,1559369358.842,+1.57078710E+00,,,,
47,+3.01183600E-05,1559369359.0503333,+1.57077720E+00,,,,
48,+3.01103300E-05,1559369359.2586668,+1.57077720E+00,,,,
49,+3.01944800E-05,1559369359.467,+1.57078210E+00,,,,
50,+2.99921400E-05,1559369363.09,+1.57078090E+00,,,,
51,+2.99120000E-05,1559369363.2983332,+1.57078340E+00,,,,
52,+2.99968000E-05,1559369363.5066667,+1.57078210E+00,,,,
53,+2.99654200E-05,1559369363.715,+1.57077840E+00,,,,
54,+2.99540600E-05,1559369363.9233332,+1.57078090E+00,,,,
55,+2.98933000E-05,1559369364.1316667,+1.57077100E+00,,,,
56,+2.99220100E-05,1559369364.34,+1.57076970E+00,,,,
57,+2.99320300E-05,1559369364.5483332,+1.57076850E+00,,,,
58,+2.99173300E-05,1559369364.7566667,+1.57076480E+00,,,,
59,+2.98973000E-05,1559369364.965,+1.57076600E+00,,,,
60,+2.99520700E-05,1559369365.1733332,+1.57076600E+00,,,,
61,+2.99307000E-05,1559369365.3816667,+1.57076970E+00,,,,
62,+2.98712600E-05,1559369365.59,+1.57076970E+00,,,,
63,+2.98806000E-05,1559369365.7983332,+1.57077100E+00,,,,
64,+2.99180000E-05,1559369366.0066667,+1.57076720E+00,,,,
65,+2.98699200E-05,1559369366.215,+1.57076850E+00,,,,
66,+2.98866100E-05,1559369366.4233332,+1.57077100E+00,,,,
67,+2.98512300E-05,1559369366.6316667,+1.57076970E+00,,,,
68,+2.99066600E-05,1559369366.84,+1.57076850E+00,,,,
69,+2.98806000E-05,1559369367.0483332,+1.57076970E+00,,,,
70,+2.98458700E-05,1559369367.2566667,+1.57076970E+00,,,,
71,+2.99707700E-05,1559369367.465,+1.57077220E+00,,,,
72,+2.98579000E-05,1559369367.6733332,+1.57077470E+00,,,,
73,+2.99280200E-05,1559369367.8816667,+1.57077100E+00,,,,
74,+2.98639100E-05,1559369368.09,+1.57077340E+00,,,,
75,+3.00849700E-05,1559369371.69,+1.57076970E+00,,,,
76,+3.00862900E-05,1559369371.8983333,+1.57077340E+00,,,,
77,+3.00676100E-05,1559369372.1066668,+1.57077720E+00,,,,
78,+3.00809400E-05,1559369372.315,+1.57077220E+00,,,,
79,+3.02185200E-05,1559369372.5233333,+1.57077590E+00,,,,
80,+3.00716100E-05,1559369372.7316668,+1.57077720E+00,,,,
81,+3.00976600E-05,1559369372.94,+1.57077840E+00,,,,
82,+3.02752900E-05,1559369373.1483333,+1.57078340E+00,,,,
83,+3.01203700E-05,1559369373.3566668,+1.57077960E+00,,,,
84,+3.01397100E-05,1559369373.565,+1.57078090E+00,,,,
85,+3.01390600E-05,1559369373.7733333,+1.57077840E+00,,,,
86,+3.02853100E-05,1559369373.9816668,+1.57078340E+00,,,,
87,+3.01477300E-05,1559369374.19,+1.57078210E+00,,,,
88,+3.01677800E-05,1559369374.3983333,+1.57078460E+00,,,,
89,+3.00729400E-05,1559369374.6066668,+1.57077840E+00,,,,
90,+3.01103400E-05,1559369374.815,+1.57077840E+00,,,,
91,+3.01350500E-05,1559369375.0233333,+1.57077470E+00,,,,
92,+3.01230300E-05,1559369375.2316668,+1.57077340E+00,,,,
93,+3.01250300E-05,1559369375.44,+1.57077220E+00,,,,
94,+3.01751200E-05,1559369375.6483333,+1.57077220E+00,,,,
95,+3.01397300E-05,1559369375.8566668,+1.57076970E+00,,,,
96,+3.01918100E-05,1559369376.065,+1.57076850E+00,,,,
97,+3.01537400E-05,1559369376.2733333,+1.57076850E+00,,,,
98,+3.02753000E-05,1559369376.4816668,+1.57076970E+00,,,,
99,+3.01904800E-05,1559369376.69,+1.57076720E+00,,,,
100,+3.03146800E-05,1559369380.291,+1.57076970E+00,,,,
101,+3.03033400E-05,1559369380.4993331,+1.57076720E+00,,,,
102,+3.02873100E-05,1559369380.7076666,+1.57076970E+00,,,,
103,+3.02946600E-05,1559369380.916,+1.57077100E+00,,,,
104,+3.02606100E-05,1559369381.1243331,+1.57077220E+00,,,,
105,+3.02445800E-05,1559369381.3326666,+1.57076970E+00,,,,
106,+3.02819800E-05,1559369381.541,+1.57076970E+00,,,,
107,+3.02692800E-05,1559369381.7493331,+1.57077100E+00,,,,
108,+3.02940000E-05,1559369381.9576666,+1.57076850E+00,,,,
109,+3.03066800E-05,1559369382.166,+1.57076970E+00,,,,
110,+3.03073400E-05,1559369382.3743331,+1.57076970E+00,,,,
111,+3.02973300E-05,1559369382.5826666,+1.57076720E+00,,,,
112,+3.02953200E-05,1559369382.791,+1.57077220E+00,,,,
113,+3.03768000E-05,1559369382.9993331,+1.57076970E+00,,,,
114,+3.03507600E-05,1559369383.2076666,+1.57076850E+00,,,,
115,+3.03113600E-05,1559369383.416,+1.57077340E+00,,,,
116,+3.04395800E-05,1559369383.6243331,+1.57077100E+00,,,,
117,+3.03320500E-05,1559369383.8326666,+1.57076720E+00,,,,
118,+3.02499200E-05,1559369384.041,+1.57077220E+00,,,,
119,+3.03187000E-05,1559369384.2493331,+1.57076720E+00,,,,
120,+3.03420700E-05,1559369384.4576666,+1.57076850E+00,,,,
121,+3.03367400E-05,1559369384.666,+1.57076850E+00,,,,
122,+3.03701300E-05,1559369384.8743331,+1.57077100E+00,,,,
123,+3.03026800E-05,1559369385.0826666,+1.57076720E+00,,,,
124,+3.02799700E-05,1559369385.291,+1.57076600E+00,,,,
125,+3.03213800E-05,1559369388.89,+1.57076480E+00,,,,
126,+3.03420700E-05,1559369389.0983334,+1.57076600E+00,,,,
127,+3.03894900E-05,1559369389.3066669,+1.57076600E+00,,,,
128,+3.04155400E-05,1559369389.515,+1.57076600E+00,,,,
129,+3.03901500E-05,1559369389.7233334,+1.57076480E+00,,,,
130,+3.03714600E-05,1559369389.9316669,+1.57076480E+00,,,,
131,+3.05063500E-05,1559369390.14,+1.57076480E+00,,,,
132,+3.04048500E-05,1559369390.3483334,+1.57076480E+00,,,,
133,+3.02719500E-05,1559369390.5566669,+1.57076720E+00,,,,
134,+3.03881600E-05,1559369390.765,+1.57077220E+00,,,,
135,+3.04789800E-05,1559369390.9733334,+1.57076720E+00,,,,
136,+3.03781500E-05,1559369391.1816669,+1.57077340E+00,,,,
137,+3.03667900E-05,1559369391.39,+1.57077100E+00,,,,
138,+3.03487600E-05,1559369391.5983334,+1.57077470E+00,,,,
139,+3.03447500E-05,1559369391.8066669,+1.57077470E+00,,,,
140,+3.03621000E-05,1559369392.015,+1.57077720E+00,,,,
141,+3.04001800E-05,1559369392.2233334,+1.57077590E+00,,,,
142,+3.03614300E-05,1559369392.4316669,+1.57077220E+00,,,,
143,+3.03954900E-05,1559369392.64,+1.57077100E+00,,,,
144,+3.03607800E-05,1559369392.8483334,+1.57077100E+00,,,,
145,+3.02993300E-05,1559369393.0566669,+1.57076230E+00,,,,
146,+3.03353900E-05,1559369393.265,+1.57076850E+00,,,,
147,+3.03360600E-05,1559369393.4733334,+1.57076480E+00,,,,
148,+3.03120200E-05,1559369393.6816669,+1.57076850E+00,,,,
149,+3.02746200E-05,1559369393.89,+1.57076600E+00,,,,
150,+3.02759600E-05,1559369397.49,+1.57076480E+00,,,,
151,+3.03561100E-05,1559369397.6983333,+1.57076720E+00,,,,
152,+3.02886500E-05,1559369397.9066668,+1.57076600E+00,,,,
153,+3.02846300E-05,1559369398.115,+1.57077220E+00,,,,
154,+3.03040100E-05,1559369398.3233333,+1.57076600E+00,,,,
155,+3.02946600E-05,1559369398.5316668,+1.57076720E+00,,,,
156,+3.03147000E-05,1559369398.74,+1.57076970E+00,,,,
157,+3.03126800E-05,1559369398.9483333,+1.57077100E+00,,,,
158,+3.03247200E-05,1559369399.1566668,+1.57076970E+00,,,,
159,+3.03033400E-05,1559369399.365,+1.57077100E+00,,,,
160,+3.03414100E-05,1559369399.5733333,+1.57076970E+00,,,,
161,+3.03126900E-05,1559369399.7816668,+1.57076850E+00,,,,
162,+3.04108600E-05,1559369399.99,+1.57077100E+00,,,,
163,+3.03554300E-05,1559369400.1983333,+1.57076970E+00,,,,
164,+3.03527600E-05,1559369400.4066668,+1.57076600E+00,,,,
165,+3.05324100E-05,1559369400.615,+1.57076600E+00,,,,
166,+3.04375700E-05,1559369400.8233333,+1.57076850E+00,,,,
167,+3.03868300E-05,1559369401.0316668,+1.57076480E+00,,,,
168,+3.03948300E-05,1559369401.24,+1.57076970E+00,,,,
169,+3.04569400E-05,1559369401.4483333,+1.57076600E+00,,,,
170,+3.03934900E-05,1559369401.6566668,+1.57076720E+00,,,,
171,+3.04155400E-05,1559369401.865,+1.57076970E+00,,,,
172,+3.03928300E-05,1559369402.0733333,+1.57076600E+00,,,,
173,+3.03547700E-05,1559369402.2816668,+1.57076480E+00,,,,
174,+3.03894900E-05,1559369402.49,+1.57076480E+00,,,,
175,+3.04128700E-05,1559369406.09,+1.57076230E+00,,,,
176,+3.05511100E-05,1559369406.2983332,+1.57076230E+00,,,,
177,+3.04929900E-05,1559369406.5066667,+1.57076480E+00,,,,
178,+3.04435900E-05,1559369406.715,+1.57076350E+00,,,,
179,+3.04589500E-05,1559369406.9233332,+1.57076230E+00,,,,
180,+3.05938500E-05,1559369407.1316667,+1.57076350E+00,,,,
181,+3.05077000E-05,1559369407.34,+1.57076970E+00,,,,
182,+3.04796400E-05,1559369407.5483332,+1.57076600E+00,,,,
183,+3.04516000E-05,1559369407.7566667,+1.57076600E+00,,,,
184,+3.04529300E-05,1559369407.965,+1.57076850E+00,,,,
185,+3.04422600E-05,1559369408.1733332,+1.57076970E+00,,,,
186,+3.04923400E-05,1559369408.3816667,+1.57077470E+00,,,,
187,+3.04369100E-05,1559369408.59,+1.57077220E+00,,,,
188,+3.04622900E-05,1559369408.7983332,+1.57077220E+00,,,,
189,+3.04763100E-05,1559369409.0066667,+1.57077340E+00,,,,
190,+3.05063600E-05,1559369409.215,+1.57077220E+00,,,,
191,+3.05190500E-05,1559369409.4233332,+1.57077100E+00,,,,
192,+3.05330700E-05,1559369409.6316667,+1.57076720E+00,,,,
193,+3.04996800E-05,1559369409.84,+1.57076720E+00,,,,
194,+3.05384100E-05,1559369410.0483332,+1.57076970E+00,,,,
195,+3.05030200E-05,1559369410.2566667,+1.57077100E+00,,,,
196,+3.05718000E-05,1559369410.465,+1.57076970E+00,,,,
197,+3.05564400E-05,1559369410.6733332,+1.57077220E+00,,,,
198,+3.05524300E-05,1559369410.8816667,+1.57076970E+00,,,,
199,+3.04676200E-05,1559369411.09,+1.57076850E+00,,,,
200,+3.06065400E-05,1559369414.69,+1.57076600E+00,,,,
201,+3.05651300E-05,1559369414.8983333,+1.57076850E+00,,,,
202,+3.06372500E-05,1559369415.1066668,+1.57076350E+00,,,,
203,+3.05824900E-05,1559369415.315,+1.57076720E+00,,,,
204,+3.06459400E-05,1559369415.5233333,+1.57076230E+00,,,,
205,+3.06025300E-05,1559369415.7316668,+1.57076350E+00,,,,
206,+3.06379100E-05,1559369415.94,+1.57076350E+00,,,,
207,+3.07027100E-05,1559369416.1483333,+1.57076350E+00,,,,
208,+3.05991900E-05,1559369416.3566668,+1.57076350E+00,,,,
209,+3.06252300E-05,1559369416.565,+1.57076350E+00,,,,
210,+3.06686400E-05,1559369416.7733333,+1.57076350E+00,,,,
211,+3.07320900E-05,1559369416.9816668,+1.57076480E+00,,,,
212,+3.07200600E-05,1559369417.19,+1.57076100E+00,,,,
213,+3.06265700E-05,1559369417.3983333,+1.57076350E+00,,,,
214,+3.06860100E-05,1559369417.6066668,+1.57076720E+00,,,,
215,+3.07234100E-05,1559369417.815,+1.57076230E+00,,,,
216,+3.06873300E-05,1559369418.0233333,+1.57076480E+00,,,,
217,+3.06526200E-05,1559369418.2316668,+1.57076600E+00,,,,
218,+3.08509600E-05,1559369418.44,+1.57076850E+00,,,,
219,+3.07815000E-05,1559369418.6483333,+1.57076720E+00,,,,
220,+3.06886900E-05,1559369418.8566668,+1.57076850E+00,,,,
221,+3.07300700E-05,1559369419.065,+1.57076480E+00,,,,
222,+3.08462800E-05,1559369419.2733333,+1.57076600E+00,,,,
223,+3.07307500E-05,1559369419.4816668,+1.57076480E+00,,,,
224,+3.06779800E-05,1559369419.69,+1.57076230E+00,,,,
225,+3.07327500E-05,1559369423.29,+1.57076230E+00,,,,
226,+3.07568000E-05,1559369423.4983332,+1.57075980E+00,,,,
227,+3.07427600E-05,1559369423.7066667,+1.57076230E+00,,,,
228,+3.07568000E-05,1559369423.915,+1.57075980E+00,,,,
229,+3.08068800E-05,1559369424.1233332,+1.57076230E+00,,,,
230,+3.07841700E-05,1559369424.3316667,+1.57076230E+00,,,,
231,+3.07788400E-05,1559369424.54,+1.57076480E+00,,,,
232,+3.06980300E-05,1559369424.7483332,+1.57076600E+00,,,,
233,+3.08669900E-05,1559369424.9566667,+1.57076600E+00,,,,
234,+3.07621400E-05,1559369425.165,+1.57076480E+00,,,,
235,+3.06866800E-05,1559369425.3733332,+1.57076720E+00,,,,
236,+3.06693000E-05,1559369425.5816667,+1.57076230E+00,,,,
237,+3.07828300E-05,1559369425.79,+1.57076720E+00,,,,
238,+3.06666300E-05,1559369425.9983332,+1.57076350E+00,,,,
239,+3.06285800E-05,1559369426.2066667,+1.57076600E+00,,,,
240,+3.06426000E-05,1559369426.415,+1.57076600E+00,,,,
241,+3.05958400E-05,1559369426.6233332,+1.57076600E+00,,,,
242,+3.06285600E-05,1559369426.8316667,+1.57076480E+00,,,,
243,+3.06118800E-05,1559369427.04,+1.57076600E+00,,,,
244,+3.05751500E-05,1559369427.2483332,+1.57076600E+00,,,,
245,+3.05290600E-05,1559369427.4566667,+1.57076720E+00,,,,
246,+3.05304000E-05,1559369427.665,+1.57076720E+00,,,,
247,+3.05223900E-05,1559369427.8733332,+1.57076600E+00,,,,
248,+3.04823200E-05,1559369428.0816667,+1.57076480E+00,,,,
249,+3.05143600E-05,1559369428.29,+1.57076230E+00,,,,
250,+3.05070300E-05,1559369431.891,+1.57076480E+00,,,,
251,+3.05030200E-05,1559369432.0993333,+1.57076600E+00,,,,
252,+3.04723000E-05,1559369432.3076668,+1.57076720E+00,,,,
253,+3.04662900E-05,1559369432.516,+1.57076600E+00,,,,
254,+3.04796500E-05,1559369432.7243333,+1.57076850E+00,,,,
255,+3.04375700E-05,1559369432.9326668,+1.57076600E+00,,,,
256,+3.04328900E-05,1559369433.141,+1.57076850E+00,,,,
257,+3.04175300E-05,1559369433.3493333,+1.57076720E+00,,,,
258,+3.04188800E-05,1559369433.5576668,+1.57076480E+00,,,,
259,+3.03527600E-05,1559369433.766,+1.57076970E+00,,,,
260,+3.04362400E-05,1559369433.9743333,+1.57076720E+00,,,,
261,+3.04522600E-05,1559369434.1826668,+1.57076600E+00,,,,
262,+3.04055100E-05,1559369434.391,+1.57076600E+00,,,,
263,+3.04342200E-05,1559369434.5993333,+1.57076850E+00,,,,
264,+3.04596200E-05,1559369434.8076668,+1.57076720E+00,,,,
265,+3.03661100E-05,1559369435.016,+1.57076480E+00,,,,
266,+3.04309000E-05,1559369435.2243333,+1.57076970E+00,,,,
267,+3.04275600E-05,1559369435.4326668,+1.57077220E+00,,,,
268,+3.04335700E-05,1559369435.641,+1.57077220E+00,,,,
269,+3.04395800E-05,1559369435.8493333,+1.57076850E+00,,,,
270,+3.03614300E-05,1559369436.0576668,+1.57076850E+00,,,,
271,+3.05531100E-05,1559369436.266,+1.57076720E+00,,,,
272,+3.04148700E-05,1559369436.4743333,+1.57077340E+00,,,,
273,+3.04255600E-05,1559369436.6826668,+1.57076970E+00,,,,
274,+3.03741400E-05,1559369436.891,+1.57076480E+00,,,,
275,+3.04175400E-05,1559369440.49,+1.57076480E+00,,,,
276,+3.04095300E-05,1559369440.6983333,+1.57076970E+00,,,,
277,+3.03260500E-05,1559369440.9066668,+1.57076350E+00,,,,
278,+3.03293900E-05,1559369441.115,+1.57076350E+00,,,,
279,+3.03734700E-05,1559369441.3233333,+1.57076720E+00,,,,
280,+3.03100200E-05,1559369441.5316668,+1.57076600E+00,,,,
281,+3.03908200E-05,1559369441.74,+1.57076720E+00,,,,
282,+3.02980000E-05,1559369441.9483333,+1.57076600E+00,,,,
283,+3.03173700E-05,1559369442.1566668,+1.57076850E+00,,,,
284,+3.02886500E-05,1559369442.365,+1.57076600E+00,,,,
285,+3.02772900E-05,1559369442.5733333,+1.57076230E+00,,,,
286,+3.03714600E-05,1559369442.7816668,+1.57076720E+00,,,,
287,+3.02812900E-05,1559369442.99,+1.57076720E+00,,,,
288,+3.01731100E-05,1559369443.1983333,+1.57076230E+00,,,,
289,+3.01838000E-05,1559369443.4066668,+1.57076600E+00,,,,
290,+3.03694500E-05,1559369443.615,+1.57076720E+00,,,,
291,+3.02492600E-05,1559369443.8233333,+1.57076480E+00,,,,
292,+3.01938200E-05,1559369444.0316668,+1.57076100E+00,,,,
293,+3.01811300E-05,1559369444.24,+1.57076480E+00,,,,
294,+3.01958200E-05,1559369444.4483333,+1.57076350E+00,,,,
295,+3.01457400E-05,1559369444.6566668,+1.57076600E+00,,,,
296,+3.01424000E-05,1559369444.865,+1.57076350E+00,,,,
297,+3.01237000E-05,1559369445.0733333,+1.57076600E+00,,,,
298,+3.01771200E-05,1559369445.2816668,+1.57076480E+00,,,,
299,+3.01457200E-05,1559369445.49,+1.57076350E+00,,,,
300,+3.00829600E-05,1559369449.089,+1.57076720E+00,,,,
301,+3.02452300E-05,1559369449.2973332,+1.57076600E+00,,,,
302,+3.01631000E-05,1559369449.5056667,+1.57076720E+00,,,,
303,+3.01363900E-05,1559369449.714,+1.57077100E+00,,,,
304,+3.01143400E-05,1559369449.9223332,+1.57076720E+00,,,,
305,+3.02599400E-05,1559369450.1306667,+1.57076970E+00,,,,
306,+3.01390600E-05,1559369450.339,+1.57077100E+00,,,,
307,+3.01824500E-05,1559369450.5473332,+1.57076970E+00,,,,
308,+3.02038400E-05,1559369450.7556667,+1.57077340E+00,,,,
309,+3.01657700E-05,1559369450.964,+1.57077100E+00,,,,
310,+3.01964800E-05,1559369451.1723332,+1.57077340E+00,,,,
311,+3.01617600E-05,1559369451.3806667,+1.57077220E+00,,,,
312,+3.01090100E-05,1559369451.589,+1.57076970E+00,,,,
313,+3.01570900E-05,1559369451.7973332,+1.57076850E+00,,,,
314,+3.01130000E-05,1559369452.0056667,+1.57076850E+00,,,,
315,+3.01377200E-05,1559369452.214,+1.57076850E+00,,,,
316,+3.00989800E-05,1559369452.4223332,+1.57076850E+00,,,,
317,+3.01203500E-05,1559369452.6306667,+1.57076850E+00,,,,
318,+3.01584100E-05,1559369452.839,+1.57076600E+00,,,,
319,+3.01557600E-05,1559369453.0473332,+1.57076600E+00,,,,
320,+3.01651100E-05,1559369453.2556667,+1.57076350E+00,,,,
321,+3.02138400E-05,1559369453.464,+1.57076720E+00,,,,
322,+3.01630900E-05,1559369453.6723332,+1.57076600E+00,,,,
323,+3.01564100E-05,1559369453.8806667,+1.57076850E+00,,,,
324,+3.01918200E-05,1559369454.089,+1.57076970E+00,,,,
325,+3.02332100E-05,1559369457.69,+1.57076600E+00,,,,
326,+3.02732800E-05,1559369457.8983333,+1.57076970E+00,,,,
327,+3.02211900E-05,1559369458.1066668,+1.57076850E+00,,,,
328,+3.02392200E-05,1559369458.315,+1.57076480E+00,,,,
329,+3.02318800E-05,1559369458.5233333,+1.57077220E+00,,,,
330,+3.01884800E-05,1559369458.7316668,+1.57076720E+00,,,,
331,+3.02138500E-05,1559369458.94,+1.57076480E+00,,,,
332,+3.02378800E-05,1559369459.1483333,+1.57076600E+00,,,,
333,+3.01390600E-05,1559369459.3566668,+1.57076720E+00,,,,
334,+3.01985000E-05,1559369459.565,+1.57076600E+00,,,,
335,+3.01630900E-05,1559369459.7733333,+1.57076720E+00,,,,
336,+3.01991600E-05,1559369459.9816668,+1.57076480E+00,,,,
337,+3.02038400E-05,1559369460.19,+1.57077220E+00,,,,
338,+3.01744400E-05,1559369460.3983333,+1.57076600E+00,,,,
339,+3.03480900E-05,1559369460.6066668,+1.57076480E+00,,,,
340,+3.02185300E-05,1559369460.815,+1.57077220E+00,,,,
341,+3.01671000E-05,1559369461.0233333,+1.57076970E+00,,,,
342,+3.01838000E-05,1559369461.2316668,+1.57077220E+00,,,,
343,+3.03147000E-05,1559369461.44,+1.57077220E+00,,,,
344,+3.02445700E-05,1559369461.6483333,+1.57076970E+00,,,,
345,+3.01971500E-05,1559369461.8566668,+1.57076850E+00,,,,
346,+3.01751300E-05,1559369462.065,+1.57076600E+00,,,,
347,+3.02512400E-05,1559369462.2733333,+1.57076480E+00,,,,
348,+3.01898100E-05,1559369462.4816668,+1.57076350E+00,,,,
349,+3.01717700E-05,1559369462.69,+1.57076480E+00,,,,
350,+3.01570900E-05,1559369466.29,+1.57076720E+00,,,,
351,+3.02565900E-05,1559369466.4983332,+1.57076100E+00,,,,
352,+3.01751200E-05,1559369466.7066667,+1.57076600E+00,,,,
353,+3.02833000E-05,1559369466.915,+1.57076350E+00,,,,
354,+3.04375700E-05,1559369467.1233332,+1.57075980E+00,,,,
355,+3.03140300E-05,1559369467.3316667,+1.57076230E+00,,,,
356,+3.02639400E-05,1559369467.54,+1.57076350E+00,,,,
357,+3.01884700E-05,1559369467.7483332,+1.57076100E+00,,,,
358,+3.03674400E-05,1559369467.9566667,+1.57075610E+00,,,,
359,+3.02325500E-05,1559369468.165,+1.57076100E+00,,,,
360,+3.02472300E-05,1559369468.3733332,+1.57076100E+00,,,,
361,+3.02111800E-05,1559369468.5816667,+1.57075860E+00,,,,
362,+3.01898100E-05,1559369468.79,+1.57076100E+00,,,,
363,+3.01724400E-05,1559369468.9983332,+1.57076100E+00,,,,
364,+3.01263600E-05,1559369469.2066667,+1.57076100E+00,,,,
365,+3.01597500E-05,1559369469.415,+1.57076480E+00,,,,
366,+3.01036700E-05,1559369469.6233332,+1.57076230E+00,,,,
367,+3.01096800E-05,1559369469.8316667,+1.57076480E+00,,,,
368,+3.00716100E-05,1559369470.04,+1.57076350E+00,,,,
369,+3.00649400E-05,1559369470.2483332,+1.57076480E+00,,,,
370,+3.01303800E-05,1559369470.4566667,+1.57076600E+00,,,,
371,+3.00275300E-05,1559369470.665,+1.57076600E+00,,,,
372,+3.00241900E-05,1559369470.8733332,+1.57076480E+00,,,,
373,+3.00014800E-05,1559369471.0816667,+1.57076720E+00,,,,
374,+3.00262000E-05,1559369471.29,+1.57076720E+00,,,,
375,+3.00462400E-05,1559369474.89,+1.57076600E+00,,,,
376,+3.00288700E-05,1559369475.0983334,+1.57076720E+00,,,,
377,+3.00589200E-05,1559369475.3066669,+1.57076600E+00,,,,
378,+3.00121800E-05,1559369475.515,+1.57076480E+00,,,,
379,+3.00175200E-05,1559369475.7233334,+1.57076230E+00,,,,
380,+3.00816200E-05,1559369475.9316669,+1.57077100E+00,,,,
381,+3.00035000E-05,1559369476.14,+1.57076720E+00,,,,
382,+3.00402300E-05,1559369476.3483334,+1.57076850E+00,,,,
383,+3.00301900E-05,1559369476.5566669,+1.57076850E+00,,,,
384,+3.00876300E-05,1559369476.765,+1.57076850E+00,,,,
385,+3.00929800E-05,1559369476.9733334,+1.57076850E+00,,,,
386,+2.99200000E-05,1559369477.1816669,+1.57076600E+00,,,,
387,+2.99654300E-05,1559369477.39,+1.57076720E+00,,,,
388,+2.99661000E-05,1559369477.5983334,+1.57076850E+00,,,,
389,+3.00562400E-05,1559369477.8066669,+1.57076850E+00,,,,
390,+3.00074900E-05,1559369478.015,+1.57076720E+00,,,,
391,+3.00575800E-05,1559369478.2233334,+1.57076720E+00,,,,
392,+3.01490700E-05,1559369478.4316669,+1.57076720E+00,,,,
393,+3.00863000E-05,1559369478.64,+1.57076480E+00,,,,
394,+3.00983200E-05,1559369478.8483334,+1.57076600E+00,,,,
395,+3.00615800E-05,1559369479.0566669,+1.57076480E+00,,,,
396,+3.02051700E-05,1559369479.265,+1.57076100E+00,,,,
397,+3.00575800E-05,1559369479.4733334,+1.57076350E+00,,,,
398,+3.00301900E-05,1559369479.6816669,+1.57076600E+00,,,,
399,+3.00522300E-05,1559369479.89,+1.57076480E+00,,,,
400,+3.02272200E-05,1559369483.49,+1.57076350E+00,,,,
401,+3.01477400E-05,1559369483.6983333,+1.57076480E+00,,,,
402,+3.01390500E-05,1559369483.9066668,+1.57076230E+00,,,,
403,+3.01818000E-05,1559369484.115,+1.57076600E+00,,,,
404,+3.01944900E-05,1559369484.3233333,+1.57076600E+00,,,,
405,+3.00729400E-05,1559369484.5316668,+1.57076480E+00,,,,
406,+3.02172000E-05,1559369484.74,+1.57076230E+00,,,,
407,+3.03460800E-05,1559369484.9483333,+1.57076480E+00,,,,
408,+3.02145200E-05,1559369485.1566668,+1.57076600E+00,,,,
409,+3.01484100E-05,1559369485.365,+1.57077100E+00,,,,
410,+3.02071800E-05,1559369485.5733333,+1.57076850E+00,,,,
411,+3.02766300E-05,1559369485.7816668,+1.57077220E+00,,,,
412,+3.01958200E-05,1559369485.99,+1.57076480E+00,,,,
413,+3.01904800E-05,1559369486.1983333,+1.57076970E+00,,,,
414,+3.02151800E-05,1559369486.4066668,+1.57076970E+00,,,,
415,+3.01417300E-05,1559369486.615,+1.57076720E+00,,,,
416,+3.02292100E-05,1559369486.8233333,+1.57076970E+00,,,,
417,+3.01637700E-05,1559369487.0316668,+1.57076970E+00,,,,
418,+3.00916500E-05,1559369487.24,+1.57076720E+00,,,,
419,+3.00702700E-05,1559369487.4483333,+1.57076970E+00,,,,
420,+3.01223600E-05,1559369487.6566668,+1.57076970E+00,,,,
421,+3.01136800E-05,1559369487.865,+1.57077100E+00,,,,
422,+3.01176900E-05,1559369488.0733333,+1.57076850E+00,,,,
423,+3.01630900E-05,1559369488.2816668,+1.57077100E+00,,,,
424,+3.00943000E-05,1559369488.49,+1.57077100E+00,,,,
425,+3.01664400E-05,1559369492.09,+1.57077100E+00,,,,
426,+3.02278800E-05,1559369492.2983332,+1.57077100E+00,,,,
427,+3.01630900E-05,1559369492.5066667,+1.57076970E+00,,,,
428,+3.01337200E-05,1559369492.715,+1.57077220E+00,,,,
429,+3.02125200E-05,1559369492.9233332,+1.57077220E+00,,,,
430,+3.01731100E-05,1559369493.1316667,+1.57076720E+00,,,,
431,+3.02238700E-05,1559369493.34,+1.57076850E+00,,,,
432,+3.02205300E-05,1559369493.5483332,+1.57077220E+00,,,,
433,+3.01731100E-05,1559369493.7566667,+1.57076720E+00,,,,
434,+3.01671000E-05,1559369493.965,+1.57077220E+00,,,,
435,+3.01530900E-05,1559369494.1733332,+1.57077220E+00,,,,
436,+3.01844700E-05,1559369494.3816667,+1.57077220E+00,,,,
437,+3.01771300E-05,1559369494.59,+1.57077100E+00,,,,
438,+3.02445800E-05,1559369494.7983332,+1.57076970E+00,,,,
439,+3.02071800E-05,1559369495.0066667,+1.57076850E+00,,,,
440,+3.01944900E-05,1559369495.215,+1.57077220E+00,,,,
441,+3.02004900E-05,1559369495.4233332,+1.57077100E+00,,,,
442,+3.03093500E-05,1559369495.6316667,+1.57077220E+00,,,,
443,+3.02632600E-05,1559369495.84,+1.57076970E+00,,,,
444,+3.01878100E-05,1559369496.0483332,+1.57076970E+00,,,,
445,+3.04008400E-05,1559369496.2566667,+1.57076720E+00,,,,
446,+3.02545900E-05,1559369496.465,+1.57077340E+00,,,,
447,+3.02632700E-05,1559369496.6733332,+1.57076970E+00,,,,
448,+3.03153600E-05,1559369496.8816667,+1.57077340E+00,,,,
449,+3.04115300E-05,1559369497.09,+1.57077100E+00,,,,
450,+3.02946600E-05,1559369500.69,+1.57077100E+00,,,,
451,+3.03394000E-05,1559369500.8983333,+1.57076970E+00,,,,
452,+3.03113500E-05,1559369501.1066668,+1.57076970E+00,,,,
453,+3.03387400E-05,1559369501.315,+1.57076970E+00,,,,
454,+3.02439000E-05,1559369501.5233333,+1.57077220E+00,,,,
455,+3.02739600E-05,1559369501.7316668,+1.57076970E+00,,,,
456,+3.03921600E-05,1559369501.94,+1.57076850E+00,,,,
457,+3.03467500E-05,1559369502.1483333,+1.57076720E+00,,,,
458,+3.02325500E-05,1559369502.3566668,+1.57076600E+00,,,,
459,+3.03200300E-05,1559369502.565,+1.57076720E+00,,,,
460,+3.04462500E-05,1559369502.7733333,+1.57076480E+00,,,,
461,+3.02946600E-05,1559369502.9816668,+1.57076480E+00,,,,
462,+3.02639300E-05,1559369503.19,+1.57076480E+00,,,,
463,+3.02205300E-05,1559369503.3983333,+1.57076850E+00,,,,
464,+3.01938200E-05,1559369503.6066668,+1.57076600E+00,,,,
465,+3.02459200E-05,1559369503.815,+1.57076720E+00,,,,
466,+3.01717800E-05,1559369504.0233333,+1.57076480E+00,,,,
467,+3.01477300E-05,1559369504.2316668,+1.57076600E+00,,,,
468,+3.01197000E-05,1559369504.44,+1.57076600E+00,,,,
469,+3.02018300E-05,1559369504.6483333,+1.57076850E+00,,,,
470,+3.02018300E-05,1559369504.8566668,+1.57076480E+00,,,,
471,+3.02325500E-05,1559369505.065,+1.57076600E+00,,,,
472,+3.01777900E-05,1559369505.2733333,+1.57076970E+00,,,,
473,+3.01871400E-05,1559369505.4816668,+1.57076720E+00,,,,
474,+3.01497400E-05,1559369505.69,+1.57077100E+00,,,,
475,+3.02292100E-05,1559369509.29,+1.57076850E+00,,,,
476,+3.02873100E-05,1559369509.4983332,+1.57076720E+00,,,,
477,+3.02866400E-05,1559369509.7066667,+1.57076720E+00,,,,
478,+3.02999900E-05,1559369509.915,+1.57077220E+00,,,,
479,+3.02893100E-05,1559369510.1233332,+1.57077100E+00,,,,
480,+3.02826400E-05,1559369510.3316667,+1.57076970E+00,,,,
481,+3.02552500E-05,1559369510.54,+1.57077220E+00,,,,
482,+3.03460800E-05,1559369510.7483332,+1.57076720E+00,,,,
483,+3.03333900E-05,1559369510.9566667,+1.57076850E+00,,,,
484,+3.03527500E-05,1559369511.165,+1.57077470E+00,,,,
485,+3.03727900E-05,1559369511.3733332,+1.57077470E+00,,,,
486,+3.03480800E-05,1559369511.5816667,+1.57077220E+00,,,,
487,+3.04369100E-05,1559369511.79,+1.57077340E+00,,,,
488,+3.03687900E-05,1559369511.9983332,+1.57077340E+00,,,,
489,+3.03841400E-05,1559369512.2066667,+1.57077340E+00,,,,
490,+3.03073500E-05,1559369512.415,+1.57077220E+00,,,,
491,+3.04556100E-05,1559369512.6233332,+1.57077100E+00,,,,
492,+3.04061900E-05,1559369512.8316667,+1.57076970E+00,,,,
493,+3.05738000E-05,1559369513.04,+1.57076850E+00,,,,
494,+3.05951800E-05,1559369513.2483332,+1.57077220E+00,,,,
495,+3.04743100E-05,1559369513.4566667,+1.57077220E+00,,,,
496,+3.04369100E-05,1559369513.665,+1.57076720E+00,,,,
497,+3.04936800E-05,1559369513.8733332,+1.57077100E+00,,,,
498,+3.06305700E-05,1559369514.0816667,+1.57077220E+00,,,,
499,+3.04529200E-05,1559369514.29,+1.57076850E+00,,,,
500,+3.05390900E-05,1559369517.89,+1.57076970E+00,,,,
501,+3.05678000E-05,1559369518.0983334,+1.57077470E+00,,,,
502,+3.05577900E-05,1559369518.3066669,+1.57076970E+00,,,,
503,+3.05050200E-05,1559369518.515,+1.57077100E+00,,,,
504,+3.05143700E-05,1559369518.7233334,+1.57076600E+00,,,,
505,+3.04996800E-05,1559369518.9316669,+1.57077100E+00,,,,
506,+3.05577900E-05,1559369519.14,+1.57076720E+00,,,,
507,+3.04856600E-05,1559369519.3483334,+1.57076970E+00,,,,
508,+3.04309000E-05,1559369519.5566669,+1.57076970E+00,,,,
509,+3.07414400E-05,1559369519.765,+1.57076850E+00,,,,
510,+3.05637900E-05,1559369519.9733334,+1.57077100E+00,,,,
511,+3.04288900E-05,1559369520.1816669,+1.57076970E+00,,,,
512,+3.04656300E-05,1559369520.39,+1.57077100E+00,,,,
513,+3.05838200E-05,1559369520.5983334,+1.57077470E+00,,,,
514,+3.04529400E-05,1559369520.8066669,+1.57076970E+00,,,,
515,+3.04122000E-05,1559369521.015,+1.57076850E+00,,,,
516,+3.04021800E-05,1559369521.2233334,+1.57077220E+00,,,,
517,+3.03921600E-05,1559369521.4316669,+1.57076970E+00,,,,
518,+3.04068600E-05,1559369521.64,+1.57077220E+00,,,,
519,+3.03661100E-05,1559369521.8483334,+1.57076720E+00,,,,
520,+3.04202100E-05,1559369522.0566669,+1.57077100E+00,,,,
521,+3.04422400E-05,1559369522.265,+1.57077220E+00,,,,
522,+3.04008500E-05,1559369522.4733334,+1.57076850E+00,,,,
523,+3.04422500E-05,1559369522.6816669,+1.57076850E+00,,,,
524,+3.03100200E-05,1559369522.89,+1.57077100E+00,,,,
525,+3.03707900E-05,1559369526.49,+1.57077220E+00,,,,
526,+3.03614300E-05,1559369526.6983333,+1.57076970E+00,,,,
527,+3.02619400E-05,1559369526.9066668,+1.57076720E+00,,,,
528,+3.04689600E-05,1559369527.115,+1.57076850E+00,,,,
529,+3.03040100E-05,1559369527.3233333,+1.57076850E+00,,,,
530,+3.02519100E-05,1559369527.5316668,+1.57076600E+00,,,,
531,+3.02692900E-05,1559369527.74,+1.57076970E+00,,,,
532,+3.02258700E-05,1559369527.9483333,+1.57076600E+00,,,,
533,+3.02285500E-05,1559369528.1566668,+1.57076720E+00,,,,
534,+3.03000000E-05,1559369528.365,+1.57076480E+00,,,,
535,+2.93877600E-05,1559369528.5733333,+1.57076850E+00,,,,
536,+3.02939800E-05,1559369528.7816668,+1.57076600E+00,,,,
537,+3.02505800E-05,1559369528.99,+1.57077220E+00,,,,
538,+3.02472400E-05,1559369529.1983333,+1.57076970E+00,,,,
539,+3.02512400E-05,1559369529.4066668,+1.57077100E+00,,,,
540,+3.02512400E-05,1559369529.615,+1.57076720E+00,,,,
541,+3.02445700E-05,1559369529.8233333,+1.57076850E+00,,,,
542,+3.02512600E-05,1559369530.0316668,+1.57076600E+00,,,,
543,+3.02025000E-05,1559369530.24,+1.57076600E+00,,,,
544,+3.02646100E-05,1559369530.4483333,+1.57076480E+00,,,,
545,+3.02298800E-05,1559369530.6566668,+1.57076970E+00,,,,
546,+3.02606100E-05,1559369530.865,+1.57076600E+00,,,,
547,+3.01918100E-05,1559369531.0733333,+1.57076720E+00,,,,
548,+3.03273700E-05,1559369531.2816668,+1.57076720E+00,,,,
549,+3.01777900E-05,1559369531.49,+1.57076850E+00,,,,
550,+3.01096600E-05,1559369535.09,+1.57076480E+00,,,,
551,+3.00823000E-05,1559369535.2983332,+1.57076350E+00,,,,
552,+3.01337200E-05,1559369535.5066667,+1.57076480E+00,,,,
553,+3.01444100E-05,1559369535.715,+1.57076230E+00,,,,
554,+3.00482400E-05,1559369535.9233332,+1.57076480E+00,,,,
555,+3.00956500E-05,1559369536.1316667,+1.57076970E+00,,,,
556,+3.00956500E-05,1559369536.34,+1.57076720E+00,,,,
557,+3.00916500E-05,1559369536.5483332,+1.57076480E+00,,,,
558,+3.00629200E-05,1559369536.7566667,+1.57076600E+00,,,,
559,+3.00996500E-05,1559369536.965,+1.57076850E+00,,,,
560,+3.00782900E-05,1559369537.1733332,+1.57076480E+00,,,,
561,+3.00388800E-05,1559369537.3816667,+1.57076720E+00,,,,
562,+2.99841200E-05,1559369537.59,+1.57076850E+00,,,,
563,+3.00148400E-05,1559369537.7983332,+1.57076850E+00,,,,
564,+3.00642500E-05,1559369538.0066667,+1.57076720E+00,,,,
565,+2.99827900E-05,1559369538.215,+1.57076480E+00,,,,
566,+3.01998300E-05,1559369538.4233332,+1.57076850E+00,,,,
567,+3.01210200E-05,1559369538.6316667,+1.57076850E+00,,,,
568,+3.00929700E-05,1559369538.84,+1.57076970E+00,,,,
569,+3.00235300E-05,1559369539.0483332,+1.57076600E+00,,,,
570,+3.02565900E-05,1559369539.2566667,+1.57076600E+00,,,,
571,+3.00535800E-05,1559369539.465,+1.57076970E+00,,,,
572,+3.00796100E-05,1559369539.6733332,+1.57076850E+00,,,,
573,+3.00322000E-05,1559369539.8816667,+1.57076970E+00,,,,
574,+2.99827900E-05,1559369540.09,+1.57076720E+00,,,,
575,+3.00135100E-05,1559369543.691,+1.57076970E+00,,,,
576,+3.00482200E-05,1559369543.8993332,+1.57076970E+00,,,,
577,+3.00535800E-05,1559369544.1076667,+1.57076970E+00,,,,
578,+3.00368900E-05,1559369544.316,+1.57077100E+00,,,,
579,+3.00388800E-05,1559369544.5243332,+1.57077100E+00,,,,
580,+3.00175100E-05,1559369544.7326667,+1.57076970E+00,,,,
581,+3.01711200E-05,1559369544.941,+1.57077220E+00,,,,
582,+3.00756100E-05,1559369545.1493332,+1.57076970E+00,,,,
583,+3.00402200E-05,1559369545.3576667,+1.57076970E+00,,,,
584,+3.00462400E-05,1559369545.566,+1.57077340E+00,,,,
585,+3.02085100E-05,1559369545.7743332,+1.57076970E+00,,,,
586,+3.00769500E-05,1559369545.9826667,+1.57076720E+00,,,,
587,+3.01063400E-05,1559369546.191,+1.57077720E+00,,,,
588,+3.00262000E-05,1559369546.3993332,+1.57077220E+00,,,,
589,+2.99834500E-05,1559369546.6076667,+1.57077220E+00,,,,
590,+3.00448900E-05,1559369546.816,+1.57077220E+00,,,,
591,+3.00582400E-05,1559369547.0243332,+1.57076850E+00,,,,
592,+2.97330200E-05,1559369547.2326667,+1.57076970E+00,,,,
593,+2.98585700E-05,1559369547.441,+1.57077100E+00,,,,
594,+2.98745900E-05,1559369547.6493332,+1.57077100E+00,,,,
595,+2.99427100E-05,1559369547.8576667,+1.57077720E+00,,,,
596,+2.99213300E-05,1559369548.066,+1.57077100E+00,,,,
597,+2.99487300E-05,1559369548.2743332,+1.57077220E+00,,,,
598,+2.99360300E-05,1559369548.4826667,+1.57077220E+00,,,,
599,+2.99580700E-05,1559369548.691,+1.57077590E+00,,,,
600,+2.99687700E-05,1559369552.29,+1.57077100E+00,,,,
601,+2.99627500E-05,1559369552.4983332,+1.57076720E+00,,,,
602,+2.99507300E-05,1559369552.7066667,+1.57076970E+00,,,,
603,+2.99320200E-05,1559369552.915,+1.57077470E+00,,,,
604,+2.99333600E-05,1559369553.1233332,+1.57076970E+00,,,,
605,+2.99113300E-05,1559369553.3316667,+1.57077470E+00,,,,
606,+2.99380400E-05,1559369553.54,+1.57077220E+00,,,,
607,+2.98852800E-05,1559369553.7483332,+1.57077340E+00,,,,
608,+2.98772600E-05,1559369553.9566667,+1.57077220E+00,,,,
609,+2.99113300E-05,1559369554.165,+1.57077100E+00,,,,
610,+2.99534000E-05,1559369554.3733332,+1.57077100E+00,,,,
611,+2.98552300E-05,1559369554.5816667,+1.57077340E+00,,,,
612,+2.99587500E-05,1559369554.79,+1.57076970E+00,,,,
613,+2.99273400E-05,1559369554.9983332,+1.57076850E+00,,,,
614,+2.99079900E-05,1559369555.2066667,+1.57076720E+00,,,,
615,+2.98839400E-05,1559369555.415,+1.57076720E+00,,,,
616,+2.99400400E-05,1559369555.6233332,+1.57076970E+00,,,,
617,+2.98986300E-05,1559369555.8316667,+1.57077220E+00,,,,
618,+2.98365400E-05,1559369556.04,+1.57076850E+00,,,,
619,+3.00629200E-05,1559369556.2483332,+1.57076850E+00,,,,
620,+2.98912900E-05,1559369556.4566667,+1.57076850E+00,,,,
621,+2.99260200E-05,1559369556.665,+1.57076970E+00,,,,
622,+2.98645700E-05,1559369556.8733332,+1.57076850E+00,,,,
623,+3.00729500E-05,1559369557.0816667,+1.57076970E+00,,,,
624,+2.99340400E-05,1559369557.29,+1.57076850E+00,,,,
625,+2.98478900E-05,1559369560.891,+1.57076970E+00,,,,
626,+2.99013100E-05,1559369561.0993333,+1.57076970E+00,,,,
627,+2.99554100E-05,1559369561.3076668,+1.57076600E+00,,,,
628,+2.98685900E-05,1559369561.516,+1.57076850E+00,,,,
629,+2.99006400E-05,1559369561.7243333,+1.57076600E+00,,,,
630,+2.98792700E-05,1559369561.9326668,+1.57076480E+00,,,,
631,+2.98959600E-05,1559369562.141,+1.57076850E+00,,,,
632,+2.98058200E-05,1559369562.3493333,+1.57076720E+00,,,,
633,+2.97877900E-05,1559369562.5576668,+1.57076600E+00,,,,
634,+2.99754300E-05,1559369562.766,+1.57076850E+00,,,,
635,+2.98659200E-05,1559369562.9743333,+1.57076970E+00,,,,
636,+2.98512300E-05,1559369563.1826668,+1.57076600E+00,,,,
637,+2.98432100E-05,1559369563.391,+1.57076480E+00,,,,
638,+2.99714300E-05,1559369563.5993333,+1.57076970E+00,,,,
639,+2.98432100E-05,1559369563.8076668,+1.57076720E+00,,,,
640,+2.98218300E-05,1559369564.016,+1.57076720E+00,,,,
641,+2.98725800E-05,1559369564.2243333,+1.57076970E+00,,,,
642,+2.99500500E-05,1559369564.4326668,+1.57077220E+00,,,,
643,+2.98846200E-05,1559369564.641,+1.57076850E+00,,,,
644,+2.98812800E-05,1559369564.8493333,+1.57076720E+00,,,,
645,+2.99367000E-05,1559369565.0576668,+1.57076850E+00,,,,
646,+2.98545700E-05,1559369565.266,+1.57076600E+00,,,,
647,+2.99226800E-05,1559369565.4743333,+1.57076480E+00,,,,
648,+2.99433700E-05,1559369565.6826668,+1.57077100E+00,,,,
649,+2.98672500E-05,1559369565.891,+1.57076480E+00,,,,
650,+2.99814400E-05,1559369569.49,+1.57076480E+00,,,,
651,+2.99627500E-05,1559369569.6983333,+1.57076850E+00,,,,
652,+2.99640800E-05,1559369569.9066668,+1.57076970E+00,,,,
653,+2.99186800E-05,1559369570.115,+1.57077100E+00,,,,
654,+3.00021600E-05,1559369570.3233333,+1.57077470E+00,,,,
655,+2.98559000E-05,1559369570.5316668,+1.57076850E+00,,,,
656,+3.00028200E-05,1559369570.74,+1.57076850E+00,,,,
657,+3.00001500E-05,1559369570.9483333,+1.57076480E+00,,,,
658,+2.99887800E-05,1559369571.1566668,+1.57076600E+00,,,,
659,+3.00408900E-05,1559369571.365,+1.57076720E+00,,,,
660,+3.00175200E-05,1559369571.5733333,+1.57076480E+00,,,,
661,+3.02105200E-05,1559369571.7816668,+1.57076720E+00,,,,
662,+3.01003300E-05,1559369571.99,+1.57076350E+00,,,,
663,+3.00802900E-05,1559369572.1983333,+1.57076480E+00,,,,
664,+3.00455600E-05,1559369572.4066668,+1.57076600E+00,,,,
665,+3.02011700E-05,1559369572.615,+1.57076230E+00,,,,
666,+3.01664400E-05,1559369572.8233333,+1.57075980E+00,,,,
667,+3.00315300E-05,1559369573.0316668,+1.57076480E+00,,,,
668,+3.00075000E-05,1559369573.24,+1.57076100E+00,,,,
669,+3.01871300E-05,1559369573.4483333,+1.57076720E+00,,,,
670,+3.00816300E-05,1559369573.6566668,+1.57076600E+00,,,,
671,+3.00716100E-05,1559369573.865,+1.57076720E+00,,,,
672,+3.00208500E-05,1559369574.0733333,+1.57075980E+00,,,,
673,+2.99888000E-05,1559369574.2816668,+1.57076350E+00,,,,
674,+2.99928100E-05,1559369574.49,+1.57076720E+00,,,,
675,+3.00322100E-05,1559369578.091,+1.57077100E+00,,,,
676,+3.01197000E-05,1559369578.2993333,+1.57076720E+00,,,,
677,+3.01737900E-05,1559369578.5076668,+1.57076720E+00,,,,
678,+3.00422300E-05,1559369578.716,+1.57076720E+00,,,,
679,+3.01384000E-05,1559369578.9243333,+1.57076970E+00,,,,
680,+3.00796200E-05,1559369579.1326668,+1.57076850E+00,,,,
681,+3.01230300E-05,1559369579.341,+1.57076850E+00,,,,
682,+3.00602600E-05,1559369579.5493333,+1.57077470E+00,,,,
683,+3.00829500E-05,1559369579.7576668,+1.57077100E+00,,,,
684,+3.02512600E-05,1559369579.966,+1.57077220E+00,,,,
685,+3.00448900E-05,1559369580.1743333,+1.57077340E+00,,,,
686,+3.00602500E-05,1559369580.3826668,+1.57077100E+00,,,,
687,+3.00281900E-05,1559369580.591,+1.57077470E+00,,,,
688,+3.01838000E-05,1559369580.7993333,+1.57077100E+00,,,,
689,+3.00442300E-05,1559369581.0076668,+1.57077590E+00,,,,
690,+2.99894600E-05,1559369581.216,+1.57077720E+00,,,,
691,+2.99540600E-05,1559369581.4243333,+1.57077720E+00,,,,
692,+3.01210300E-05,1559369581.6326668,+1.57077340E+00,,,,
693,+3.00261900E-05,1559369581.841,+1.57076970E+00,,,,
694,+2.99667600E-05,1559369582.0493333,+1.57077220E+00,,,,
695,+2.99460600E-05,1559369582.2576668,+1.57077340E+00,,,,
696,+2.99747800E-05,1559369582.466,+1.57077100E+00,,,,
697,+3.00001500E-05,1559369582.6743333,+1.57077590E+00,,,,
698,+2.99954800E-05,1559369582.8826668,+1.57077590E+00,,,,
699,+2.99253500E-05,1559369583.091,+1.57077720E+00,,,,
700,+3.00749400E-05,1559369586.69,+1.57077220E+00,,,,
701,+2.99741000E-05,1559369586.8983333,+1.57077470E+00,,,,
702,+2.99807900E-05,1559369587.1066668,+1.57077470E+00,,,,
703,+2.99740900E-05,1559369587.315,+1.57077100E+00,,,,
704,+3.00241800E-05,1559369587.5233333,+1.57076850E+00,,,,
705,+2.99100000E-05,1559369587.7316668,+1.57076970E+00,,,,
706,+2.99226700E-05,1559369587.94,+1.57076480E+00,,,,
707,+3.00328600E-05,1559369588.1483333,+1.57076970E+00,,,,
708,+2.99727700E-05,1559369588.3566668,+1.57077100E+00,,,,
709,+2.99627500E-05,1559369588.565,+1.57076720E+00,,,,
710,+2.99580800E-05,1559369588.7733333,+1.57076970E+00,,,,
711,+3.01637700E-05,1559369588.9816668,+1.57076850E+00,,,,
712,+3.00275300E-05,1559369589.19,+1.57076600E+00,,,,
713,+2.99520600E-05,1559369589.3983333,+1.57077100E+00,,,,
714,+2.99086600E-05,1559369589.6066668,+1.57077590E+00,,,,
715,+3.01377200E-05,1559369589.815,+1.57077100E+00,,,,
716,+3.00555800E-05,1559369590.0233333,+1.57077590E+00,,,,
717,+2.99654200E-05,1559369590.2316668,+1.57077340E+00,,,,
718,+2.99353700E-05,1559369590.44,+1.57077340E+00,,,,
719,+2.99567400E-05,1559369590.6483333,+1.57077100E+00,,,,
720,+3.00228600E-05,1559369590.8566668,+1.57077220E+00,,,,
721,+3.00168400E-05,1559369591.065,+1.57077220E+00,,,,
722,+3.00435600E-05,1559369591.2733333,+1.57077220E+00,,,,
723,+3.00388800E-05,1559369591.4816668,+1.57077100E+00,,,,
724,+3.00669400E-05,1559369591.69,+1.57076970E+00,,,,
725,+3.01143500E-05,1559369595.29,+1.57076850E+00,,,,
726,+3.01777900E-05,1559369595.4983332,+1.57077220E+00,,,,
727,+3.02606100E-05,1559369595.7066667,+1.57076970E+00,,,,
728,+3.02318800E-05,1559369595.915,+1.57076850E+00,,,,
729,+3.01978300E-05,1559369596.1233332,+1.57076970E+00,,,,
730,+3.03474200E-05,1559369596.3316667,+1.57077340E+00,,,,
731,+3.02746300E-05,1559369596.54,+1.57076970E+00,,,,
732,+3.02091700E-05,1559369596.7483332,+1.57077100E+00,,,,
733,+3.02752800E-05,1559369596.9566667,+1.57077220E+00,,,,
734,+3.03954900E-05,1559369597.165,+1.57076600E+00,,,,
735,+3.03040100E-05,1559369597.3733332,+1.57076850E+00,,,,
736,+3.02479200E-05,1559369597.5816667,+1.57076350E+00,,,,
737,+3.02659400E-05,1559369597.79,+1.57076970E+00,,,,
738,+3.04449200E-05,1559369597.9983332,+1.57076720E+00,,,,
739,+3.02539200E-05,1559369598.2066667,+1.57076720E+00,,,,
740,+3.02285500E-05,1559369598.415,+1.57077100E+00,,,,
741,+3.02425600E-05,1559369598.6233332,+1.57076850E+00,,,,
742,+3.02332100E-05,1559369598.8316667,+1.57076970E+00,,,,
743,+3.02352200E-05,1559369599.04,+1.57077100E+00,,,,
744,+3.01804700E-05,1559369599.2483332,+1.57076850E+00,,,,
745,+3.02171900E-05,1559369599.4566667,+1.57076850E+00,,,,
746,+3.02305400E-05,1559369599.665,+1.57076970E+00,,,,
747,+3.01958300E-05,1559369599.8733332,+1.57076970E+00,,,,
748,+3.02004900E-05,1559369600.0816667,+1.57076720E+00,,,,
749,+3.02058400E-05,1559369600.29,+1.57076850E+00,,,,
750,+3.00756100E-05,1559369603.89,+1.57076850E+00,,,,
751,+3.00195100E-05,1559369604.0983334,+1.57077100E+00,,,,
752,+3.00208500E-05,1559369604.3066669,+1.57076600E+00,,,,
753,+3.01938200E-05,1559369604.515,+1.57076850E+00,,,,
754,+3.01297100E-05,1559369604.7233334,+1.57076720E+00,,,,
755,+3.00562500E-05,1559369604.9316669,+1.57076970E+00,,,,
756,+3.00502400E-05,1559369605.14,+1.57076970E+00,,,,
757,+3.02632800E-05,1559369605.3483334,+1.57076720E+00,,,,
758,+3.00602500E-05,1559369605.5566669,+1.57076850E+00,,,,
759,+3.00762700E-05,1559369605.765,+1.57077340E+00,,,,
760,+3.00355300E-05,1559369605.9733334,+1.57076970E+00,,,,
761,+3.02439000E-05,1559369606.1816669,+1.57076850E+00,,,,
762,+3.01243600E-05,1559369606.39,+1.57076480E+00,,,,
763,+3.00896400E-05,1559369606.5983334,+1.57077220E+00,,,,
764,+3.00402200E-05,1559369606.8066669,+1.57076600E+00,,,,
765,+3.00522300E-05,1559369607.015,+1.57076600E+00,,,,
766,+3.00909800E-05,1559369607.2233334,+1.57077100E+00,,,,
767,+3.00555700E-05,1559369607.4316669,+1.57076850E+00,,,,
768,+3.00288600E-05,1559369607.64,+1.57076720E+00,,,,
769,+3.00629200E-05,1559369607.8483334,+1.57076600E+00,,,,
770,+3.00842800E-05,1559369608.0566669,+1.57076850E+00,,,,
771,+3.00308700E-05,1559369608.265,+1.57076480E+00,,,,
772,+3.00315400E-05,1559369608.4733334,+1.57076600E+00,,,,
773,+3.00709300E-05,1559369608.6816669,+1.57076600E+00,,,,
774,+3.00555700E-05,1559369608.89,+1.57076230E+00,,,,
775,+3.00849600E-05,1559369612.49,+1.57076720E+00,,,,
776,+3.02719500E-05,1559369612.6983333,+1.57076100E+00,,,,
777,+3.02452300E-05,1559369612.9066668,+1.57076600E+00,,,,
778,+3.01417300E-05,1559369613.115,+1.57076350E+00,,,,
779,+3.01744400E-05,1559369613.3233333,+1.57076970E+00,,,,
780,+3.03707800E-05,1559369613.5316668,+1.57076850E+00,,,,
781,+3.02265500E-05,1559369613.74,+1.57076480E+00,,,,
782,+3.01370500E-05,1559369613.9483333,+1.57076720E+00,,,,
783,+3.01176900E-05,1559369614.1566668,+1.57076350E+00,,,,
784,+3.03654500E-05,1559369614.365,+1.57076100E+00,,,,
785,+3.02358900E-05,1559369614.5733333,+1.57076720E+00,,,,
786,+3.02732900E-05,1559369614.7816668,+1.57076480E+00,,,,
787,+3.02359000E-05,1559369614.99,+1.57076970E+00,,,,
788,+3.01731100E-05,1559369615.1983333,+1.57076230E+00,,,,
789,+3.02666200E-05,1559369615.4066668,+1.57076100E+00,,,,
790,+3.01831400E-05,1559369615.615,+1.57076970E+00,,,,
791,+3.02666100E-05,1559369615.8233333,+1.57076850E+00,,,,
792,+3.02225400E-05,1559369616.0316668,+1.57076480E+00,,,,
793,+3.01844700E-05,1559369616.24,+1.57076850E+00,,,,
794,+3.01731100E-05,1559369616.4483333,+1.57076230E+00,,,,
795,+3.01283800E-05,1559369616.6566668,+1.57076350E+00,,,,
796,+3.01170200E-05,1559369616.865,+1.57076970E+00,,,,
797,+3.00949800E-05,1559369617.0733333,+1.57076480E+00,,,,
798,+3.00856200E-05,1559369617.2816668,+1.57076600E+00,,,,
799,+3.01110200E-05,1559369617.49,+1.57076600E+00,,,,
800,+3.01096600E-05,1559369621.09,+1.57076480E+00,,,,
801,+3.01484000E-05,1559369621.2983332,+1.57076480E+00,,,,
802,+3.01637700E-05,1559369621.5066667,+1.57076850E+00,,,,
803,+3.03694600E-05,1559369621.715,+1.57076600E+00,,,,
804,+3.02512400E-05,1559369621.9233332,+1.57076720E+00,,,,
805,+3.01971500E-05,1559369622.1316667,+1.57076350E+00,,,,
806,+3.02058400E-05,1559369622.34,+1.57076850E+00,,,,
807,+3.03894900E-05,1559369622.5483332,+1.57076480E+00,,,,
808,+3.02238800E-05,1559369622.7566667,+1.57076600E+00,,,,
809,+3.01470700E-05,1559369622.965,+1.57076850E+00,,,,
810,+3.01517500E-05,1559369623.1733332,+1.57076720E+00,,,,
811,+3.01704300E-05,1559369623.3816667,+1.57076720E+00,,,,
812,+3.01343900E-05,1559369623.59,+1.57076970E+00,,,,
813,+3.00595900E-05,1559369623.7983332,+1.57076600E+00,,,,
814,+3.01243500E-05,1559369624.0066667,+1.57077100E+00,,,,
815,+3.01156900E-05,1559369624.215,+1.57076970E+00,,,,
816,+3.00949800E-05,1559369624.4233332,+1.57076850E+00,,,,
817,+3.00702600E-05,1559369624.6316667,+1.57076350E+00,,,,
818,+3.01310400E-05,1559369624.84,+1.57076600E+00,,,,
819,+3.01250300E-05,1559369625.0483332,+1.57076480E+00,,,,
820,+3.00295400E-05,1559369625.2566667,+1.57076480E+00,,,,
821,+3.00435500E-05,1559369625.465,+1.57076720E+00,,,,
822,+3.01029900E-05,1559369625.6733332,+1.57076720E+00,,,,
823,+3.01043300E-05,1559369625.8816667,+1.57076600E+00,,,,
824,+3.00622500E-05,1559369626.09,+1.57077100E+00,,,,
825,+3.01370500E-05,1559369629.691,+1.57077100E+00,,,,
826,+3.03387400E-05,1559369629.8993332,+1.57076480E+00,,,,
827,+3.01530800E-05,1559369630.1076667,+1.57076480E+00,,,,
828,+3.00863000E-05,1559369630.316,+1.57076600E+00,,,,
829,+3.01330400E-05,1559369630.5243332,+1.57076600E+00,,,,
830,+3.03040100E-05,1559369630.7326667,+1.57076720E+00,,,,
831,+3.02018200E-05,1559369630.941,+1.57076850E+00,,,,
832,+3.02011600E-05,1559369631.1493332,+1.57076480E+00,,,,
833,+3.01644400E-05,1559369631.3576667,+1.57076350E+00,,,,
834,+3.02505800E-05,1559369631.566,+1.57076480E+00,,,,
835,+3.01884700E-05,1559369631.7743332,+1.57076600E+00,,,,
836,+3.01557500E-05,1559369631.9826667,+1.57076600E+00,,,,
837,+3.01871400E-05,1559369632.191,+1.57076720E+00,,,,
838,+3.01851300E-05,1559369632.3993332,+1.57076970E+00,,,,
839,+3.01524100E-05,1559369632.6076667,+1.57076970E+00,,,,
840,+3.00816200E-05,1559369632.816,+1.57077340E+00,,,,
841,+3.01377100E-05,1559369633.0243332,+1.57077100E+00,,,,
842,+3.01310300E-05,1559369633.2326667,+1.57077470E+00,,,,
843,+3.00802900E-05,1559369633.441,+1.57077100E+00,,,,
844,+3.00949800E-05,1559369633.6493332,+1.57076970E+00,,,,
845,+3.01323700E-05,1559369633.8576667,+1.57077340E+00,,,,
846,+3.01116700E-05,1559369634.066,+1.57077340E+00,,,,
847,+3.00662600E-05,1559369634.2743332,+1.57077100E+00,,,,
848,+3.00776200E-05,1559369634.4826667,+1.57076850E+00,,,,
849,+3.00542400E-05,1559369634.691,+1.57076970E+00,,,,
850,+3.02605900E-05,1559369638.29,+1.57076970E+00,,,,
851,+3.02118500E-05,1559369638.4983332,+1.57076600E+00,,,,
852,+3.02258700E-05,1559369638.7066667,+1.57076850E+00,,,,
853,+3.03594400E-05,1559369638.915,+1.57076600E+00,,,,
854,+3.02212000E-05,1559369639.1233332,+1.57076850E+00,,,,
855,+3.00776200E-05,1559369639.3316667,+1.57076720E+00,,,,
856,+3.01971500E-05,1559369639.54,+1.57076600E+00,,,,
857,+3.02753000E-05,1559369639.7483332,+1.57076600E+00,,,,
858,+3.02158600E-05,1559369639.9566667,+1.57076850E+00,,,,
859,+3.02211900E-05,1559369640.165,+1.57076480E+00,,,,
860,+3.01671100E-05,1559369640.3733332,+1.57076850E+00,,,,
861,+3.02131900E-05,1559369640.5816667,+1.57076720E+00,,,,
862,+3.01918200E-05,1559369640.79,+1.57076350E+00,,,,
863,+3.01751100E-05,1559369640.9983332,+1.57076720E+00,,,,
864,+3.02619400E-05,1559369641.2066667,+1.57076850E+00,,,,
865,+3.02071800E-05,1559369641.415,+1.57076600E+00,,,,
866,+3.02212100E-05,1559369641.6233332,+1.57076600E+00,,,,
867,+3.02519300E-05,1559369641.8316667,+1.57076600E+00,,,,
868,+3.01631000E-05,1559369642.04,+1.57076600E+00,,,,
869,+3.01604200E-05,1559369642.2483332,+1.57076600E+00,,,,
870,+3.01664400E-05,1559369642.4566667,+1.57077100E+00,,,,
871,+3.02185200E-05,1559369642.665,+1.57076480E+00,,,,
872,+3.01317200E-05,1559369642.8733332,+1.57076850E+00,,,,
873,+3.02432300E-05,1559369643.0816667,+1.57076970E+00,,,,
874,+3.01484000E-05,1559369643.29,+1.57076600E+00,,,,
875,+3.01236900E-05,1559369646.891,+1.57076970E+00,,,,
876,+3.02071800E-05,1559369647.0993333,+1.57076970E+00,,,,
877,+3.01036700E-05,1559369647.3076668,+1.57076720E+00,,,,
878,+2.99954700E-05,1559369647.516,+1.57076850E+00,,,,
879,+3.00181800E-05,1559369647.7243333,+1.57076350E+00,,,,
880,+3.00809500E-05,1559369647.9326668,+1.57076600E+00,,,,
881,+2.99794300E-05,1559369648.141,+1.57076600E+00,,,,
882,+2.99453800E-05,1559369648.3493333,+1.57076850E+00,,,,
883,+2.99888000E-05,1559369648.5576668,+1.57076850E+00,,,,
884,+2.99674300E-05,1559369648.766,+1.57076720E+00,,,,
885,+2.98786100E-05,1559369648.9743333,+1.57076480E+00,,,,
886,+2.99039800E-05,1559369649.1826668,+1.57076600E+00,,,,
887,+2.98752600E-05,1559369649.391,+1.57076850E+00,,,,
888,+2.99747800E-05,1559369649.5993333,+1.57076850E+00,,,,
889,+2.99427200E-05,1559369649.8076668,+1.57076600E+00,,,,
890,+2.99373800E-05,1559369650.016,+1.57076720E+00,,,,
891,+2.99874600E-05,1559369650.2243333,+1.57076600E+00,,,,
892,+2.99166700E-05,1559369650.4326668,+1.57076480E+00,,,,
893,+2.99293600E-05,1559369650.641,+1.57076600E+00,,,,
894,+2.99267000E-05,1559369650.8493333,+1.57076230E+00,,,,
895,+2.99580800E-05,1559369651.0576668,+1.57076720E+00,,,,
896,+3.00288700E-05,1559369651.266,+1.57076850E+00,,,,
897,+3.00175200E-05,1559369651.4743333,+1.57076850E+00,,,,
898,+2.99534000E-05,1559369651.6826668,+1.57076720E+00,,,,
899,+2.99433900E-05,1559369651.891,+1.57076480E+00,,,,
900,+3.01671000E-05,1559369655.49,+1.57076850E+00,,,,
901,+3.01931500E-05,1559369655.6983333,+1.57076600E+00,,,,
902,+3.01403900E-05,1559369655.9066668,+1.57076480E+00,,,,
903,+3.02799700E-05,1559369656.115,+1.57076850E+00,,,,
904,+3.01671000E-05,1559369656.3233333,+1.57076850E+00,,,,
905,+3.01183600E-05,1559369656.5316668,+1.57077100E+00,,,,
906,+3.01911400E-05,1559369656.74,+1.57077100E+00,,,,
907,+3.02018200E-05,1559369656.9483333,+1.57076970E+00,,,,
908,+3.01878100E-05,1559369657.1566668,+1.57076970E+00,,,,
909,+3.01651100E-05,1559369657.365,+1.57076850E+00,,,,
910,+3.01831400E-05,1559369657.5733333,+1.57077340E+00,,,,
911,+3.02505900E-05,1559369657.7816668,+1.57077100E+00,,,,
912,+3.02472400E-05,1559369657.99,+1.57076850E+00,,,,
913,+3.02285400E-05,1559369658.1983333,+1.57076850E+00,,,,
914,+3.03046800E-05,1559369658.4066668,+1.57077100E+00,,,,
915,+3.02245300E-05,1559369658.615,+1.57077220E+00,,,,
916,+3.02579300E-05,1559369658.8233333,+1.57076600E+00,,,,
917,+3.02412200E-05,1559369659.0316668,+1.57076970E+00,,,,
918,+3.02365500E-05,1559369659.24,+1.57077340E+00,,,,
919,+3.02245400E-05,1559369659.4483333,+1.57077340E+00,,,,
920,+3.02719600E-05,1559369659.6566668,+1.57077100E+00,,,,
921,+3.02699500E-05,1559369659.865,+1.57076970E+00,,,,
922,+3.03033400E-05,1559369660.0733333,+1.57077100E+00,,,,
923,+3.03547600E-05,1559369660.2816668,+1.57076720E+00,,,,
924,+3.03380800E-05,1559369660.49,+1.57076480E+00,,,,
925,+3.03754600E-05,1559369664.091,+1.57076850E+00,,,,
926,+3.05023500E-05,1559369664.2993333,+1.57076600E+00,,,,
927,+3.04088600E-05,1559369664.5076668,+1.57076850E+00,,,,
928,+3.03915000E-05,1559369664.716,+1.57076970E+00,,,,
929,+3.04041800E-05,1559369664.9243333,+1.57077100E+00,,,,
930,+3.05284000E-05,1559369665.1326668,+1.57076970E+00,,,,
931,+3.04195300E-05,1559369665.341,+1.57076600E+00,,,,
932,+3.04242100E-05,1559369665.5493333,+1.57076720E+00,,,,
933,+3.03888300E-05,1559369665.7576668,+1.57076480E+00,,,,
934,+3.04242300E-05,1559369665.966,+1.57076600E+00,,,,
935,+3.04268900E-05,1559369666.1743333,+1.57076600E+00,,,,
936,+3.03995100E-05,1559369666.3826668,+1.57076720E+00,,,,
937,+3.03935000E-05,1559369666.591,+1.57076850E+00,,,,
938,+3.03434000E-05,1559369666.7993333,+1.57076850E+00,,,,
939,+3.03160300E-05,1559369667.0076668,+1.57077340E+00,,,,
940,+3.02806400E-05,1559369667.216,+1.57077220E+00,,,,
941,+3.02819800E-05,1559369667.4243333,+1.57077100E+00,,,,
942,+3.03093400E-05,1559369667.6326668,+1.57076850E+00,,,,
943,+3.02993400E-05,1559369667.841,+1.57076850E+00,,,,
944,+3.03080100E-05,1559369668.0493333,+1.57076970E+00,,,,
945,+3.02345600E-05,1559369668.2576668,+1.57077220E+00,,,,
946,+3.02793000E-05,1559369668.466,+1.57077340E+00,,,,
947,+3.02412200E-05,1559369668.6743333,+1.57077470E+00,,,,
948,+3.02485900E-05,1559369668.8826668,+1.57076970E+00,,,,
949,+3.02439000E-05,1559369669.091,+1.57076970E+00,,,,
950,+3.03728000E-05,1559369672.689,+1.57076970E+00,,,,
951,+3.02298900E-05,1559369672.8973331,+1.57076850E+00,,,,
952,+3.02953200E-05,1559369673.1056666,+1.57077100E+00,,,,
953,+3.04355800E-05,1559369673.314,+1.57077340E+00,,,,
954,+3.03033400E-05,1559369673.5223331,+1.57077100E+00,,,,
955,+3.02158600E-05,1559369673.7306666,+1.57077100E+00,,,,
956,+3.02131800E-05,1559369673.939,+1.57076970E+00,,,,
957,+3.02338900E-05,1559369674.1473331,+1.57076720E+00,,,,
958,+3.02218700E-05,1559369674.3556666,+1.57076850E+00,,,,
959,+3.01771200E-05,1559369674.564,+1.57076970E+00,,,,
960,+3.01517500E-05,1559369674.7723331,+1.57076480E+00,,,,
961,+3.01631000E-05,1559369674.9806666,+1.57076600E+00,,,,
962,+3.01437300E-05,1559369675.189,+1.57076600E+00,,,,
963,+3.01958100E-05,1559369675.3973331,+1.57076600E+00,,,,
964,+3.01323700E-05,1559369675.6056666,+1.57076600E+00,,,,
965,+3.01003300E-05,1559369675.814,+1.57076350E+00,,,,
966,+3.02185200E-05,1559369676.0223331,+1.57076350E+00,,,,
967,+3.01717800E-05,1559369676.2306666,+1.57076230E+00,,,,
968,+3.00689300E-05,1559369676.439,+1.57076350E+00,,,,
969,+3.01443900E-05,1559369676.6473331,+1.57076230E+00,,,,
970,+3.01363900E-05,1559369676.8556666,+1.57076230E+00,,,,
971,+3.01464000E-05,1559369677.064,+1.57076350E+00,,,,
972,+3.01610900E-05,1559369677.2723331,+1.57076100E+00,,,,
973,+3.02158500E-05,1559369677.4806666,+1.57076480E+00,,,,
974,+3.02612700E-05,1559369677.689,+1.57075610E+00,,,,
975,+3.01784600E-05,1559369681.29,+1.57076350E+00,,,,
976,+3.03587600E-05,1559369681.4983332,+1.57076230E+00,,,,
977,+3.02753000E-05,1559369681.7066667,+1.57076100E+00,,,,
978,+3.02886500E-05,1559369681.915,+1.57076480E+00,,,,
979,+3.02265300E-05,1559369682.1233332,+1.57076230E+00,,,,
980,+3.02465800E-05,1559369682.3316667,+1.57076100E+00,,,,
981,+3.02632600E-05,1559369682.54,+1.57076600E+00,,,,
982,+3.01831300E-05,1559369682.7483332,+1.57076100E+00,,,,
983,+3.02292100E-05,1559369682.9566667,+1.57076350E+00,,,,
984,+3.02298800E-05,1559369683.165,+1.57076230E+00,,,,
985,+3.01924700E-05,1559369683.3733332,+1.57076230E+00,,,,
986,+3.02265400E-05,1559369683.5816667,+1.57076350E+00,,,,
987,+3.01550800E-05,1559369683.79,+1.57076480E+00,,,,
988,+3.01757900E-05,1559369683.9983332,+1.57076230E+00,,,,
989,+3.01924700E-05,1559369684.2066667,+1.57076480E+00,,,,
990,+3.01297000E-05,1559369684.415,+1.57076480E+00,,,,
991,+3.01557500E-05,1559369684.6233332,+1.57076230E+00,,,,
992,+3.01711100E-05,1559369684.8316667,+1.57076600E+00,,,,
993,+3.00696100E-05,1559369685.04,+1.57076230E+00,,,,
994,+3.01697800E-05,1559369685.2483332,+1.57076350E+00,,,,
995,+3.01751200E-05,1559369685.4566667,+1.57076600E+00,,,,
996,+3.02105200E-05,1559369685.665,+1.57076350E+00,,,,
997,+3.01637700E-05,1559369685.8733332,+1.57076720E+00,,,,
998,+3.01737800E-05,1559369686.0816667,+1.57076350E+00,,,,
999,+3.01751100E-05,1559369686.29,+1.57076600E+00,,,,
1000,+3.01964800E-05,1559369689.89,+1.57076480E+00,,,,
1001,+3.01243600E-05,1559369690.0983334,+1.57077100E+00,,,,
1002,+3.01103500E-05,1559369690.3066669,+1.57076720E+00,,,,
1003,+3.01009900E-05,1559369690.515,+1.57076600E+00,,,,
1004,+3.00515700E-05,1559369690.7233334,+1.57076720E+00,,,,
1005,+2.99821200E-05,1559369690.9316669,+1.57076970E+00,,,,
1006,+2.99894700E-05,1559369691.14,+1.57076720E+00,,,,
1007,+3.00342000E-05,1559369691.3483334,+1.57076600E+00,,,,
1008,+3.00736100E-05,1559369691.5566669,+1.57076970E+00,,,,
1009,+2.99554100E-05,1559369691.765,+1.57076480E+00,,,,
1010,+3.00148400E-05,1559369691.9733334,+1.57076850E+00,,,,
1011,+2.99640900E-05,1559369692.1816669,+1.57077100E+00,,,,
1012,+3.00315300E-05,1559369692.39,+1.57076970E+00,,,,
1013,+2.99801200E-05,1559369692.5983334,+1.57076720E+00,,,,
1014,+2.99560800E-05,1559369692.8066669,+1.57077100E+00,,,,
1015,+2.99948100E-05,1559369693.015,+1.57076970E+00,,,,
1016,+3.00128400E-05,1559369693.2233334,+1.57076850E+00,,,,
1017,+2.99907900E-05,1559369693.4316669,+1.57076850E+00,,,,
1018,+2.99694200E-05,1559369693.64,+1.57076480E+00,,,,
1019,+3.00328700E-05,1559369693.8483334,+1.57077100E+00,,,,
1020,+3.00128400E-05,1559369694.0566669,+1.57076720E+00,,,,
1021,+2.99500700E-05,1559369694.265,+1.57076600E+00,,,,
1022,+2.99687600E-05,1559369694.4733334,+1.57076970E+00,,,,
1023,+3.00435500E-05,1559369694.6816669,+1.57076720E+00,,,,
1024,+3.00135100E-05,1559369694.89,+1.57076600E+00,,,,
1025,,1559369331.306,,,-0.001,,
1026,,1559369331.425,,,0.0,,
1027,,1559369331.532,,,0.003,,
1028,,1559369331.651,,,0.015,,
1029,,1559369331.772,,,0.032,,
1030,,1559369331.879,,,0.063,,
1031,,1559369331.997,,,0.101,,
1032,,1559369332.118,,,0.134,,
1033,,1559369332.24,,,0.178,,
1034,,1559369332.347,,,0.221,,
1035,,1559369332.468,,,0.265,,
1036,,1559369332.619,,,0.311,,
1037,,1559369332.74,,,0.35,,
1038,,1559369332.861,,,0.38,,
1039,,1559369332.968,,,0.419,,
1040,,1559369333.086,,,0.456,,
1041,,1559369333.208,,,0.487,,
1042,,1559369333.329,,,0.524,,
1043,,1559369333.436,,,0.56,,
1044,,1559369333.557,,,0.595,,
1045,,1559369333.677,,,0.625,,
1046,,1559369333.784,,,0.663,,
1047,,1559369333.903,,,0.7,,
1048,,1559369334.024,,,0.73,,
1049,,1559369334.131,,,0.766,,
1050,,1559369334.25,,,0.804,,
1051,,1559369334.399,,,0.848,,
1052,,1559369334.52,,,0.878,,
1053,,1559369334.641,,,0.915,,
1054,,1559369334.748,,,0.952,,
1055,,1559369334.869,,,0.99,,
1056,,1559369334.989,,,1.019,,
1057,,1559369335.096,,,1.056,,
1058,,1559369335.215,,,1.094,,
1059,,1559369335.336,,,1.122,,
1060,,1559369335.443,,,1.161,,
1061,,1559369335.561,,,1.197,,
1062,,1559369335.707,,,1.235,,
1063,,1559369335.829,,,1.272,,
1064,,1559369335.936,,,1.309,,
1065,,1559369336.056,,,1.345,,
1066,,1559369336.177,,,1.375,,
1067,,1559369336.284,,,1.412,,
1068,,1559369336.401,,,1.451,,
1069,,1559369336.52,,,1.479,,
1070,,1559369336.627,,,1.504,,
1071,,1559369339.101,,,1.501,,
1072,,1559369339.222,,,1.502,,
1073,,1559369339.322,,,1.499,,
1074,,1559369339.446,,,1.493,,
1075,,1559369339.522,,,1.482,,
1076,,1559369339.621,,,1.463,,
1077,,1559369339.72,,,1.437,,
1078,,1559369339.819,,,1.408,,
1079,,1559369339.918,,,1.374,,
1080,,1559369340.016,,,1.34,,
1081,,1559369340.115,,,1.304,,
1082,,1559369340.215,,,1.27,,
1083,,1559369340.336,,,1.236,,
1084,,1559369340.415,,,1.204,,
1085,,1559369340.515,,,1.172,,
1086,,1559369340.63,,,1.141,,
1087,,1559369340.758,,,1.095,,
1088,,1559369340.831,,,1.08,,
1089,,1559369340.932,,,1.044,,
1090,,1559369341.031,,,1.014,,
1091,,1559369341.131,,,0.985,,
1092,,1559369341.23,,,0.955,,
1093,,1559369341.328,,,0.924,,
1094,,1559369341.427,,,0.896,,
1095,,1559369341.527,,,0.866,,
1096,,1559369341.648,,,0.836,,
1097,,1559369341.724,,,0.807,,
1098,,1559369341.823,,,0.778,,
1099,,1559369341.923,,,0.748,,
1100,,1559369342.024,,,0.719,,
1101,,1559369342.124,,,0.69,,
1102,,1559369342.239,,,0.659,,
1103,,1559369342.341,,,0.629,,
1104,,1559369342.441,,,0.599,,
1105,,1559369342.562,,,0.562,,
1106,,1559369342.64,,,0.532,,
1107,,1559369342.739,,,0.503,,
1108,,1559369342.838,,,0.473,,
1109,,1559369342.937,,,0.444,,
1110,,1559369343.036,,,0.415,,
1111,,1559369343.135,,,0.385,,
1112,,1559369343.234,,,0.355,,
1113,,1559369343.333,,,0.325,,
1114,,1559369343.452,,,0.294,,
1115,,1559369343.533,,,0.264,,
1116,,1559369343.632,,,0.235,,
1117,,1559369343.734,,,0.205,,
1118,,1559369343.878,,,0.161,,
1119,,1559369343.949,,,0.146,,
1120,,1559369344.049,,,0.109,,
1121,,1559369344.148,,,0.079,,
1122,,1559369344.247,,,0.049,,
1123,,1559369344.346,,,0.022,,
1124,,1559369344.442,,,0.0,,
