,SQUID_Volt(V),timestamp,Temp(V),FC_CURR(A),MOD_CURR(A),SQUID_Curr(A)
0,+3.58370000E-05,1559292257.026,+1.57087630E+00,,1.2646330777656079e-08,5.156800985221675e-05
1,+3.54032000E-05,1559292257.2343333,+1.57087380E+00,,1.2670974808324206e-08,5.1566857142857146e-05
2,+3.59506000E-05,1559292257.4426668,+1.57087260E+00,,2.8007546549835704e-07,5.156877832512315e-05
3,+3.60173000E-05,1559292257.651,+1.57087140E+00,,2.1456515881708654e-06,5.157005911330049e-05
4,+3.56236000E-05,1559292257.8593333,+1.57087140E+00,,2.1458857612267253e-06,5.156352709359606e-05
5,+3.57570000E-05,1559292258.0676668,+1.57087260E+00,,2.1546946330777655e-06,5.156608866995074e-05
6,+3.57905000E-05,1559292258.276,+1.57087380E+00,,4.278332311062432e-06,5.1567369458128075e-05
7,+3.54367000E-05,1559292258.4843333,+1.57087260E+00,,4.278806571741512e-06,5.156800985221675e-05
8,+3.54834000E-05,1559292258.6926668,+1.57086890E+00,,4.781666484118292e-06,5.156532019704433e-05
9,+3.59172000E-05,1559292258.901,+1.57087510E+00,,6.414581051478642e-06,5.156698522167488e-05
10,+3.56102000E-05,1559292259.1093333,+1.57087260E+00,,6.4151940854326395e-06,5.156800985221675e-05
11,+3.50562000E-05,1559292259.3176668,+1.57087260E+00,,6.104339539978094e-06,5.156429556650246e-05
12,+3.52098000E-05,1559292259.526,+1.57087380E+00,,8.571626834611172e-06,5.157005911330049e-05
13,+3.55969000E-05,1559292259.7343333,+1.57087140E+00,,8.571710624315444e-06,5.1568650246305414e-05
14,+3.55702000E-05,1559292259.9426668,+1.57087380E+00,,9.320767031763417e-06,5.1567369458128075e-05
15,+3.52364000E-05,1559292260.151,+1.57087630E+00,,1.0735769550930996e-05,5.156647290640394e-05
16,+3.60573000E-05,1559292260.3593333,+1.57087260E+00,,1.0736067360350493e-05,5.15715960591133e-05
17,+3.56902000E-05,1559292260.5676668,+1.57087140E+00,,1.073627995618839e-05,5.1567369458128075e-05
18,+3.56969000E-05,1559292260.776,+1.57087010E+00,,1.0736462102957284e-05,5.156852216748768e-05
19,+3.61708000E-05,1559292260.9843333,+1.57087510E+00,,1.0736551807228915e-05,5.1571083743842364e-05
20,+3.59305000E-05,1559292261.1926668,+1.57087880E+00,,1.073666604600219e-05,5.156954679802956e-05
21,+3.54700000E-05,1559292261.401,+1.57087010E+00,,1.073687426067908e-05,5.1566857142857146e-05
22,+3.62042000E-05,1559292261.6093333,+1.57087260E+00,,1.0736843921139102e-05,5.157133990147783e-05
23,+3.50364000E-05,1559292261.8176668,+1.57087510E+00,,1.0737001533406352e-05,5.157082758620689e-05
24,+3.47026000E-05,1559292262.026,+1.57088130E+00,,1.0737112814895947e-05,5.1569162561576356e-05
25,+3.59372000E-05,1559292265.689,+1.57088380E+00,,1.103677108433735e-05,5.156749753694581e-05
26,+3.62642000E-05,1559292265.8973331,+1.57088620E+00,,1.283564074479737e-05,5.1571852216748774e-05
27,+3.57704000E-05,1559292266.1056666,+1.57088620E+00,,1.2836040525739322e-05,5.156749753694581e-05
28,+3.61574000E-05,1559292266.314,+1.57088750E+00,,1.1345934282584884e-05,5.157018719211823e-05
29,+3.57770000E-05,1559292266.5223331,+1.57088380E+00,,1.498309090909091e-05,5.156929064039409e-05
30,+3.52965000E-05,1559292266.7306666,+1.57088750E+00,,1.4982656078860896e-05,5.157300492610838e-05
31,+3.62107000E-05,1559292266.939,+1.57088620E+00,,1.6079629791894853e-05,5.156800985221675e-05
32,+3.55702000E-05,1559292267.1473331,+1.57088750E+00,,1.717961117196057e-05,5.156826600985222e-05
33,+3.49762000E-05,1559292267.3556666,+1.57088500E+00,,1.7180334063526836e-05,5.157005911330049e-05
34,+3.60040000E-05,1559292267.564,+1.57088380E+00,,1.8277757940854327e-05,5.156724137931035e-05
35,+3.53099000E-05,1559292267.7723331,+1.57088500E+00,,1.927743483023001e-05,5.1569162561576356e-05
36,+3.55101000E-05,1559292267.9806666,+1.57089370E+00,,1.927775355969332e-05,5.156698522167488e-05
37,+3.46759000E-05,1559292268.189,+1.57088870E+00,,2.0558949616648413e-05,5.157031527093596e-05
38,+3.58639000E-05,1559292268.3973331,+1.57088870E+00,,2.1376707557502738e-05,5.157133990147783e-05
39,+3.51030000E-05,1559292268.6056666,+1.57088500E+00,,2.1377272727272727e-05,5.156890640394089e-05
40,+3.56435000E-05,1559292268.814,+1.57088380E+00,,2.137741730558598e-05,5.156839408866995e-05
41,+3.53365000E-05,1559292269.0223331,+1.57087630E+00,,2.1377272727272727e-05,5.1562118226600986e-05
42,+3.63376000E-05,1559292269.2306666,+1.57087760E+00,,2.1377734939759037e-05,5.1572108374384235e-05
43,+3.57836000E-05,1559292269.439,+1.57087380E+00,,2.1377893756845563e-05,5.157172413793104e-05
44,+3.52899000E-05,1559292269.6473331,+1.57087630E+00,,2.1377893756845563e-05,5.156532019704433e-05
45,+3.52565000E-05,1559292269.8556666,+1.57087510E+00,,2.1377995618838992e-05,5.1569162561576356e-05
46,+3.53433000E-05,1559292270.064,+1.57087510E+00,,2.1378226725082147e-05,5.1573133004926106e-05
47,+3.53165000E-05,1559292270.2723331,+1.57087510E+00,,2.1378226725082147e-05,5.156660098522167e-05
48,+3.61641000E-05,1559292270.4806666,+1.57087140E+00,,2.137853121577218e-05,5.156775369458128e-05
49,+3.46158000E-05,1559292270.689,+1.57087630E+00,,2.1378284775465498e-05,5.157595073891626e-05
50,+3.49160000E-05,1559292274.289,+1.57087380E+00,,2.1731043811610077e-05,5.156929064039409e-05
51,+3.52565000E-05,1559292274.4973333,+1.57087510E+00,,2.3572552026286967e-05,5.157082758620689e-05
52,+3.50429000E-05,1559292274.7056668,+1.57087760E+00,,2.3572784227820372e-05,5.1569674876847285e-05
53,+3.48961000E-05,1559292274.914,+1.57088130E+00,,2.3959710843373495e-05,5.15715960591133e-05
54,+3.48027000E-05,1559292275.1223333,+1.57088000E+00,,2.5670813800657172e-05,5.1569162561576356e-05
55,+3.50697000E-05,1559292275.3306668,+1.57088750E+00,,2.5671117196056955e-05,5.156698522167488e-05
56,+3.54101000E-05,1559292275.539,+1.57088380E+00,,2.7854810514786415e-05,5.156314285714286e-05
57,+3.46693000E-05,1559292275.7473333,+1.57088250E+00,,2.785155531215772e-05,5.156416748768473e-05
58,+3.44490000E-05,1559292275.9556668,+1.57088500E+00,,2.7852741511500548e-05,5.1564679802955664e-05
59,+3.50162000E-05,1559292276.164,+1.57088380E+00,,3.0033138006571742e-05,5.1565704433497535e-05
60,+3.51630000E-05,1559292276.3723333,+1.57088500E+00,,3.0034888280394306e-05,5.1565064039408865e-05
61,+3.42755000E-05,1559292276.5806668,+1.57088380E+00,,3.0035249726177437e-05,5.156954679802956e-05
62,+3.54167000E-05,1559292276.789,+1.57088000E+00,,3.215127053669222e-05,5.1564679802955664e-05
63,+3.42021000E-05,1559292276.9973333,+1.57088000E+00,,3.2152499452354874e-05,5.1564807881773404e-05
64,+3.50630000E-05,1559292277.2056668,+1.57087760E+00,,3.215284665936473e-05,5.1564807881773404e-05
65,+3.49962000E-05,1559292277.414,+1.57087760E+00,,3.2153426067908e-05,5.1566344827586204e-05
66,+3.42954000E-05,1559292277.6223333,+1.57087630E+00,,3.2153426067908e-05,5.1567113300492614e-05
67,+3.51363000E-05,1559292277.8306668,+1.57087760E+00,,3.2153743702081054e-05,5.1571083743842364e-05
68,+3.44824000E-05,1559292278.039,+1.57087510E+00,,3.2154076670317634e-05,5.15655763546798e-05
69,+3.45891000E-05,1559292278.2473333,+1.57087510E+00,,3.215384556407448e-05,5.1568650246305414e-05
70,+3.47961000E-05,1559292278.4556668,+1.57087510E+00,,3.215372946330778e-05,5.156788177339902e-05
71,+3.42088000E-05,1559292278.664,+1.57087510E+00,,3.215427929901424e-05,5.157082758620689e-05
72,+3.46892000E-05,1559292278.8723333,+1.57087630E+00,,3.215448192771084e-05,5.1564423645320196e-05
73,+3.41421000E-05,1559292279.0806668,+1.57087380E+00,,3.2154452354874035e-05,5.1565832512315275e-05
74,+3.48027000E-05,1559292279.289,+1.57087630E+00,,3.215469879518072e-05,5.1563014778325123e-05
75,+3.40752000E-05,1559292283.027,+1.57087010E+00,,3.317104381161007e-05,5.156365517241379e-05
76,+3.52299000E-05,1559292283.2353332,+1.57087510E+00,,3.424351369112815e-05,5.156724137931035e-05
77,+3.54767000E-05,1559292283.4436667,+1.57087260E+00,,3.4243818181818185e-05,5.15587881773399e-05
78,+3.59773000E-05,1559292283.652,+1.57087140E+00,,3.549464731653888e-05,5.1566729064039406e-05
79,+3.49028000E-05,1559292283.8603332,+1.57087510E+00,,3.642448849945236e-05,5.156045320197044e-05
80,+3.48828000E-05,1559292284.0686667,+1.57087510E+00,,3.642480722891566e-05,5.156852216748768e-05
81,+3.43356000E-05,1559292284.277,+1.57087260E+00,,3.76900887185104e-05,5.1564679802955664e-05
82,+3.40819000E-05,1559292284.4853332,+1.57087260E+00,,3.854182803943045e-05,5.156660098522167e-05
83,+3.42489000E-05,1559292284.6936667,+1.57087260E+00,,3.8541856516976995e-05,5.156954679802956e-05
84,+3.45424000E-05,1559292284.902,+1.57087380E+00,,3.9970110624315445e-05,5.1567369458128075e-05
85,+3.43823000E-05,1559292285.1103332,+1.57087510E+00,,4.0628373493975905e-05,5.15651921182266e-05
86,+3.37216000E-05,1559292285.3186667,+1.57087760E+00,,4.062851807228916e-05,5.156532019704433e-05
87,+3.36814000E-05,1559292285.527,+1.57088000E+00,,4.212924205914567e-05,5.1567113300492614e-05
88,+3.47426000E-05,1559292285.7353332,+1.57087760E+00,,4.2747161007667034e-05,5.156749753694581e-05
89,+3.42755000E-05,1559292285.9436667,+1.57087880E+00,,4.274756626506024e-05,5.15655763546798e-05
90,+3.47226000E-05,1559292286.152,+1.57088130E+00,,4.274763855421687e-05,5.156621674876847e-05
91,+3.41420000E-05,1559292286.3603332,+1.57087880E+00,,4.274768127053669e-05,5.157018719211823e-05
92,+3.43689000E-05,1559292286.5686667,+1.57087880E+00,,4.274740635268346e-05,5.1565064039408865e-05
93,+3.35614000E-05,1559292286.777,+1.57087880E+00,,4.274731982475356e-05,5.157133990147783e-05
94,+3.37350000E-05,1559292286.9853332,+1.57087760E+00,,4.274752245345016e-05,5.156647290640394e-05
95,+3.46759000E-05,1559292287.1936667,+1.57088250E+00,,4.274768127053669e-05,5.1567369458128075e-05
96,+3.42087000E-05,1559292287.402,+1.57088130E+00,,4.2748e-05,5.156660098522167e-05
97,+3.30542000E-05,1559292287.6103332,+1.57088000E+00,,4.27480865279299e-05,5.156980295566502e-05
98,+3.47761000E-05,1559292287.8186667,+1.57087880E+00,,4.274843373493976e-05,5.1566344827586204e-05
99,+3.36015000E-05,1559292288.027,+1.57088130E+00,,4.274834720700985e-05,5.156749753694581e-05
100,+3.36681000E-05,1559292291.688,+1.57088130E+00,,4.3018246440306686e-05,5.1569418719211824e-05
101,+3.44890000E-05,1559292291.8963332,+1.57088000E+00,,4.49286856516977e-05,5.1567369458128075e-05
102,+3.33079000E-05,1559292292.1046667,+1.57088000E+00,,4.492938006571742e-05,5.156775369458128e-05
103,+3.38550000E-05,1559292292.313,+1.57087760E+00,,4.537247645125959e-05,5.1568650246305414e-05
104,+3.39352000E-05,1559292292.5213332,+1.57087880E+00,,4.704560460021906e-05,5.156826600985222e-05
105,+3.40018000E-05,1559292292.7296667,+1.57087880E+00,,4.7046328587075575e-05,5.1567113300492614e-05
106,+3.39350000E-05,1559292292.938,+1.57088130E+00,,4.7533302300109526e-05,5.156877832512315e-05
107,+3.41954000E-05,1559292293.1463332,+1.57087760E+00,,4.9131887185104056e-05,5.1567113300492614e-05
108,+3.33211000E-05,1559292293.3546667,+1.57087760E+00,,4.9132364731653886e-05,5.1569162561576356e-05
109,+3.26939000E-05,1559292293.563,+1.57088250E+00,,4.98423121577218e-05,5.1568650246305414e-05
110,+3.31811000E-05,1559292293.7713332,+1.57088000E+00,,5.134535487404162e-05,5.156954679802956e-05
111,+3.33079000E-05,1559292293.9796667,+1.57087630E+00,,5.134570208105148e-05,5.156993103448276e-05
112,+3.41688000E-05,1559292294.188,+1.57087880E+00,,5.206221686746988e-05,5.156877832512315e-05
113,+3.30542000E-05,1559292294.3963332,+1.57088000E+00,,5.342915005476451e-05,5.156826600985222e-05
114,+3.26271000E-05,1559292294.6046667,+1.57088380E+00,,5.3429569550930994e-05,5.156788177339902e-05
115,+3.37617000E-05,1559292294.813,+1.57088500E+00,,5.342987294633078e-05,5.156980295566502e-05
116,+3.39150000E-05,1559292295.0213332,+1.57088620E+00,,5.34299748083242e-05,5.1566857142857146e-05
117,+3.43756000E-05,1559292295.2296667,+1.57088380E+00,,5.3430249726177435e-05,5.156980295566502e-05
118,+3.32545000E-05,1559292295.438,+1.57088380E+00,,5.343029244249726e-05,5.156762561576354e-05
119,+3.32010000E-05,1559292295.6463332,+1.57088380E+00,,5.343052464403067e-05,5.156621674876847e-05
120,+3.26538000E-05,1559292295.8546667,+1.57088500E+00,,5.343069769989047e-05,5.156275862068965e-05
121,+3.34680000E-05,1559292296.063,+1.57087880E+00,,5.343101642935378e-05,5.1567369458128075e-05
122,+3.37683000E-05,1559292296.2713332,+1.57087880E+00,,5.3430972617743704e-05,5.156903448275862e-05
123,+3.19732000E-05,1559292296.4796667,+1.57087880E+00,,5.3430870755750275e-05,5.157057142857143e-05
124,+3.31676000E-05,1559292296.688,+1.57088000E+00,,5.343156516976999e-05,5.156532019704433e-05
125,+3.31744000E-05,1559292300.289,+1.57087630E+00,,4.5283454545454546e-05,5.156788177339902e-05
126,+3.37549000E-05,1559292300.4973333,+1.57087880E+00,,5.5565238773274916e-05,5.156903448275862e-05
127,+3.27872000E-05,1559292300.7056668,+1.57087760E+00,,5.556489156626506e-05,5.157492610837439e-05
128,+3.38550000E-05,1559292300.914,+1.57088130E+00,,5.592188937568456e-05,5.156852216748768e-05
129,+3.28207000E-05,1559292301.1223333,+1.57087880E+00,,5.774217853231107e-05,5.156800985221675e-05
130,+3.36683000E-05,1559292301.3306668,+1.57087880E+00,,5.77439726177437e-05,5.156954679802956e-05
131,+3.28673000E-05,1559292301.539,+1.57087760E+00,,5.827393537787514e-05,5.1568650246305414e-05
132,+3.30208000E-05,1559292301.7473333,+1.57087380E+00,,5.985783023001095e-05,5.157095566502463e-05
133,+3.26338000E-05,1559292301.9556668,+1.57087760E+00,,5.9859044906900326e-05,5.1572108374384235e-05
134,+3.32944000E-05,1559292302.164,+1.57087260E+00,,6.04380317634173e-05,5.1565064039408865e-05
135,+3.29740000E-05,1559292302.3723333,+1.57087380E+00,,6.197347645125959e-05,5.1571467980295566e-05
136,+3.24336000E-05,1559292302.5806668,+1.57088000E+00,,6.197440197152245e-05,5.157069950738917e-05
137,+3.24737000E-05,1559292302.789,+1.57087760E+00,,6.275919496166484e-05,5.1578e-05
138,+3.23402000E-05,1559292302.9973333,+1.57087510E+00,,6.41510821467689e-05,5.1572876847290645e-05
139,+3.21399000E-05,1559292303.2056668,+1.57087260E+00,,6.415164622124863e-05,5.157364532019704e-05
140,+3.27272000E-05,1559292303.414,+1.57087630E+00,,6.415216648411829e-05,5.157428571428571e-05
141,+3.31877000E-05,1559292303.6223333,+1.57087760E+00,,6.41527447973713e-05,5.157351724137931e-05
142,+3.20132000E-05,1559292303.8306668,+1.57087630E+00,,6.415309200438117e-05,5.15719802955665e-05
143,+3.25336000E-05,1559292304.039,+1.57087630E+00,,6.415410514786418e-05,5.157556650246305e-05
144,+3.22535000E-05,1559292304.2473333,+1.57087760E+00,,6.415419167579409e-05,5.157262068965517e-05
145,+3.18464000E-05,1559292304.4556668,+1.57088000E+00,,6.415529134720702e-05,5.1576206896551726e-05
146,+3.16728000E-05,1559292304.664,+1.57087880E+00,,6.415563855421687e-05,5.15712118226601e-05
147,+3.24470000E-05,1559292304.8723333,+1.57087510E+00,,6.415644797371303e-05,5.1570443349753695e-05
148,+3.14726000E-05,1559292305.0806668,+1.57087380E+00,,6.415730230010954e-05,5.156877832512315e-05
149,+3.19997000E-05,1559292305.289,+1.57087380E+00,,6.415744687842278e-05,5.157262068965517e-05
150,+3.28273000E-05,1559292308.889,+1.57087380E+00,,6.449428368017524e-05,5.157454187192118e-05
151,+3.22267000E-05,1559292309.0973332,+1.57087510E+00,,6.6275426067908e-05,5.157402955665025e-05
152,+3.18931000E-05,1559292309.3056667,+1.57086890E+00,,6.6276004381161e-05,5.157402955665025e-05
153,+3.17796000E-05,1559292309.514,+1.57087140E+00,,6.666174917853231e-05,5.157249261083744e-05
154,+3.20732000E-05,1559292309.7223332,+1.57086890E+00,,6.83901182913472e-05,5.1571852216748774e-05
155,+3.25538000E-05,1559292309.9306667,+1.57087010E+00,,6.839014786418402e-05,5.15719802955665e-05
156,+3.24537000E-05,1559292310.139,+1.57087630E+00,,6.884121467688937e-05,5.1571467980295566e-05
157,+3.17595000E-05,1559292310.3473332,+1.57087260E+00,,7.056606243154437e-05,5.1573389162561574e-05
158,+3.17661000E-05,1559292310.5556667,+1.57086890E+00,,7.05653395399781e-05,5.157479802955665e-05
159,+3.16128000E-05,1559292310.764,+1.57087140E+00,,7.118523548740416e-05,5.1572876847290645e-05
160,+3.16994000E-05,1559292310.9723332,+1.57087380E+00,,7.267835815991238e-05,5.1575182266009855e-05
161,+3.17997000E-05,1559292311.1806667,+1.57087140E+00,,7.267903723986856e-05,5.1575438423645316e-05
162,+3.29207000E-05,1559292311.389,+1.57087260E+00,,7.332592661555312e-05,5.1571467980295566e-05
163,+3.20732000E-05,1559292311.5973332,+1.57087140E+00,,7.472644030668127e-05,5.157710344827586e-05
164,+3.26672000E-05,1559292311.8056667,+1.57087260E+00,,7.472707667031763e-05,5.157274876847291e-05
165,+3.20599000E-05,1559292312.014,+1.57087140E+00,,7.472729353778752e-05,5.15723645320197e-05
166,+3.19797000E-05,1559292312.2223332,+1.57087510E+00,,7.472833515881709e-05,5.157492610837439e-05
167,+3.22401000E-05,1559292312.4306667,+1.57087380E+00,,7.47283921139102e-05,5.1572108374384235e-05
168,+3.15794000E-05,1559292312.639,+1.57086890E+00,,7.472845016429354e-05,5.157274876847291e-05
169,+3.16195000E-05,1559292312.8473332,+1.57087380E+00,,7.472917415115007e-05,5.157556650246305e-05
170,+3.20199000E-05,1559292313.0556667,+1.57087630E+00,,7.472931872946331e-05,5.156852216748768e-05
171,+3.22534000E-05,1559292313.264,+1.57087510E+00,,7.472943373493975e-05,5.157492610837439e-05
172,+3.26003000E-05,1559292313.4723332,+1.57087010E+00,,7.473109748083242e-05,5.15723645320197e-05
173,+3.19331000E-05,1559292313.6806667,+1.57087380E+00,,7.4730852135816e-05,5.157057142857143e-05
174,+3.13792000E-05,1559292313.889,+1.57087510E+00,,7.473231325301205e-05,5.157428571428571e-05
175,+3.13258000E-05,1559292317.489,+1.57086890E+00,,7.497769331872946e-05,5.157262068965517e-05
176,+3.12390000E-05,1559292317.6973333,+1.57087510E+00,,7.691088280394305e-05,5.1573389162561574e-05
177,+3.17129000E-05,1559292317.9056668,+1.57087140E+00,,7.691218510405257e-05,5.157377339901478e-05
178,+3.09253000E-05,1559292318.114,+1.57087010E+00,,7.73343691128149e-05,5.157018719211823e-05
179,+3.16260000E-05,1559292318.3223333,+1.57087010E+00,,7.902686637458927e-05,5.157377339901478e-05
180,+3.22467000E-05,1559292318.5306668,+1.57087260E+00,,7.902863198247535e-05,5.1571467980295566e-05
181,+3.11656000E-05,1559292318.739,+1.57087140E+00,,7.949993866374588e-05,5.157133990147783e-05
182,+3.09922000E-05,1559292318.9473333,+1.57086890E+00,,8.114258926615553e-05,5.1570443349753695e-05
183,+3.11724000E-05,1559292319.1556668,+1.57087380E+00,,8.114410843373494e-05,5.15712118226601e-05
184,+3.15594000E-05,1559292319.364,+1.57086890E+00,,8.181612814895948e-05,5.15712118226601e-05
185,+3.13926000E-05,1559292319.5723333,+1.57087380E+00,,8.332414348302299e-05,5.157505418719212e-05
186,+3.12858000E-05,1559292319.7806668,+1.57086890E+00,,8.332586527929901e-05,5.157300492610838e-05
187,+3.14259000E-05,1559292319.989,+1.57087140E+00,,8.402733734939759e-05,5.156724137931035e-05
188,+3.22801000E-05,1559292320.1973333,+1.57086640E+00,,8.544170536692224e-05,5.157364532019704e-05
189,+3.10989000E-05,1559292320.4056668,+1.57086890E+00,,8.544235596933188e-05,5.157069950738917e-05
190,+3.09054000E-05,1559292320.614,+1.57086890E+00,,8.544357064622125e-05,5.157018719211823e-05
191,+3.06384000E-05,1559292320.8223333,+1.57086520E+00,,8.544443921139102e-05,5.157069950738917e-05
192,+3.07384000E-05,1559292321.0306668,+1.57086760E+00,,8.54454512595838e-05,5.156954679802956e-05
193,+3.09120000E-05,1559292321.239,+1.57086520E+00,,8.544694194961665e-05,5.156596059113301e-05
194,+3.05249000E-05,1559292321.4473333,+1.57086760E+00,,8.5448286966046e-05,5.157057142857143e-05
195,+3.14592000E-05,1559292321.6556668,+1.57087010E+00,,8.544958926615554e-05,5.1568137931034485e-05
196,+3.08919000E-05,1559292321.864,+1.57086760E+00,,8.54504852135816e-05,5.157249261083744e-05
197,+3.13525000E-05,1559292322.0723333,+1.57086640E+00,,8.545158488499451e-05,5.157031527093596e-05
198,+3.15927000E-05,1559292322.2806668,+1.57086890E+00,,8.545240963855422e-05,5.156800985221675e-05
199,+3.18596000E-05,1559292322.489,+1.57087260E+00,,8.54539430449069e-05,5.157428571428571e-05
200,+3.16729000E-05,1559292326.089,+1.57086640E+00,,8.572345235487405e-05,5.157262068965517e-05
201,+3.11322000E-05,1559292326.2973332,+1.57086640E+00,,8.756548630887185e-05,5.1574413793103445e-05
202,+3.12925000E-05,1559292326.5056667,+1.57086760E+00,,8.756710624315443e-05,5.156980295566502e-05
203,+3.17394000E-05,1559292326.714,+1.57087010E+00,,8.799219277108434e-05,5.156826600985222e-05
204,+3.16060000E-05,1559292326.9223332,+1.57087010E+00,,8.955590142387732e-05,5.1568650246305414e-05
205,+3.10721000E-05,1559292327.1306667,+1.57086640E+00,,8.955717415115005e-05,5.157377339901478e-05
206,+3.18864000E-05,1559292327.339,+1.57086760E+00,,9.01771774370208e-05,5.156852216748768e-05
207,+3.14326000E-05,1559292327.5473332,+1.57086890E+00,,9.21805147864184e-05,5.1571467980295566e-05
208,+3.15527000E-05,1559292327.7556667,+1.57087010E+00,,9.218187404162104e-05,5.156929064039409e-05
209,+3.20132000E-05,1559292327.964,+1.57086520E+00,,9.274227272727273e-05,5.157005911330049e-05
210,+3.22667000E-05,1559292328.1723332,+1.57086760E+00,,9.391354654983571e-05,5.1573389162561574e-05
211,+3.10522000E-05,1559292328.3806667,+1.57087140E+00,,9.391455969331872e-05,5.15715960591133e-05
212,+3.20599000E-05,1559292328.589,+1.57087140E+00,,9.453849397590362e-05,5.156980295566502e-05
213,+3.12123000E-05,1559292328.7973332,+1.57087140E+00,,9.570947535596934e-05,5.156954679802956e-05
214,+3.11523000E-05,1559292329.0056667,+1.57087140E+00,,9.57113986856517e-05,5.156877832512315e-05
215,+3.17730000E-05,1559292329.214,+1.57087010E+00,,9.571281599123767e-05,5.157223645320197e-05
216,+3.11455000E-05,1559292329.4223332,+1.57087260E+00,,9.571384337349398e-05,5.1571467980295566e-05
217,+3.22067000E-05,1559292329.6306667,+1.57087260E+00,,9.571534830230012e-05,5.156800985221675e-05
218,+3.22467000E-05,1559292329.839,+1.57087140E+00,,9.571688170865279e-05,5.1571083743842364e-05
219,+3.20398000E-05,1559292330.0473332,+1.57087140E+00,,9.571832749178533e-05,5.157133990147783e-05
220,+3.17796000E-05,1559292330.2556667,+1.57087510E+00,,9.572039649507119e-05,5.157018719211823e-05
221,+3.22801000E-05,1559292330.464,+1.57087380E+00,,9.57218860898138e-05,5.156890640394089e-05
222,+3.25470000E-05,1559292330.6723332,+1.57087140E+00,,9.572313033953997e-05,5.15712118226601e-05
223,+3.16794000E-05,1559292330.8806667,+1.57087260E+00,,9.57240273822563e-05,5.15712118226601e-05
224,+3.25604000E-05,1559292331.089,+1.57087880E+00,,9.572512705366922e-05,5.157133990147783e-05
225,+3.17595000E-05,1559292334.689,+1.57087880E+00,,9.609933844468785e-05,5.156903448275862e-05
226,+3.22735000E-05,1559292334.8973331,+1.57087380E+00,,9.835400547645126e-05,5.157018719211823e-05
227,+3.26672000E-05,1559292335.1056666,+1.57087760E+00,,9.835510514786417e-05,5.156647290640394e-05
228,+3.18462000E-05,1559292335.314,+1.57087760E+00,,9.86439112814896e-05,5.156698522167488e-05
229,+3.24670000E-05,1559292335.5223331,+1.57087760E+00,,0.00010008851369112815,5.156826600985222e-05
230,+3.20665000E-05,1559292335.7306666,+1.57088000E+00,,0.00010009020591456735,5.156698522167488e-05
231,+3.27605000E-05,1559292335.939,+1.57088130E+00,,0.00010075420810514786,5.156660098522167e-05
232,+3.23735000E-05,1559292336.1473331,+1.57088250E+00,,0.00010271656516976999,5.156903448275862e-05
233,+3.02780000E-05,1559292336.3556666,+1.57087880E+00,,0.00010271971851040526,5.156980295566502e-05
234,+3.14326000E-05,1559292336.564,+1.57088130E+00,,0.00010319584118291348,5.1569418719211824e-05
235,+3.18596000E-05,1559292336.7723331,+1.57087880E+00,,0.00010445348959474261,5.1572108374384235e-05
236,+3.31344000E-05,1559292336.9806666,+1.57088000E+00,,0.00010445535596933188,5.156596059113301e-05
237,+3.19263000E-05,1559292337.189,+1.57087760E+00,,0.00010540550492880613,5.156877832512315e-05
238,+3.13992000E-05,1559292337.3973331,+1.57088000E+00,,0.0001070835421686747,5.156826600985222e-05
239,+3.17862000E-05,1559292337.6056666,+1.57087760E+00,,0.00010708595728368018,5.156980295566502e-05
240,+3.24536000E-05,1559292337.814,+1.57087760E+00,,0.00010708883680175247,5.156647290640394e-05
241,+3.25671000E-05,1559292338.0223331,+1.57087630E+00,,0.00010709093428258488,5.156800985221675e-05
242,+3.23669000E-05,1559292338.2306666,+1.57087630E+00,,0.00010709290142387733,5.156762561576354e-05
243,+3.18797000E-05,1559292338.439,+1.57087630E+00,,0.00010709520153340635,5.156455172413793e-05
244,+3.28741000E-05,1559292338.6473331,+1.57087380E+00,,0.00010709698028477547,5.1564423645320196e-05
245,+3.30742000E-05,1559292338.8556666,+1.57087140E+00,,0.0001070992365826944,5.156698522167488e-05
246,+3.24070000E-05,1559292339.064,+1.57087260E+00,,0.00010710075575027383,5.156980295566502e-05
247,+3.22199000E-05,1559292339.2723331,+1.57087140E+00,,0.00010710272289156626,5.1570443349753695e-05
248,+3.28406000E-05,1559292339.4806666,+1.57087380E+00,,0.00010710547207009857,5.156877832512315e-05
249,+3.23536000E-05,1559292339.689,+1.57087140E+00,,0.00010710827820372398,5.156954679802956e-05
250,+3.25871000E-05,1559292343.289,+1.57087380E+00,,0.00010739527601314349,5.1569162561576356e-05
251,+3.25737000E-05,1559292343.4973333,+1.57087010E+00,,0.00010890869003285871,5.156698522167488e-05
252,+3.23801000E-05,1559292343.7056668,+1.57087010E+00,,0.00010891148192771085,5.156877832512315e-05
253,+3.27673000E-05,1559292343.914,+1.57087260E+00,,0.00011158989047097481,5.1568137931034485e-05
254,+3.26872000E-05,1559292344.1223333,+1.57086640E+00,,0.00011155295728368019,5.156775369458128e-05
255,+3.26805000E-05,1559292344.3306668,+1.57087010E+00,,0.00011154986856516978,5.1568137931034485e-05
256,+3.30943000E-05,1559292344.539,+1.57087510E+00,,0.00011413284775465498,5.157057142857143e-05
257,+3.30208000E-05,1559292344.7473333,+1.57087140E+00,,0.00011413320920043813,5.1576719211822654e-05
258,+3.28072000E-05,1559292344.9556668,+1.57087010E+00,,0.00011413460021905804,5.1567369458128075e-05
259,+3.28074000E-05,1559292345.164,+1.57087140E+00,,0.00011593763417305585,5.1566729064039406e-05
260,+3.29342000E-05,1559292345.3723333,+1.57087630E+00,,0.00011593894852135816,5.157223645320197e-05
261,+3.31810000E-05,1559292345.5806668,+1.57087380E+00,,0.00011593831325301206,5.156903448275862e-05
262,+3.25870000E-05,1559292345.789,+1.57087260E+00,,0.00011852066812705367,5.15651921182266e-05
263,+3.25537000E-05,1559292345.9973333,+1.57087380E+00,,0.00011852138006571741,5.1568650246305414e-05
264,+3.28607000E-05,1559292346.2056668,+1.57087630E+00,,0.00011852138006571741,5.157031527093596e-05
265,+3.35014000E-05,1559292346.414,+1.57088000E+00,,0.00011852168674698796,5.156980295566502e-05
266,+3.30541000E-05,1559292346.6223333,+1.57087630E+00,,0.00011852255202628696,5.156852216748768e-05
267,+3.32277000E-05,1559292346.8306668,+1.57087510E+00,,0.00011852219058050384,5.1569162561576356e-05
268,+3.36616000E-05,1559292347.039,+1.57087760E+00,,0.00011852326396495072,5.157031527093596e-05
269,+3.37749000E-05,1559292347.2473333,+1.57087880E+00,,0.0001185235487404162,5.157133990147783e-05
270,+3.25537000E-05,1559292347.4556668,+1.57087760E+00,,0.00011852326396495072,5.1567369458128075e-05
271,+3.37083000E-05,1559292347.664,+1.57087260E+00,,0.00011852328587075574,5.1571083743842364e-05
272,+3.33211000E-05,1559292347.8723333,+1.57087260E+00,,0.00011852312157721796,5.1574157635467984e-05
273,+3.25736000E-05,1559292348.0806668,+1.57087140E+00,,0.00011852346111719605,5.157646305418719e-05
274,+3.39351000E-05,1559292348.289,+1.57087140E+00,,0.00011852621029572836,5.158081773399015e-05
275,+3.34279000E-05,1559292352.027,+1.57087140E+00,,0.00011940800657174152,5.158081773399015e-05
276,+3.27406000E-05,1559292352.2353332,+1.57086890E+00,,0.00012033495071193866,5.157979310344828e-05
277,+3.29407000E-05,1559292352.4436667,+1.57086760E+00,,0.00012033435925520262,5.15783842364532e-05
278,+3.35748000E-05,1559292352.652,+1.57087140E+00,,0.00012182269441401971,5.158133004926108e-05
279,+3.38884000E-05,1559292352.8603332,+1.57087010E+00,,0.0001229177656078861,5.158030541871921e-05
280,+3.22134000E-05,1559292353.0686667,+1.57087140E+00,,0.00012291801752464403,5.158133004926108e-05
281,+3.44824000E-05,1559292353.277,+1.57086890E+00,,0.00012400083242059145,5.1579921182266015e-05
282,+3.20197000E-05,1559292353.4853332,+1.57086760E+00,,0.00012472537787513693,5.157646305418719e-05
283,+3.43890000E-05,1559292353.6936667,+1.57087380E+00,,0.0001247246221248631,5.1576206896551726e-05
284,+3.28474000E-05,1559292353.902,+1.57087380E+00,,0.00012649730558598029,5.1575822660098524e-05
285,+3.38685000E-05,1559292354.1103332,+1.57087010E+00,,0.00012730790799561886,5.1574157635467984e-05
286,+3.41085000E-05,1559292354.3186667,+1.57086890E+00,,0.00012730950711938664,5.1576206896551726e-05
287,+3.37615000E-05,1559292354.527,+1.57087260E+00,,0.00012859489594742608,5.157262068965517e-05
288,+3.37282000E-05,1559292354.7353332,+1.57087010E+00,,0.0001291195399780942,5.157249261083744e-05
289,+3.31744000E-05,1559292354.9436667,+1.57087010E+00,,0.0001291193099671413,5.157274876847291e-05
290,+3.36415000E-05,1559292355.152,+1.57087140E+00,,0.00012912083242059145,5.1572108374384235e-05
291,+3.36415000E-05,1559292355.3603332,+1.57087140E+00,,0.00012912049288061334,5.157249261083744e-05
292,+3.34480000E-05,1559292355.5686667,+1.57087510E+00,,0.00012912133625410735,5.157454187192118e-05
293,+3.39419000E-05,1559292355.777,+1.57087380E+00,,0.00012912038335158817,5.157492610837439e-05
294,+3.37150000E-05,1559292355.9853332,+1.57087260E+00,,0.00012912037239868566,5.1572876847290645e-05
295,+3.37815000E-05,1559292356.1936667,+1.57087140E+00,,0.0001291203943044907,5.157262068965517e-05
296,+3.37149000E-05,1559292356.402,+1.57087260E+00,,0.0001291218838992333,5.15712118226601e-05
297,+3.35147000E-05,1559292356.6103332,+1.57087260E+00,,0.00012912128148959473,5.157364532019704e-05
298,+3.37817000E-05,1559292356.8186667,+1.57087260E+00,,0.00012912070098576123,5.1575182266009855e-05
299,+3.35347000E-05,1559292357.027,+1.57087140E+00,,0.00012912026286966046,5.156954679802956e-05
300,+3.42822000E-05,1559292360.689,+1.57087380E+00,,0.00012933015334063526,5.1570443349753695e-05
301,+3.50829000E-05,1559292360.8973331,+1.57087010E+00,,0.0001308029134720701,5.1569162561576356e-05
302,+3.36349000E-05,1559292361.1056666,+1.57087010E+00,,0.00013080222343921137,5.157351724137931e-05
303,+3.36349000E-05,1559292361.314,+1.57087140E+00,,0.00013352633077765607,5.157082758620689e-05
304,+3.48828000E-05,1559292361.5223331,+1.57087010E+00,,0.00013352763417305585,5.157031527093596e-05
305,+3.45624000E-05,1559292361.7306666,+1.57087140E+00,,0.00013352922234392112,5.1569418719211824e-05
306,+3.49628000E-05,1559292361.939,+1.57087010E+00,,0.00013533469879518074,5.1571852216748774e-05
307,+3.42087000E-05,1559292362.1473331,+1.57087510E+00,,0.00013533672508214678,5.1571467980295566e-05
308,+3.47961000E-05,1559292362.3556666,+1.57087260E+00,,0.00013533729463307775,5.157402955665025e-05
309,+3.49361000E-05,1559292362.564,+1.57087510E+00,,0.00013792095290251916,5.1573133004926106e-05
310,+3.49763000E-05,1559292362.7723331,+1.57087260E+00,,0.00013792225629791894,5.157057142857143e-05
311,+3.52230000E-05,1559292362.9806666,+1.57087380E+00,,0.00013792299014238774,5.157082758620689e-05
312,+3.45891000E-05,1559292363.189,+1.57087260E+00,,0.00013973308871851041,5.156852216748768e-05
313,+3.44690000E-05,1559292363.3973331,+1.57087630E+00,,0.0001397343921139102,5.156877832512315e-05
314,+3.41220000E-05,1559292363.6056666,+1.57087140E+00,,0.00013973265060240964,5.157262068965517e-05
315,+3.50897000E-05,1559292363.814,+1.57087760E+00,,0.00013973236582694415,5.1564807881773404e-05
316,+3.44423000E-05,1559292364.0223331,+1.57087630E+00,,0.00013973279299014238,5.157005911330049e-05
317,+3.47894000E-05,1559292364.2306666,+1.57087630E+00,,0.00013973265060240964,5.156608866995074e-05
318,+3.42421000E-05,1559292364.439,+1.57087760E+00,,0.00013973481927710842,5.156775369458128e-05
319,+3.45357000E-05,1559292364.6473331,+1.57087760E+00,,0.00013973497261774372,5.157018719211823e-05
320,+3.40687000E-05,1559292364.8556666,+1.57088000E+00,,0.00013973409638554218,5.157005911330049e-05
321,+3.39084000E-05,1559292365.064,+1.57088000E+00,,0.0001397352573932092,5.1571083743842364e-05
322,+3.48494000E-05,1559292365.2723331,+1.57088000E+00,,0.0001397355421686747,5.156903448275862e-05
323,+3.44556000E-05,1559292365.4806666,+1.57087880E+00,,0.00013973583789704273,5.157300492610838e-05
324,+3.41886000E-05,1559292365.689,+1.57088000E+00,,0.0001397352573932092,5.156980295566502e-05
325,+3.41620000E-05,1559292369.406,+1.57087880E+00,,0.00014139189485213582,5.1574157635467984e-05
326,+3.49027000E-05,1559292369.6143332,+1.57088000E+00,,0.0001423122234392114,5.156800985221675e-05
327,+3.57504000E-05,1559292369.8226666,+1.57087630E+00,,0.00014231323110624314,5.156852216748768e-05
328,+3.58237000E-05,1559292370.031,+1.57088250E+00,,0.0001435235377875137,5.15712118226601e-05
329,+3.58237000E-05,1559292370.2393332,+1.57088130E+00,,0.0001441247864184009,5.157133990147783e-05
330,+3.52565000E-05,1559292370.4476666,+1.57087760E+00,,0.0001441250711938664,5.156800985221675e-05
331,+3.55168000E-05,1559292370.656,+1.57088130E+00,,0.00014539661555312158,5.156877832512315e-05
332,+3.52164000E-05,1559292370.8643332,+1.57087510E+00,,0.0001458074808324206,5.156929064039409e-05
333,+3.52432000E-05,1559292371.0726666,+1.57087760E+00,,0.0001458071960569551,5.156608866995074e-05
334,+3.56569000E-05,1559292371.281,+1.57087510E+00,,0.00014791769989047098,5.157095566502463e-05
335,+3.56236000E-05,1559292371.4893332,+1.57087510E+00,,0.0001485163417305586,5.156877832512315e-05
336,+3.48495000E-05,1559292371.6976666,+1.57087260E+00,,0.00014851604600219057,5.1569162561576356e-05
337,+3.49763000E-05,1559292371.906,+1.57087140E+00,,0.00014997409638554216,5.1564423645320196e-05
338,+3.49162000E-05,1559292372.1143332,+1.57087380E+00,,0.00015019415115005477,5.15719802955665e-05
339,+3.63377000E-05,1559292372.3226666,+1.57087630E+00,,0.00015019386637458927,5.15651921182266e-05
340,+3.65244000E-05,1559292372.531,+1.57087140E+00,,0.00015019473165388828,5.157005911330049e-05
341,+3.59705000E-05,1559292372.7393332,+1.57087380E+00,,0.00015019487404162104,5.156903448275862e-05
342,+3.55034000E-05,1559292372.9476666,+1.57087380E+00,,0.00015019400876232204,5.156980295566502e-05
343,+3.57037000E-05,1559292373.156,+1.57086760E+00,,0.00015019386637458927,5.1571852216748774e-05
344,+3.54700000E-05,1559292373.3643332,+1.57087260E+00,,0.00015019443592552024,5.156852216748768e-05
345,+3.47492000E-05,1559292373.5726666,+1.57086890E+00,,0.00015019473165388828,5.156532019704433e-05
346,+3.59438000E-05,1559292373.781,+1.57087510E+00,,0.00015019458926615554,5.156596059113301e-05
347,+3.53632000E-05,1559292373.9893332,+1.57087260E+00,,0.00015019603504928805,5.15655763546798e-05
348,+3.58103000E-05,1559292374.1976666,+1.57087630E+00,,0.00015019733844468786,5.156596059113301e-05
349,+3.55235000E-05,1559292374.406,+1.57087260E+00,,0.00015019791894852136,5.1566857142857146e-05
350,+3.53299000E-05,1559292378.089,+1.57087510E+00,,0.00015062238773274917,5.156698522167488e-05
351,+3.48294000E-05,1559292378.2973332,+1.57087010E+00,,0.0001529087951807229,5.156455172413793e-05
352,+3.63443000E-05,1559292378.5056667,+1.57087140E+00,,0.00015291053669222343,5.1567369458128075e-05
353,+3.56836000E-05,1559292378.714,+1.57087140E+00,,0.00015321441401971523,5.1569674876847285e-05
354,+3.51965000E-05,1559292378.9223332,+1.57087260E+00,,0.00015459250821467688,5.1564807881773404e-05
355,+3.58705000E-05,1559292379.1306667,+1.57087510E+00,,0.0001545928039430449,5.157095566502463e-05
356,+3.49229000E-05,1559292379.339,+1.57086890E+00,,0.00015531420591456736,5.156839408866995e-05
357,+3.50363000E-05,1559292379.5473332,+1.57087010E+00,,0.0001572997699890471,5.1567113300492614e-05
358,+3.56236000E-05,1559292379.7556667,+1.57087010E+00,,0.0001572989047097481,5.15712118226601e-05
359,+3.51363000E-05,1559292379.964,+1.57086520E+00,,0.00015778881708652793,5.156839408866995e-05
360,+3.59839000E-05,1559292380.1723332,+1.57086520E+00,,0.0001589800109529025,5.156839408866995e-05
361,+3.55168000E-05,1559292380.3806667,+1.57086640E+00,,0.0001589797152245345,5.156826600985222e-05
362,+3.58238000E-05,1559292380.589,+1.57086760E+00,,0.00015966565169769987,5.1568137931034485e-05
363,+3.48227000E-05,1559292380.7973332,+1.57086760E+00,,0.0001607917196056955,5.1568650246305414e-05
364,+3.50495000E-05,1559292381.0056667,+1.57086640E+00,,0.00016079316538882804,5.156788177339902e-05
365,+3.53833000E-05,1559292381.214,+1.57086760E+00,,0.00016079258488499454,5.1563783251231533e-05
366,+3.60706000E-05,1559292381.4223332,+1.57086890E+00,,0.00016079200438116103,5.156852216748768e-05
367,+3.53099000E-05,1559292381.6306667,+1.57087140E+00,,0.00016079316538882804,5.156544827586207e-05
368,+3.49562000E-05,1559292381.839,+1.57087380E+00,,0.00016079403066812705,5.15715960591133e-05
369,+3.52231000E-05,1559292382.0473332,+1.57087260E+00,,0.0001607914238773275,5.156877832512315e-05
370,+3.49095000E-05,1559292382.2556667,+1.57087510E+00,,0.00016079258488499454,5.157057142857143e-05
371,+3.56569000E-05,1559292382.464,+1.57087260E+00,,0.00016079316538882804,5.156544827586207e-05
372,+3.56303000E-05,1559292382.6723332,+1.57087880E+00,,0.0001607914238773275,5.156877832512315e-05
373,+3.55168000E-05,1559292382.8806667,+1.57087510E+00,,0.00016079200438116103,5.1566857142857146e-05
374,+3.56236000E-05,1559292383.089,+1.57087630E+00,,0.00016079084337349396,5.156852216748768e-05
375,+3.55368000E-05,1559292386.689,+1.57088000E+00,,0.00016107590361445783,5.156877832512315e-05
376,+3.59639000E-05,1559292386.8973331,+1.57087260E+00,,0.00016337534501642935,5.156416748768473e-05
377,+3.57036000E-05,1559292387.1056666,+1.57087260E+00,,0.00016337374589266157,5.1565064039408865e-05
378,+3.53567000E-05,1559292387.314,+1.57087380E+00,,0.00016372772179627603,5.155891625615764e-05
379,+3.54567000E-05,1559292387.5223331,+1.57087510E+00,,0.00016518905805038334,5.15651921182266e-05
380,+3.64177000E-05,1559292387.7306666,+1.57087140E+00,,0.00016519108433734938,5.1563911330049254e-05
381,+3.63376000E-05,1559292387.939,+1.57087260E+00,,0.00016575584884994524,5.156980295566502e-05
382,+3.54968000E-05,1559292388.1473331,+1.57087760E+00,,0.0001677767360350493,5.156839408866995e-05
383,+3.54300000E-05,1559292388.3556666,+1.57087510E+00,,0.00016777775465498358,5.1566344827586204e-05
384,+3.64378000E-05,1559292388.564,+1.57087140E+00,,0.00016832991237677983,5.156839408866995e-05
385,+3.57369000E-05,1559292388.7723331,+1.57087260E+00,,0.00016958785323110623,5.1566729064039406e-05
386,+3.61240000E-05,1559292388.9806666,+1.57087140E+00,,0.00016958843373493976,5.156762561576354e-05
387,+3.56035000E-05,1559292389.189,+1.57087140E+00,,0.00017044042716319823,5.156903448275862e-05
388,+3.55502000E-05,1559292389.3973331,+1.57087010E+00,,0.00017217162102957283,5.1570443349753695e-05
389,+3.56702000E-05,1559292389.6056666,+1.57087260E+00,,0.00017217292442497264,5.1570443349753695e-05
390,+3.59506000E-05,1559292389.814,+1.57087380E+00,,0.00017217191675794087,5.157057142857143e-05
391,+3.59773000E-05,1559292390.0223331,+1.57087380E+00,,0.00017217147864184007,5.156698522167488e-05
392,+3.67247000E-05,1559292390.2306666,+1.57087760E+00,,0.0001721717634173056,5.156954679802956e-05
393,+3.60374000E-05,1559292390.439,+1.57087260E+00,,0.00017217119386637458,5.156724137931035e-05
394,+3.64577000E-05,1559292390.6473331,+1.57087510E+00,,0.00017217046002190582,5.15715960591133e-05
395,+3.52698000E-05,1559292390.8556666,+1.57087260E+00,,0.00017217306681270537,5.157005911330049e-05
396,+3.63910000E-05,1559292391.064,+1.57087880E+00,,0.00017217075575027383,5.1572108374384235e-05
397,+3.61174000E-05,1559292391.2723331,+1.57087510E+00,,0.00017217075575027383,5.156775369458128e-05
398,+3.58838000E-05,1559292391.4806666,+1.57087630E+00,,0.0001721717634173056,5.1566344827586204e-05
399,+3.64377000E-05,1559292391.689,+1.57087380E+00,,0.00017217220153340634,5.156544827586207e-05
400,+3.62376000E-05,1559292395.289,+1.57087380E+00,,0.00017240009857612268,5.156993103448276e-05
401,+3.65445000E-05,1559292395.4973333,+1.57087510E+00,,0.00017397826944140198,5.1566729064039406e-05
402,+3.62042000E-05,1559292395.7056668,+1.57087630E+00,,0.00017397768893756844,5.156596059113301e-05
403,+3.66445000E-05,1559292395.914,+1.57087630E+00,,0.0001743636582694414,5.15651921182266e-05
404,+3.60106000E-05,1559292396.1223333,+1.57087510E+00,,0.00017578301204819276,5.157402955665025e-05
405,+3.64044000E-05,1559292396.3306668,+1.57087510E+00,,0.00017578243154435925,5.156352709359606e-05
406,+3.62308000E-05,1559292396.539,+1.57087260E+00,,0.0001763996056955093,5.15655763546798e-05
407,+3.57838000E-05,1559292396.7473333,+1.57087510E+00,,0.00017837214676889377,5.1564679802955664e-05
408,+3.59239000E-05,1559292396.9556668,+1.57087380E+00,,0.00017837387732749178,5.1565064039408865e-05
409,+3.74188000E-05,1559292397.164,+1.57087260E+00,,0.0001789586199342826,5.1565704433497535e-05
410,+3.57769000E-05,1559292397.3723333,+1.57087380E+00,,0.00018018152245345015,5.1563911330049254e-05
411,+3.60239000E-05,1559292397.5806668,+1.57087260E+00,,0.0001801789156626506,5.156199014778325e-05
412,+3.54433000E-05,1559292397.789,+1.57087760E+00,,0.0001810762212486309,5.156980295566502e-05
413,+3.69182000E-05,1559292397.9973333,+1.57087380E+00,,0.00018275993428258487,5.1566857142857146e-05
414,+3.58772000E-05,1559292398.2056668,+1.57087510E+00,,0.00018275906900328586,5.156903448275862e-05
415,+3.68782000E-05,1559292398.414,+1.57087380E+00,,0.0001827610952902519,5.1568650246305414e-05
416,+3.52365000E-05,1559292398.6223333,+1.57087380E+00,,0.0001827602190580504,5.15655763546798e-05
417,+3.56570000E-05,1559292398.8306668,+1.57087380E+00,,0.0001827605147864184,5.157069950738917e-05
418,+3.57770000E-05,1559292399.039,+1.57087010E+00,,0.00018276123767798467,5.156263054187192e-05
419,+3.56703000E-05,1559292399.2473333,+1.57087140E+00,,0.00018276138006571743,5.156429556650246e-05
420,+3.64178000E-05,1559292399.4556668,+1.57087010E+00,,0.00018276166484118293,5.1568137931034485e-05
421,+3.54368000E-05,1559292399.664,+1.57087510E+00,,0.0001827607995618839,5.1567113300492614e-05
422,+3.64777000E-05,1559292399.8723333,+1.57086890E+00,,0.0001827607995618839,5.1564679802955664e-05
423,+3.57035000E-05,1559292400.0806668,+1.57087140E+00,,0.0001827607995618839,5.156532019704433e-05
424,+3.58370000E-05,1559292400.289,+1.57086890E+00,,0.0001827605147864184,5.156621674876847e-05
425,+3.50964000E-05,1559292403.889,+1.57087010E+00,,0.00018302255202628698,5.156954679802956e-05
426,+3.53166000E-05,1559292404.0973332,+1.57086890E+00,,0.00018456888280394304,5.156993103448276e-05
427,+3.57437000E-05,1559292404.3056667,+1.57087010E+00,,0.00018456787513691127,5.156890640394089e-05
428,+3.66112000E-05,1559292404.514,+1.57086890E+00,,0.00018500088718510405,5.156877832512315e-05
429,+3.59371000E-05,1559292404.7223332,+1.57086760E+00,,0.0001871535268346112,5.1566857142857146e-05
430,+3.50696000E-05,1559292404.9306667,+1.57086760E+00,,0.00018715294633077766,5.156429556650246e-05
431,+3.59238000E-05,1559292405.139,+1.57087260E+00,,0.00018761506024096385,5.156660098522167e-05
432,+3.59705000E-05,1559292405.3473332,+1.57087010E+00,,0.00018896174151150055,5.1571083743842364e-05
433,+3.66513000E-05,1559292405.5556667,+1.57086890E+00,,0.00018896261774370207,5.156749753694581e-05
434,+3.54901000E-05,1559292405.764,+1.57087260E+00,,0.00018942646221248633,5.156800985221675e-05
435,+3.50564000E-05,1559292405.9723332,+1.57087630E+00,,0.0001906350383351588,5.156775369458128e-05
436,+3.71585000E-05,1559292406.1806667,+1.57087140E+00,,0.00019063706462212486,5.1572108374384235e-05
437,+3.73588000E-05,1559292406.389,+1.57087140E+00,,0.000191625717415115,5.1569162561576356e-05
438,+3.51431000E-05,1559292406.5973332,+1.57087510E+00,,0.00019335098576122673,5.15715960591133e-05
439,+3.51830000E-05,1559292406.8056667,+1.57087630E+00,,0.00019335185104052573,5.156788177339902e-05
440,+3.45357000E-05,1559292407.014,+1.57087140E+00,,0.00019335243154435924,5.1566344827586204e-05
441,+3.57571000E-05,1559292407.2223332,+1.57087380E+00,,0.00019335401971522454,5.156775369458128e-05
442,+3.52698000E-05,1559292407.4306667,+1.57086890E+00,,0.0001933544578313253,5.156929064039409e-05
443,+3.50763000E-05,1559292407.639,+1.57087260E+00,,0.0001933544578313253,5.156608866995074e-05
444,+3.57304000E-05,1559292407.8473332,+1.57087260E+00,,0.00019335734939759035,5.156980295566502e-05
445,+3.59438000E-05,1559292408.0556667,+1.57087380E+00,,0.00019335676889375685,5.15715960591133e-05
446,+3.45957000E-05,1559292408.264,+1.57087140E+00,,0.00019335648411829135,5.157005911330049e-05
447,+3.52499000E-05,1559292408.4723332,+1.57087260E+00,,0.0001933550383351588,5.1566344827586204e-05
448,+3.60440000E-05,1559292408.6806667,+1.57087260E+00,,0.00019335359255202628,5.156800985221675e-05
449,+3.48293000E-05,1559292408.889,+1.57087010E+00,,0.0001933538773274918,5.15651921182266e-05
450,+3.53033000E-05,1559292412.489,+1.57087140E+00,,0.00019362026286966045,5.156788177339902e-05
451,+3.57904000E-05,1559292412.6973333,+1.57087380E+00,,0.0001950335377875137,5.156532019704433e-05
452,+3.53632000E-05,1559292412.9056668,+1.57087140E+00,,0.0001950341182913472,5.1563911330049254e-05
453,+3.49762000E-05,1559292413.114,+1.57087380E+00,,0.00019553000000000002,5.156788177339902e-05
454,+3.46826000E-05,1559292413.3223333,+1.57087010E+00,,0.00019774923329682367,5.1559300492610834e-05
455,+3.49496000E-05,1559292413.5306668,+1.57087510E+00,,0.00019774893756845566,5.156288669950738e-05
456,+3.42889000E-05,1559292413.739,+1.57087140E+00,,0.00019824175246440308,5.156147783251232e-05
457,+3.39417000E-05,1559292413.9473333,+1.57087260E+00,,0.0001995594742606791,5.1563783251231533e-05
458,+3.54834000E-05,1559292414.1556668,+1.57087010E+00,,0.0001995603395399781,5.1563783251231533e-05
459,+3.44290000E-05,1559292414.364,+1.57087380E+00,,0.0002003201095290252,5.156263054187192e-05
460,+3.50096000E-05,1559292414.5723333,+1.57087380E+00,,0.00020214338444687842,5.155493596059114e-05
461,+3.60639000E-05,1559292414.7806668,+1.57087260E+00,,0.00020214368017524645,5.156224630541872e-05
462,+3.41754000E-05,1559292414.989,+1.57087010E+00,,0.00020283077765607886,5.15563448275862e-05
463,+3.60440000E-05,1559292415.1973333,+1.57086890E+00,,0.00020395088718510405,5.1556857142857145e-05
464,+3.41687000E-05,1559292415.4056668,+1.57087010E+00,,0.00020395059145673602,5.155749753694581e-05
465,+3.53100000E-05,1559292415.614,+1.57087010E+00,,0.000203949726177437,5.155378325123153e-05
466,+3.36482000E-05,1559292415.8223333,+1.57086760E+00,,0.00020395175246440308,5.155429556650246e-05
467,+3.46959000E-05,1559292416.0306668,+1.57086390E+00,,0.00020395146768893756,5.155672906403941e-05
468,+3.43221000E-05,1559292416.239,+1.57086520E+00,,0.00020395059145673602,5.1558275862068963e-05
469,+3.55702000E-05,1559292416.4473333,+1.57086640E+00,,0.00020395146768893756,5.155762561576354e-05
470,+3.45891000E-05,1559292416.6556668,+1.57086520E+00,,0.0002039513143483023,5.1555832512315274e-05
471,+3.41153000E-05,1559292416.864,+1.57086270E+00,,0.0002039513143483023,5.1556472906403936e-05
472,+3.38685000E-05,1559292417.0723333,+1.57087010E+00,,0.00020395219058050383,5.155429556650246e-05
473,+3.47694000E-05,1559292417.2806668,+1.57086270E+00,,0.0002039513143483023,5.1557881773399016e-05
474,+3.45759000E-05,1559292417.489,+1.57086520E+00,,0.00020395203723986858,5.1553911330049266e-05
475,+3.40018000E-05,1559292421.09,+1.57087010E+00,,0.00020423999999999998,5.15555763546798e-05
476,+3.47494000E-05,1559292421.2983332,+1.57087140E+00,,0.0002065326286966046,5.155660098522167e-05
477,+3.36214000E-05,1559292421.5066667,+1.57086640E+00,,0.00020653349397590362,5.155660098522167e-05
478,+3.49695000E-05,1559292421.715,+1.57087260E+00,,0.00020689009857612268,5.15563448275862e-05
479,+3.49962000E-05,1559292421.9233332,+1.57087140E+00,,0.00020834072289156627,5.155762561576354e-05
480,+3.45290000E-05,1559292422.1316667,+1.57087260E+00,,0.00020833898138006572,5.155672906403941e-05
481,+3.33812000E-05,1559292422.34,+1.57087260E+00,,0.00020871293537787515,5.155853201970443e-05
482,+3.39819000E-05,1559292422.5483332,+1.57087010E+00,,0.0002100199452354874,5.1556857142857145e-05
483,+3.37549000E-05,1559292422.7566667,+1.57086760E+00,,0.00021002024096385542,5.155762561576354e-05
484,+3.47761000E-05,1559292422.965,+1.57086890E+00,,0.0002108592004381161,5.1558660098522165e-05
485,+3.45757000E-05,1559292423.1733332,+1.57086890E+00,,0.0002127337239868565,5.155711330049261e-05
486,+3.38484000E-05,1559292423.3816667,+1.57087010E+00,,0.000212733143483023,5.155942857142857e-05
487,+3.39552000E-05,1559292423.59,+1.57087260E+00,,0.00021329414019715225,5.155711330049261e-05
488,+3.46692000E-05,1559292423.7983332,+1.57087140E+00,,0.00021440918948521358,5.155403940886699e-05
489,+3.36748000E-05,1559292424.0066667,+1.57087760E+00,,0.00021440947426067908,5.155596059113301e-05
490,+3.40552000E-05,1559292424.215,+1.57087630E+00,,0.00021440889375684558,5.15563448275862e-05
491,+3.34612000E-05,1559292424.4233332,+1.57088000E+00,,0.00021440918948521358,5.156134975369458e-05
492,+3.38750000E-05,1559292424.6316667,+1.57088130E+00,,0.00021440832420591458,5.1556472906403936e-05
493,+3.34279000E-05,1559292424.84,+1.57087760E+00,,0.00021440774370208105,5.1558275862068963e-05
494,+3.47293000E-05,1559292425.0483332,+1.57088000E+00,,0.00021440832420591458,5.155762561576354e-05
495,+3.30409000E-05,1559292425.2566667,+1.57087760E+00,,0.000214405717415115,5.155800985221675e-05
496,+3.19530000E-05,1559292425.465,+1.57087630E+00,,0.00021440686746987953,5.1557241379310346e-05
497,+3.30742000E-05,1559292425.6733332,+1.57087630E+00,,0.00021440614457831326,5.156173399014778e-05
498,+3.37150000E-05,1559292425.8816667,+1.57087880E+00,,0.00021440802847754654,5.1557241379310346e-05
499,+3.50429000E-05,1559292426.09,+1.57088000E+00,,0.00021440817086527928,5.155749753694581e-05
500,+3.36949000E-05,1559292429.689,+1.57087760E+00,,0.0002147622891566265,5.155327093596059e-05
501,+3.33545000E-05,1559292429.8973331,+1.57087880E+00,,0.00021712122672508215,5.155506403940887e-05
502,+3.38885000E-05,1559292430.1056666,+1.57088000E+00,,0.00021712122672508215,5.1557881773399016e-05
503,+3.31876000E-05,1559292430.314,+1.57087760E+00,,0.00021748561883899235,5.1559684729064036e-05
504,+3.33011000E-05,1559292430.5223331,+1.57087510E+00,,0.0002188019277108434,5.155917241379311e-05
505,+3.37817000E-05,1559292430.7306666,+1.57087760E+00,,0.0002188013581599124,5.1558275862068963e-05
506,+3.32211000E-05,1559292430.939,+1.57088000E+00,,0.00022216198247535597,5.1559044334975373e-05
507,+3.30008000E-05,1559292431.1473331,+1.57087630E+00,,0.00022207294633077765,5.155711330049261e-05
508,+3.26138000E-05,1559292431.3556666,+1.57087510E+00,,0.0002220654107338445,5.15651921182266e-05
509,+3.35481000E-05,1559292431.564,+1.57087760E+00,,0.0002238642278203724,5.1559044334975373e-05
510,+3.41085000E-05,1559292431.7723331,+1.57087880E+00,,0.00022386393209200436,5.156134975369458e-05
511,+3.34613000E-05,1559292431.9806666,+1.57087510E+00,,0.00022386537787513693,5.156327093596059e-05
512,+3.31744000E-05,1559292432.189,+1.57087630E+00,,0.0002256698357064622,5.156096551724138e-05
513,+3.31477000E-05,1559292432.3973331,+1.57087630E+00,,0.0002256698357064622,5.156058128078817e-05
514,+3.30610000E-05,1559292432.6056666,+1.57087380E+00,,0.0002256692552026287,5.156070935960591e-05
515,+3.26938000E-05,1559292432.814,+1.57087380E+00,,0.00022566881708652794,5.156070935960591e-05
516,+3.37483000E-05,1559292433.0223331,+1.57087010E+00,,0.00022566694414019717,5.156032512315271e-05
517,+3.33945000E-05,1559292433.2306666,+1.57087260E+00,,0.00022566317634173055,5.1554423645320194e-05
518,+3.30808000E-05,1559292433.439,+1.57087260E+00,,0.00022566231106243155,5.155327093596059e-05
519,+3.21734000E-05,1559292433.6473331,+1.57087260E+00,,0.00022566534501642935,5.1555448275862065e-05
520,+3.27004000E-05,1559292433.8556666,+1.57086760E+00,,0.0002256643373493976,5.156096551724138e-05
521,+3.23869000E-05,1559292434.064,+1.57086890E+00,,0.00022566404162102955,5.156134975369458e-05
522,+3.29074000E-05,1559292434.2723331,+1.57086760E+00,,0.0002256680941949617,5.155981280788177e-05
523,+3.34414000E-05,1559292434.4806666,+1.57086760E+00,,0.0002256652026286966,5.1558137931034483e-05
524,+3.22268000E-05,1559292434.689,+1.57087010E+00,,0.00022566259583789707,5.15563448275862e-05
525,+3.24201000E-05,1559292438.411,+1.57086890E+00,,0.00022717475355969331,5.156045320197044e-05
526,+3.22200000E-05,1559292438.6193333,+1.57087010E+00,,0.0002282430339539978,5.156122167487685e-05
527,+3.28407000E-05,1559292438.8276668,+1.57087010E+00,,0.0002282443373493976,5.155352709359606e-05
528,+3.22935000E-05,1559292439.036,+1.57087510E+00,,0.0002294500109529025,5.1558137931034483e-05
529,+3.25604000E-05,1559292439.2443333,+1.57087510E+00,,0.00023003968236582693,5.1558137931034483e-05
530,+3.29608000E-05,1559292439.4526668,+1.57087630E+00,,0.0002300425848849945,5.1559684729064036e-05
531,+3.20798000E-05,1559292439.661,+1.57087510E+00,,0.00023183791894852135,5.1560068965517244e-05
532,+3.10923000E-05,1559292439.8693333,+1.57087760E+00,,0.00023262823658269443,5.155853201970443e-05
533,+3.18464000E-05,1559292440.0776668,+1.57088130E+00,,0.0002326270755750274,5.1559300492610834e-05
534,+3.28473000E-05,1559292440.286,+1.57088000E+00,,0.0002340376013143483,5.155672906403941e-05
535,+3.31343000E-05,1559292440.4943333,+1.57088380E+00,,0.00023443037239868566,5.1558660098522165e-05
536,+3.15127000E-05,1559292440.7026668,+1.57087880E+00,,0.00023442921139101862,5.155853201970443e-05
537,+3.28673000E-05,1559292440.911,+1.57088130E+00,,0.00023651684556407447,5.155853201970443e-05
538,+3.18263000E-05,1559292441.1193333,+1.57088000E+00,,0.00023701399780941948,5.155711330049261e-05
539,+3.20799000E-05,1559292441.3276668,+1.57088130E+00,,0.00023701530120481926,5.1556472906403936e-05
540,+3.18797000E-05,1559292441.536,+1.57087760E+00,,0.00023701109529025192,5.155853201970443e-05
541,+3.05116000E-05,1559292441.7443333,+1.57087510E+00,,0.00023701052573932093,5.15595566502463e-05
542,+3.20132000E-05,1559292441.9526668,+1.57087630E+00,,0.00023701399780941948,5.1559044334975373e-05
543,+3.17663000E-05,1559292442.161,+1.57087630E+00,,0.00023701544359255202,5.1557881773399016e-05
544,+3.05850000E-05,1559292442.3693333,+1.57087260E+00,,0.00023701602409638555,5.1557881773399016e-05
545,+3.19530000E-05,1559292442.5776668,+1.57087010E+00,,0.00023701602409638555,5.1557881773399016e-05
546,+3.17862000E-05,1559292442.786,+1.57087630E+00,,0.0002370180503833516,5.155891625615764e-05
547,+3.19331000E-05,1559292442.9943333,+1.57087510E+00,,0.0002370194961664841,5.1551477832512315e-05
548,+3.18396000E-05,1559292443.2026668,+1.57087140E+00,,0.00023701921139101864,5.15563448275862e-05
549,+3.17928000E-05,1559292443.411,+1.57087010E+00,,0.00023701979189485212,5.1559044334975373e-05
550,+3.21734000E-05,1559292447.089,+1.57086760E+00,,0.00023730455640744798,5.1555832512315274e-05
551,+3.16794000E-05,1559292447.2973332,+1.57086890E+00,,0.00023882250821467688,5.1557881773399016e-05
552,+3.09588000E-05,1559292447.5056667,+1.57086890E+00,,0.00023882539978094193,5.15595566502463e-05
553,+3.09921000E-05,1559292447.714,+1.57086890E+00,,0.0002391501314348302,5.155378325123153e-05
554,+3.37215000E-05,1559292447.9223332,+1.57087260E+00,,0.0002406365169769989,5.155032512315271e-05
555,+3.15327000E-05,1559292448.1306667,+1.57087510E+00,,0.00024063593647316537,5.155403940886699e-05
556,+3.18330000E-05,1559292448.339,+1.57087380E+00,,0.0002413255312157722,5.1557881773399016e-05
557,+3.24470000E-05,1559292448.5473332,+1.57087380E+00,,0.00024320889375684557,5.155994088669951e-05
558,+3.18864000E-05,1559292448.7556667,+1.57087380E+00,,0.0002432087513691128,5.155327093596059e-05
559,+3.19130000E-05,1559292448.964,+1.57087510E+00,,0.00024373412924424972,5.155467980295567e-05
560,+3.10923000E-05,1559292449.1723332,+1.57087510E+00,,0.00024501638554216864,5.1557881773399016e-05
561,+3.20398000E-05,1559292449.3806667,+1.57087760E+00,,0.00024501552026286964,5.1551477832512315e-05
562,+3.19865000E-05,1559292449.589,+1.57088000E+00,,0.0002458281270536692,5.15551921182266e-05
563,+3.14459000E-05,1559292449.7973332,+1.57087630E+00,,0.00024758364731653886,5.15584039408867e-05
564,+3.27473000E-05,1559292450.0056667,+1.57087880E+00,,0.00024758510405257394,5.1552118226600985e-05
565,+3.28806000E-05,1559292450.214,+1.57087880E+00,,0.00024758234392113906,5.1558137931034483e-05
566,+3.16928000E-05,1559292450.4223332,+1.57088000E+00,,0.00024758292442497265,5.15551921182266e-05
567,+3.21132000E-05,1559292450.6306667,+1.57087880E+00,,0.00024758495071193866,5.155493596059114e-05
568,+3.04716000E-05,1559292450.839,+1.57087630E+00,,0.0002475848083242059,5.155736945812808e-05
569,+3.08453000E-05,1559292451.0473332,+1.57087630E+00,,0.0002475878532311063,5.1554423645320194e-05
570,+3.14659000E-05,1559292451.2556667,+1.57087630E+00,,0.00024758813800657175,5.155455172413793e-05
571,+3.12924000E-05,1559292451.464,+1.57087760E+00,,0.0002475904600219058,5.1558660098522165e-05
572,+3.06451000E-05,1559292451.6723332,+1.57087880E+00,,0.0002475882803943045,5.155596059113301e-05
573,+3.16461000E-05,1559292451.8806667,+1.57087760E+00,,0.00024758683461117195,5.155263054187193e-05
574,+3.25137000E-05,1559292452.089,+1.57087510E+00,,0.0002475845235487404,5.155506403940887e-05
575,+3.22334000E-05,1559292455.69,+1.57087380E+00,,0.00024779256297918946,5.15555763546798e-05
576,+3.19264000E-05,1559292455.8983333,+1.57087880E+00,,0.0002493998357064622,5.1556472906403936e-05
577,+3.17394000E-05,1559292456.1066668,+1.57087760E+00,,0.00024939780941949616,5.155736945812808e-05
578,+3.13857000E-05,1559292456.315,+1.57087880E+00,,0.0002499166703176342,5.155301477832512e-05
579,+3.19398000E-05,1559292456.5233333,+1.57087380E+00,,0.0002519711500547645,5.155506403940887e-05
580,+3.25203000E-05,1559292456.7316668,+1.57087380E+00,,0.0002519730339539978,5.1558660098522165e-05
581,+3.22133000E-05,1559292456.94,+1.57087630E+00,,0.0002523772398685652,5.155378325123153e-05
582,+3.22400000E-05,1559292457.1483333,+1.57087760E+00,,0.0002537789594742607,5.155660098522167e-05
583,+3.22001000E-05,1559292457.3566668,+1.57087760E+00,,0.0002537766374589266,5.155096551724138e-05
584,+3.20132000E-05,1559292457.565,+1.57087880E+00,,0.0002543416976998905,5.155173399014778e-05
585,+3.13592000E-05,1559292457.7733333,+1.57088000E+00,,0.0002555889156626506,5.155096551724138e-05
586,+3.23869000E-05,1559292457.9816668,+1.57087880E+00,,0.0002555889156626506,5.154930049261084e-05
587,+3.16794000E-05,1559292458.19,+1.57088130E+00,,0.0002564561117196057,5.1550837438423646e-05
588,+3.18663000E-05,1559292458.3983333,+1.57088380E+00,,0.0002581737020810515,5.155032512315271e-05
589,+3.24202000E-05,1559292458.6066668,+1.57088250E+00,,0.0002581734063526835,5.155352709359606e-05
590,+3.24002000E-05,1559292458.815,+1.57087760E+00,,0.00025817572836801757,5.1549172413793106e-05
591,+3.13925000E-05,1559292459.0233333,+1.57088250E+00,,0.00025817687842278204,5.155327093596059e-05
592,+3.19598000E-05,1559292459.2316668,+1.57088500E+00,,0.00025817601314348304,5.1558137931034483e-05
593,+3.20065000E-05,1559292459.44,+1.57088380E+00,,0.00025817412924424975,5.155186206896552e-05
594,+3.20465000E-05,1559292459.6483333,+1.57088130E+00,,0.00025817398685651697,5.1546354679802954e-05
595,+3.19265000E-05,1559292459.8566668,+1.57088000E+00,,0.0002581722453450164,5.15548078817734e-05
596,+3.26605000E-05,1559292460.065,+1.57088130E+00,,0.0002581713800657174,5.154942857142857e-05
597,+3.19196000E-05,1559292460.2733333,+1.57088130E+00,,0.00025816935377875134,5.155199014778325e-05
598,+3.28874000E-05,1559292460.4816668,+1.57087760E+00,,0.0002581716757940854,5.154994088669951e-05
599,+3.19197000E-05,1559292460.69,+1.57087880E+00,,0.0002581705147864184,5.155019704433498e-05
