,SQUID_Volt(V),timestamp,MAG_CURR(A)
0,+4.78023900E-05,1559363476.852,
1,+4.78598200E-05,1559363477.0603333,
2,+4.78745100E-05,1559363477.2686667,
3,+4.78805200E-05,1559363477.477,
4,+4.78932100E-05,1559363477.6853333,
5,+4.79045600E-05,1559363477.8936667,
6,+4.78417900E-05,1559363478.102,
7,+4.78251000E-05,1559363478.3103333,
8,+4.78718400E-05,1559363478.5186667,
9,+4.78424500E-05,1559363478.727,
10,+4.80234300E-05,1559363478.9353333,
11,+4.79199200E-05,1559363479.1436667,
12,+4.79299400E-05,1559363479.352,
13,+4.79826900E-05,1559363479.5603333,
14,+4.81503200E-05,1559363479.7686667,
15,+4.83493300E-05,1559363479.977,
16,+4.80394700E-05,1559363480.1853333,
17,+4.78344500E-05,1559363480.3936667,
18,+4.77983700E-05,1559363480.602,
19,+4.78852000E-05,1559363480.8103333,
20,+4.77830200E-05,1559363481.0186667,
21,+4.78878700E-05,1559363481.227,
22,+4.78618200E-05,1559363481.4353333,
23,+4.78324400E-05,1559363481.6436667,
24,+4.78491400E-05,1559363481.852,
25,+4.79239200E-05,1559363484.2,
26,+4.79499800E-05,1559363484.4083333,
27,+4.87754100E-05,1559363484.6166668,
28,+4.79332700E-05,1559363484.825,
29,+4.80167600E-05,1559363485.0333333,
30,+4.79840400E-05,1559363485.2416668,
31,+4.79099100E-05,1559363485.45,
32,+4.79606600E-05,1559363485.6583333,
33,+4.79646600E-05,1559363485.8666668,
34,+4.79807000E-05,1559363486.075,
35,+4.78818500E-05,1559363486.2833333,
36,+4.79780300E-05,1559363486.4916668,
37,+4.79199200E-05,1559363486.7,
38,+4.78798600E-05,1559363486.9083333,
39,+4.80721900E-05,1559363487.1166668,
40,+4.79413000E-05,1559363487.325,
41,+4.78825200E-05,1559363487.5333333,
42,+4.78958800E-05,1559363487.7416668,
43,+4.79286100E-05,1559363487.95,
44,+4.78725000E-05,1559363488.1583333,
45,+4.78798400E-05,1559363488.3666668,
46,+4.78324400E-05,1559363488.575,
47,+4.78538100E-05,1559363488.7833333,
48,+4.78264400E-05,1559363488.9916668,
49,+4.78611600E-05,1559363489.2,
50,+4.79299400E-05,1559363490.845,
51,+4.78872100E-05,1559363491.0533333,
52,+4.78631600E-05,1559363491.2616668,
53,+4.79005600E-05,1559363491.47,
54,+4.79459700E-05,1559363491.6783333,
55,+4.79052400E-05,1559363491.8866668,
56,+4.77997200E-05,1559363492.095,
57,+4.77008700E-05,1559363492.3033333,
58,+4.75586300E-05,1559363492.5116668,
59,+4.77022100E-05,1559363492.72,
60,+4.77596500E-05,1559363492.9283333,
61,+4.78518000E-05,1559363493.1366668,
62,+4.79292800E-05,1559363493.345,
63,+4.76875200E-05,1559363493.5533333,
64,+4.76534500E-05,1559363493.7616668,
65,+4.76394400E-05,1559363493.97,
66,+4.76334200E-05,1559363494.1783333,
67,+4.82919100E-05,1559363494.3866668,
68,+4.75352600E-05,1559363494.595,
69,+4.75592900E-05,1559363494.8033333,
70,+4.78384500E-05,1559363495.0116668,
71,+4.77229200E-05,1559363495.22,
72,+4.75833400E-05,1559363495.4283333,
73,+4.76300900E-05,1559363495.6366668,
74,+4.78651600E-05,1559363495.845,
75,+4.78745200E-05,1559363497.445,
76,+4.77002000E-05,1559363497.6533332,
77,+4.76841800E-05,1559363497.8616667,
78,+4.77523000E-05,1559363498.07,
79,+4.77135700E-05,1559363498.2783332,
80,+4.76474400E-05,1559363498.4866667,
81,+4.75686500E-05,1559363498.695,
82,+4.77129000E-05,1559363498.9033332,
83,+4.78324400E-05,1559363499.1116667,
84,+4.78417900E-05,1559363499.32,
85,+4.77402800E-05,1559363499.5283332,
86,+4.77750000E-05,1559363499.7366667,
87,+4.77629800E-05,1559363499.945,
88,+4.80681900E-05,1559363500.1533332,
89,+4.80374500E-05,1559363500.3616667,
90,+4.77523000E-05,1559363500.57,
91,+4.78284400E-05,1559363500.7783332,
92,+4.77222500E-05,1559363500.9866667,
93,+4.77202400E-05,1559363501.195,
94,+4.76400900E-05,1559363501.4033332,
95,+4.78818600E-05,1559363501.6116667,
96,+4.77856900E-05,1559363501.82,
97,+4.77382800E-05,1559363502.0283332,
98,+4.77369300E-05,1559363502.2366667,
99,+4.77696700E-05,1559363502.445,
100,+4.78838600E-05,1559363504.045,
101,+4.79767000E-05,1559363504.2533333,
102,+4.77382800E-05,1559363504.4616668,
103,+4.77269200E-05,1559363504.67,
104,+4.78704900E-05,1559363504.8783333,
105,+4.78551400E-05,1559363505.0866668,
106,+4.77289300E-05,1559363505.295,
107,+4.77316000E-05,1559363505.5033333,
108,+4.77523000E-05,1559363505.7116668,
109,+4.77422800E-05,1559363505.92,
110,+4.78404500E-05,1559363506.1283333,
111,+4.77269200E-05,1559363506.3366668,
112,+4.78351100E-05,1559363506.545,
113,+4.78778500E-05,1559363506.7533333,
114,+4.80761900E-05,1559363506.9616668,
115,+4.78424500E-05,1559363507.17,
116,+4.78150700E-05,1559363507.3783333,
117,+4.77476200E-05,1559363507.5866668,
118,+4.78110700E-05,1559363507.795,
119,+4.79740100E-05,1559363508.0033333,
120,+4.76788400E-05,1559363508.2116668,
121,+4.77008700E-05,1559363508.42,
122,+4.75646500E-05,1559363508.6283333,
123,+4.78958800E-05,1559363508.8366668,
124,+4.76888600E-05,1559363509.045,
125,+4.76935400E-05,1559363510.645,
126,+4.76735000E-05,1559363510.8533332,
127,+4.75786600E-05,1559363511.0616667,
128,+4.75592900E-05,1559363511.27,
129,+4.75105500E-05,1559363511.4783332,
130,+4.75372500E-05,1559363511.6866667,
131,+4.75980300E-05,1559363511.895,
132,+4.75539600E-05,1559363512.1033332,
133,+4.75713300E-05,1559363512.3116667,
134,+4.75833300E-05,1559363512.52,
135,+4.76848500E-05,1559363512.7283332,
136,+4.76841800E-05,1559363512.9366667,
137,+4.77556400E-05,1559363513.145,
138,+4.75726600E-05,1559363513.3533332,
139,+4.77068900E-05,1559363513.5616667,
140,+4.76394400E-05,1559363513.77,
141,+4.75259100E-05,1559363513.9783332,
142,+4.76901900E-05,1559363514.1866667,
143,+4.75366000E-05,1559363514.395,
144,+4.75152200E-05,1559363514.6033332,
145,+4.74397600E-05,1559363514.8116667,
146,+4.75980300E-05,1559363515.02,
147,+4.74197100E-05,1559363515.2283332,
148,+4.74938500E-05,1559363515.4366667,
149,+4.74951800E-05,1559363515.645,
150,+4.76280800E-05,1559363517.245,
151,+4.73175500E-05,1559363517.4533331,
152,+4.73616200E-05,1559363517.6616666,
153,+4.76007100E-05,1559363517.87,
154,+4.74150500E-05,1559363518.0783331,
155,+4.74638000E-05,1559363518.2866666,
156,+4.75766500E-05,1559363518.495,
157,+4.73663000E-05,1559363518.7033331,
158,+4.75412700E-05,1559363518.9116666,
159,+4.74865000E-05,1559363519.12,
160,+4.74611200E-05,1559363519.3283331,
161,+4.74531100E-05,1559363519.5366666,
162,+4.74410900E-05,1559363519.745,
163,+4.74651300E-05,1559363519.9533331,
164,+4.76427600E-05,1559363520.1616666,
165,+4.74210600E-05,1559363520.37,
166,+4.74431000E-05,1559363520.5783331,
167,+4.73215600E-05,1559363520.7866666,
168,+4.73248900E-05,1559363520.995,
169,+4.73349100E-05,1559363521.2033331,
170,+4.73489300E-05,1559363521.4116666,
171,+4.73789800E-05,1559363521.62,
172,+4.74277400E-05,1559363521.8283331,
173,+4.74344200E-05,1559363522.0366666,
174,+4.73769900E-05,1559363522.245,
175,+4.74564400E-05,1559363523.846,
176,+4.73295600E-05,1559363524.0543332,
177,+4.73489300E-05,1559363524.2626667,
178,+4.73035100E-05,1559363524.471,
179,+4.73188800E-05,1559363524.6793332,
180,+4.72561100E-05,1559363524.8876667,
181,+4.73148700E-05,1559363525.096,
182,+4.72768100E-05,1559363525.3043332,
183,+4.73135400E-05,1559363525.5126667,
184,+4.75559600E-05,1559363525.721,
185,+4.74998600E-05,1559363525.9293332,
186,+4.74971900E-05,1559363526.1376667,
187,+4.74918500E-05,1559363526.346,
188,+4.74591200E-05,1559363526.5543332,
189,+4.75219000E-05,1559363526.7626667,
190,+4.74644700E-05,1559363526.971,
191,+4.74991900E-05,1559363527.1793332,
192,+4.75185600E-05,1559363527.3876667,
193,+4.72708000E-05,1559363527.596,
194,+4.74210600E-05,1559363527.8043332,
195,+4.73569400E-05,1559363528.0126667,
196,+4.72320600E-05,1559363528.221,
197,+4.72420800E-05,1559363528.4293332,
198,+4.71939900E-05,1559363528.6376667,
199,+4.72874900E-05,1559363528.846,
200,+4.71906600E-05,1559363530.445,
201,+4.71392300E-05,1559363530.6533332,
202,+4.71692800E-05,1559363530.8616667,
203,+4.69903100E-05,1559363531.07,
204,+4.69989900E-05,1559363531.2783332,
205,+4.67906400E-05,1559363531.4866667,
206,+4.68026400E-05,1559363531.695,
207,+4.68807900E-05,1559363531.9033332,
208,+4.67953000E-05,1559363532.1116667,
209,+4.68660900E-05,1559363532.32,
210,+4.68220300E-05,1559363532.5283332,
211,+4.69101700E-05,1559363532.7366667,
212,+4.69682600E-05,1559363532.945,
213,+4.69489000E-05,1559363533.1533332,
214,+4.69355500E-05,1559363533.3616667,
215,+4.69529200E-05,1559363533.57,
216,+4.70764600E-05,1559363533.7783332,
217,+4.74030200E-05,1559363533.9866667,
218,+4.71452500E-05,1559363534.195,
219,+4.70524300E-05,1559363534.4033332,
220,+4.72060300E-05,1559363534.6116667,
221,+4.71726300E-05,1559363534.82,
222,+4.72461000E-05,1559363535.0283332,
223,+4.71826300E-05,1559363535.2366667,
224,+4.71592700E-05,1559363535.445,
225,+4.70918200E-05,1559363537.045,
226,+4.71940000E-05,1559363537.2533333,
227,+4.71465900E-05,1559363537.4616668,
228,+4.71953300E-05,1559363537.67,
229,+4.71773000E-05,1559363537.8783333,
230,+4.73689700E-05,1559363538.0866668,
231,+4.72694600E-05,1559363538.295,
232,+4.73295600E-05,1559363538.5033333,
233,+4.72828100E-05,1559363538.7116668,
234,+4.73081900E-05,1559363538.92,
235,+4.75319100E-05,1559363539.1283333,
236,+4.73596200E-05,1559363539.3366668,
237,+4.73315700E-05,1559363539.545,
238,+4.70310500E-05,1559363539.7533333,
239,+4.71572700E-05,1559363539.9616668,
240,+4.69963100E-05,1559363540.17,
241,+4.72968500E-05,1559363540.3783333,
242,+4.72427600E-05,1559363540.5866668,
243,+4.73275500E-05,1559363540.795,
244,+4.75466100E-05,1559363541.0033333,
245,+4.75920200E-05,1559363541.2116668,
246,+4.77776800E-05,1559363541.42,
247,+4.77269300E-05,1559363541.6283333,
248,+4.75426100E-05,1559363541.8366668,
249,+4.76160500E-05,1559363542.045,
250,+4.75085500E-05,1559363543.646,
251,+4.74197200E-05,1559363543.8543332,
252,+4.74163900E-05,1559363544.0626667,
253,+4.74517700E-05,1559363544.271,
254,+4.72975000E-05,1559363544.4793332,
255,+4.72948400E-05,1559363544.6876667,
256,+4.73028500E-05,1559363544.896,
257,+4.71399100E-05,1559363545.1043332,
258,+4.71519300E-05,1559363545.3126667,
259,+4.71318900E-05,1559363545.521,
260,+4.70657800E-05,1559363545.7293332,
261,+4.71452400E-05,1559363545.9376667,
262,+4.71779800E-05,1559363546.146,
263,+4.72521000E-05,1559363546.3543332,
264,+4.71646000E-05,1559363546.5626667,
265,+4.71151900E-05,1559363546.771,
266,+4.71425600E-05,1559363546.9793332,
267,+4.71131900E-05,1559363547.1876667,
268,+4.70343900E-05,1559363547.396,
269,+4.70570900E-05,1559363547.6043332,
270,+4.71158700E-05,1559363547.8126667,
271,+4.71151900E-05,1559363548.021,
272,+4.69181800E-05,1559363548.2293332,
273,+4.70430600E-05,1559363548.4376667,
274,+4.70404000E-05,1559363548.646,
275,+4.71158600E-05,1559363550.245,
276,+4.71218700E-05,1559363550.4533331,
277,+4.71485800E-05,1559363550.6616666,
278,+4.72440800E-05,1559363550.87,
279,+4.75138900E-05,1559363551.0783331,
280,+4.73776500E-05,1559363551.2866666,
281,+4.73950200E-05,1559363551.495,
282,+4.72287200E-05,1559363551.7033331,
283,+4.71532600E-05,1559363551.9116666,
284,+4.71913300E-05,1559363552.12,
285,+4.72394000E-05,1559363552.3283331,
286,+4.71479200E-05,1559363552.5366666,
287,+4.69081700E-05,1559363552.745,
288,+4.70090100E-05,1559363552.9533331,
289,+4.71192100E-05,1559363553.1616666,
290,+4.71218700E-05,1559363553.37,
291,+4.72527600E-05,1559363553.5783331,
292,+4.72440800E-05,1559363553.7866666,
293,+4.71666200E-05,1559363553.995,
294,+4.72247200E-05,1559363554.2033331,
295,+4.70551000E-05,1559363554.4116666,
296,+4.70050000E-05,1559363554.62,
297,+4.70390600E-05,1559363554.8283331,
298,+4.69782800E-05,1559363555.0366666,
299,+4.70123500E-05,1559363555.245,
300,+4.70884800E-05,1559363556.845,
301,+4.71652800E-05,1559363557.0533333,
302,+4.71819700E-05,1559363557.2616668,
303,+4.71138500E-05,1559363557.47,
304,+4.71158600E-05,1559363557.6783333,
305,+4.70470700E-05,1559363557.8866668,
306,+4.70524200E-05,1559363558.095,
307,+4.73075300E-05,1559363558.3033333,
308,+4.70951600E-05,1559363558.5116668,
309,+4.71365700E-05,1559363558.72,
310,+4.72587700E-05,1559363558.9283333,
311,+4.72220400E-05,1559363559.1366668,
312,+4.72193700E-05,1559363559.345,
313,+4.72200500E-05,1559363559.5533333,
314,+4.72020200E-05,1559363559.7616668,
315,+4.71879900E-05,1559363559.97,
316,+4.71666100E-05,1559363560.1783333,
317,+4.72227200E-05,1559363560.3866668,
318,+4.72327200E-05,1559363560.595,
319,+4.71753000E-05,1559363560.8033333,
320,+4.72380700E-05,1559363561.0116668,
321,+4.71919900E-05,1559363561.22,
322,+4.72627800E-05,1559363561.4283333,
323,+4.69716000E-05,1559363561.6366668,
324,+4.69449000E-05,1559363561.845,
325,+4.69575900E-05,1559363563.445,
326,+4.70277100E-05,1559363563.6533332,
327,+4.70237000E-05,1559363563.8616667,
328,+4.69756200E-05,1559363564.07,
329,+4.69609200E-05,1559363564.2783332,
330,+4.69181800E-05,1559363564.4866667,
331,+4.69636000E-05,1559363564.695,
332,+4.71419100E-05,1559363564.9033332,
333,+4.71626100E-05,1559363565.1116667,
334,+4.70584200E-05,1559363565.32,
335,+4.70831300E-05,1559363565.5283332,
336,+4.70584400E-05,1559363565.7366667,
337,+4.70697800E-05,1559363565.945,
338,+4.71285600E-05,1559363566.1533332,
339,+4.73055200E-05,1559363566.3616667,
340,+4.70257100E-05,1559363566.57,
341,+4.71065100E-05,1559363566.7783332,
342,+4.69428900E-05,1559363566.9866667,
343,+4.70150200E-05,1559363567.195,
344,+4.70263800E-05,1559363567.4033332,
345,+4.70263700E-05,1559363567.6116667,
346,+4.70043400E-05,1559363567.82,
347,+4.68994800E-05,1559363568.0283332,
348,+4.69649400E-05,1559363568.2366667,
349,+4.69802800E-05,1559363568.445,
350,+4.69963200E-05,1559363570.045,
351,+4.69188400E-05,1559363570.2533333,
352,+4.71085200E-05,1559363570.4616668,
353,+4.69322200E-05,1559363570.67,
354,+4.71599400E-05,1559363570.8783333,
355,+4.70751300E-05,1559363571.0866668,
356,+4.71105100E-05,1559363571.295,
357,+4.70497500E-05,1559363571.5033333,
358,+4.71071700E-05,1559363571.7116668,
359,+4.70657800E-05,1559363571.92,
360,+4.69302100E-05,1559363572.1283333,
361,+4.68587500E-05,1559363572.3366668,
362,+4.68654300E-05,1559363572.545,
363,+4.69302100E-05,1559363572.7533333,
364,+4.69382100E-05,1559363572.9616668,
365,+4.70223600E-05,1559363573.17,
366,+4.70357200E-05,1559363573.3783333,
367,+4.70203600E-05,1559363573.5866668,
368,+4.70664500E-05,1559363573.795,
369,+4.71339000E-05,1559363574.0033333,
370,+4.69963200E-05,1559363574.2116668,
371,+4.71419100E-05,1559363574.42,
372,+4.72440800E-05,1559363574.6283333,
373,+4.70951600E-05,1559363574.8366668,
374,+4.72033500E-05,1559363575.045,
375,+4.71245300E-05,1559363576.646,
376,+4.72133600E-05,1559363576.8543332,
377,+4.71826500E-05,1559363577.0626667,
378,+4.71659500E-05,1559363577.271,
379,+4.70083500E-05,1559363577.4793332,
380,+4.70063500E-05,1559363577.6876667,
381,+4.70197000E-05,1559363577.896,
382,+4.69068200E-05,1559363578.1043332,
383,+4.69475600E-05,1559363578.3126667,
384,+4.70056800E-05,1559363578.521,
385,+4.69989800E-05,1559363578.7293332,
386,+4.71886600E-05,1559363578.9376667,
387,+4.73155500E-05,1559363579.146,
388,+4.72821500E-05,1559363579.3543332,
389,+4.73001800E-05,1559363579.5626667,
390,+4.71439000E-05,1559363579.771,
391,+4.71980000E-05,1559363579.9793332,
392,+4.71158600E-05,1559363580.1876667,
393,+4.70323800E-05,1559363580.396,
394,+4.70704400E-05,1559363580.6043332,
395,+4.71091800E-05,1559363580.8126667,
396,+4.74077100E-05,1559363581.021,
397,+4.71172000E-05,1559363581.2293332,
398,+4.70958200E-05,1559363581.4376667,
399,+4.70817900E-05,1559363581.646,
400,+4.71232100E-05,1559363583.246,
401,+4.71065100E-05,1559363583.4543333,
402,+4.70490800E-05,1559363583.6626668,
403,+4.71098500E-05,1559363583.871,
404,+4.70190300E-05,1559363584.0793333,
405,+4.70076800E-05,1559363584.2876668,
406,+4.68974700E-05,1559363584.496,
407,+4.69068300E-05,1559363584.7043333,
408,+4.70036700E-05,1559363584.9126668,
409,+4.69442200E-05,1559363585.121,
410,+4.70177000E-05,1559363585.3293333,
411,+4.69903100E-05,1559363585.5376668,
412,+4.72200500E-05,1559363585.746,
413,+4.72561100E-05,1559363585.9543333,
414,+4.72708000E-05,1559363586.1626668,
415,+4.71318800E-05,1559363586.371,
416,+4.72420800E-05,1559363586.5793333,
417,+4.70778000E-05,1559363586.7876668,
418,+4.70216900E-05,1559363586.996,
419,+4.70116700E-05,1559363587.2043333,
420,+4.69295300E-05,1559363587.4126668,
421,+4.69856300E-05,1559363587.621,
422,+4.69282000E-05,1559363587.8293333,
423,+4.70210400E-05,1559363588.0376668,
424,+4.69796200E-05,1559363588.246,
425,+4.70250400E-05,1559363589.845,
426,+4.69729500E-05,1559363590.0533333,
427,+4.70270500E-05,1559363590.2616668,
428,+4.69595900E-05,1559363590.47,
429,+4.69936500E-05,1559363590.6783333,
430,+4.69202000E-05,1559363590.8866668,
431,+4.69362200E-05,1559363591.095,
432,+4.70143500E-05,1559363591.3033333,
433,+4.69789600E-05,1559363591.5116668,
434,+4.71652800E-05,1559363591.72,
435,+4.70076800E-05,1559363591.9283333,
436,+4.70557600E-05,1559363592.1366668,
437,+4.72500900E-05,1559363592.345,
438,+4.71886600E-05,1559363592.5533333,
439,+4.71405700E-05,1559363592.7616668,
440,+4.71011800E-05,1559363592.97,
441,+4.71539300E-05,1559363593.1783333,
442,+4.71913300E-05,1559363593.3866668,
443,+4.71779700E-05,1559363593.595,
444,+4.71719600E-05,1559363593.8033333,
445,+4.72120200E-05,1559363594.0116668,
446,+4.72841500E-05,1559363594.22,
447,+4.74017000E-05,1559363594.4283333,
448,+4.73041900E-05,1559363594.6366668,
449,+4.72140300E-05,1559363594.845,
450,+4.71132000E-05,1559363596.446,
451,+4.69736200E-05,1559363596.6543334,
452,+4.73242300E-05,1559363596.8626668,
453,+4.73642800E-05,1559363597.071,
454,+4.74030200E-05,1559363597.2793334,
455,+4.72574300E-05,1559363597.4876668,
456,+4.72293800E-05,1559363597.696,
457,+4.73489300E-05,1559363597.9043334,
458,+4.73355700E-05,1559363598.1126668,
459,+4.72434100E-05,1559363598.321,
460,+4.72080300E-05,1559363598.5293334,
461,+4.72841500E-05,1559363598.7376668,
462,+4.68507400E-05,1559363598.946,
463,+4.69896500E-05,1559363599.1543334,
464,+4.68974900E-05,1559363599.3626668,
465,+4.69849800E-05,1559363599.571,
466,+4.70864700E-05,1559363599.7793334,
467,+4.70724400E-05,1559363599.9876668,
468,+4.71045100E-05,1559363600.196,
469,+4.70190200E-05,1559363600.4043334,
470,+4.71913300E-05,1559363600.6126668,
471,+4.70297200E-05,1559363600.821,
472,+4.70784500E-05,1559363601.0293334,
473,+4.73936800E-05,1559363601.2376668,
474,+4.72708000E-05,1559363601.446,
475,+4.72374100E-05,1559363603.045,
476,+4.74244000E-05,1559363603.2533333,
477,+4.74818300E-05,1559363603.4616668,
478,+4.73963600E-05,1559363603.67,
479,+4.73743200E-05,1559363603.8783333,
480,+4.74297500E-05,1559363604.0866668,
481,+4.75279200E-05,1559363604.295,
482,+4.74951800E-05,1559363604.5033333,
483,+4.74357500E-05,1559363604.7116668,
484,+4.74891800E-05,1559363604.92,
485,+4.73936800E-05,1559363605.1283333,
486,+4.74384100E-05,1559363605.3366668,
487,+4.73849800E-05,1559363605.545,
488,+4.73335800E-05,1559363605.7533333,
489,+4.74237400E-05,1559363605.9616668,
490,+4.73809900E-05,1559363606.17,
491,+4.74023600E-05,1559363606.3783333,
492,+4.72975100E-05,1559363606.5866668,
493,+4.74063600E-05,1559363606.795,
494,+4.73228900E-05,1559363607.0033333,
495,+4.73402500E-05,1559363607.2116668,
496,+4.73456000E-05,1559363607.42,
497,+4.73963400E-05,1559363607.6283333,
498,+4.74624700E-05,1559363607.8366668,
499,+4.74597900E-05,1559363608.045,
500,+4.75399300E-05,1559363609.644,
501,+4.74083600E-05,1559363609.8523333,
502,+4.74631400E-05,1559363610.0606668,
503,+4.74845100E-05,1559363610.269,
504,+4.74918500E-05,1559363610.4773333,
505,+4.75439400E-05,1559363610.6856668,
506,+4.74384300E-05,1559363610.894,
507,+4.74484300E-05,1559363611.1023333,
508,+4.74905000E-05,1559363611.3106668,
509,+4.74377600E-05,1559363611.519,
510,+4.72941800E-05,1559363611.7273333,
511,+4.73696200E-05,1559363611.9356668,
512,+4.73222200E-05,1559363612.144,
513,+4.74277400E-05,1559363612.3523333,
514,+4.73375800E-05,1559363612.5606668,
515,+4.72420800E-05,1559363612.769,
516,+4.73001800E-05,1559363612.9773333,
517,+4.72173700E-05,1559363613.1856668,
518,+4.72133600E-05,1559363613.394,
519,+4.72247200E-05,1559363613.6023333,
520,+4.71646100E-05,1559363613.8106668,
521,+4.72294000E-05,1559363614.019,
522,+4.73609500E-05,1559363614.2273333,
523,+4.72581000E-05,1559363614.4356668,
524,+4.71599400E-05,1559363614.644,
525,+4.72307400E-05,1559363616.245,
526,+4.73763100E-05,1559363616.4533331,
527,+4.73763200E-05,1559363616.6616666,
528,+4.73596200E-05,1559363616.87,
529,+4.73829900E-05,1559363617.0783331,
530,+4.73916700E-05,1559363617.2866666,
531,+4.73769800E-05,1559363617.495,
532,+4.75739800E-05,1559363617.7033331,
533,+4.74738200E-05,1559363617.9116666,
534,+4.74658100E-05,1559363618.12,
535,+4.74010300E-05,1559363618.3283331,
536,+4.74270700E-05,1559363618.5366666,
537,+4.72754600E-05,1559363618.745,
538,+4.73289000E-05,1559363618.9533331,
539,+4.72768100E-05,1559363619.1616666,
540,+4.74785000E-05,1559363619.37,
541,+4.74905100E-05,1559363619.5783331,
542,+4.75733100E-05,1559363619.7866666,
543,+4.74938500E-05,1559363619.995,
544,+4.75185600E-05,1559363620.2033331,
545,+4.75205700E-05,1559363620.4116666,
546,+4.74584600E-05,1559363620.62,
547,+4.75379300E-05,1559363620.8283331,
548,+4.76888600E-05,1559363621.0366666,
549,+4.74177200E-05,1559363621.245,
550,+4.74751500E-05,1559363622.845,
551,+4.74758200E-05,1559363623.0533333,
552,+4.74658100E-05,1559363623.2616668,
553,+4.74771500E-05,1559363623.47,
554,+4.74551200E-05,1559363623.6783333,
555,+4.75479500E-05,1559363623.8866668,
556,+4.75452600E-05,1559363624.095,
557,+4.75219000E-05,1559363624.3033333,
558,+4.74965300E-05,1559363624.5116668,
559,+4.73823200E-05,1559363624.72,
560,+4.74611300E-05,1559363624.9283333,
561,+4.74037000E-05,1559363625.1366668,
562,+4.73736400E-05,1559363625.345,
563,+4.74571200E-05,1559363625.5533333,
564,+4.73663000E-05,1559363625.7616668,
565,+4.72881700E-05,1559363625.97,
566,+4.72928300E-05,1559363626.1783333,
567,+4.73202100E-05,1559363626.3866668,
568,+4.73329100E-05,1559363626.595,
569,+4.72614500E-05,1559363626.8033333,
570,+4.70871400E-05,1559363627.0116668,
571,+4.70918200E-05,1559363627.22,
572,+4.70904900E-05,1559363627.4283333,
573,+4.70083400E-05,1559363627.6366668,
574,+4.71098500E-05,1559363627.845,
575,+4.70090100E-05,1559363629.445,
576,+4.71339000E-05,1559363629.6533332,
577,+4.71505900E-05,1559363629.8616667,
578,+4.71292200E-05,1559363630.07,
579,+4.70711100E-05,1559363630.2783332,
580,+4.71586100E-05,1559363630.4866667,
581,+4.71372300E-05,1559363630.695,
582,+4.71105100E-05,1559363630.9033332,
583,+4.71973400E-05,1559363631.1116667,
584,+4.72761400E-05,1559363631.32,
585,+4.70791300E-05,1559363631.5283332,
586,+4.71338900E-05,1559363631.7366667,
587,+4.70931500E-05,1559363631.945,
588,+4.71325600E-05,1559363632.1533332,
589,+4.71031800E-05,1559363632.3616667,
590,+4.71853200E-05,1559363632.57,
591,+4.70691200E-05,1559363632.7783332,
592,+4.69782900E-05,1559363632.9866667,
593,+4.70998300E-05,1559363633.195,
594,+4.71499100E-05,1559363633.4033332,
595,+4.72073500E-05,1559363633.6116667,
596,+4.72080300E-05,1559363633.82,
597,+4.71873100E-05,1559363634.0283332,
598,+4.71392400E-05,1559363634.2366667,
599,+4.71686200E-05,1559363634.445,
600,+4.71632700E-05,1559363636.045,
601,+4.71739600E-05,1559363636.2533333,
602,+4.70871400E-05,1559363636.4616668,
603,+4.73709700E-05,1559363636.67,
604,+4.72360600E-05,1559363636.8783333,
605,+4.72667900E-05,1559363637.0866668,
606,+4.72006800E-05,1559363637.295,
607,+4.71031800E-05,1559363637.5033333,
608,+4.70838000E-05,1559363637.7116668,
609,+4.70951600E-05,1559363637.92,
610,+4.72267200E-05,1559363638.1283333,
611,+4.72267200E-05,1559363638.3366668,
612,+4.73262300E-05,1559363638.545,
613,+4.73075300E-05,1559363638.7533333,
614,+4.73836500E-05,1559363638.9616668,
615,+4.73409200E-05,1559363639.17,
616,+4.73662900E-05,1559363639.3783333,
617,+4.73776400E-05,1559363639.5866668,
618,+4.73462700E-05,1559363639.795,
619,+4.73269000E-05,1559363640.0033333,
620,+4.74598000E-05,1559363640.2116668,
621,+4.74210600E-05,1559363640.42,
622,+4.74564400E-05,1559363640.6283333,
623,+4.74511100E-05,1559363640.8366668,
624,+4.74010200E-05,1559363641.045,
625,+4.74410900E-05,1559363642.645,
626,+4.73789700E-05,1559363642.8533332,
627,+4.73269000E-05,1559363643.0616667,
628,+4.73662900E-05,1559363643.27,
629,+4.73736500E-05,1559363643.4783332,
630,+4.73796600E-05,1559363643.6866667,
631,+4.74143700E-05,1559363643.895,
632,+4.73856600E-05,1559363644.1033332,
633,+4.74851600E-05,1559363644.3116667,
634,+4.72641300E-05,1559363644.52,
635,+4.74317500E-05,1559363644.7283332,
636,+4.72434200E-05,1559363644.9366667,
637,+4.72494200E-05,1559363645.145,
638,+4.72427500E-05,1559363645.3533332,
639,+4.72294000E-05,1559363645.5616667,
640,+4.68901300E-05,1559363645.77,
641,+4.68527300E-05,1559363645.9783332,
642,+4.68734300E-05,1559363646.1866667,
643,+4.69502500E-05,1559363646.395,
644,+4.69969900E-05,1559363646.6033332,
645,+4.69435600E-05,1559363646.8116667,
646,+4.69308700E-05,1559363647.02,
647,+4.75673200E-05,1559363647.2283332,
648,+4.74871800E-05,1559363647.4366667,
649,+4.74197300E-05,1559363647.645,
650,+4.74384300E-05,1559363649.246,
651,+4.74631300E-05,1559363649.4543333,
652,+4.74424400E-05,1559363649.6626668,
653,+4.75760000E-05,1559363649.871,
654,+4.74631300E-05,1559363650.0793333,
655,+4.74023600E-05,1559363650.2876668,
656,+4.73890100E-05,1559363650.496,
657,+4.73976900E-05,1559363650.7043333,
658,+4.73736400E-05,1559363650.9126668,
659,+4.73309100E-05,1559363651.121,
660,+4.73375800E-05,1559363651.3293333,
661,+4.73289000E-05,1559363651.5376668,
662,+4.73242300E-05,1559363651.746,
663,+4.73783200E-05,1559363651.9543333,
664,+4.73823200E-05,1559363652.1626668,
665,+4.73509400E-05,1559363652.371,
666,+4.73629600E-05,1559363652.5793333,
667,+4.73028500E-05,1559363652.7876668,
668,+4.72427500E-05,1559363652.996,
669,+4.71873100E-05,1559363653.2043333,
670,+4.71285500E-05,1559363653.4126668,
671,+4.72554400E-05,1559363653.621,
672,+4.73355800E-05,1559363653.8293333,
673,+4.72981800E-05,1559363654.0376668,
674,+4.72701200E-05,1559363654.246,
675,+4.72641100E-05,1559363655.845,
676,+4.72567700E-05,1559363656.0533333,
677,+4.71893200E-05,1559363656.2616668,
678,+4.72561100E-05,1559363656.47,
679,+4.72868300E-05,1559363656.6783333,
680,+4.72981800E-05,1559363656.8866668,
681,+4.72026700E-05,1559363657.095,
682,+4.71953300E-05,1559363657.3033333,
683,+4.71285400E-05,1559363657.5116668,
684,+4.68961400E-05,1559363657.72,
685,+4.72494200E-05,1559363657.9283333,
686,+4.71953300E-05,1559363658.1366668,
687,+4.72120200E-05,1559363658.345,
688,+4.72647900E-05,1559363658.5533333,
689,+4.71318900E-05,1559363658.7616668,
690,+4.71759600E-05,1559363658.97,
691,+4.72233900E-05,1559363659.1783333,
692,+4.72414000E-05,1559363659.3866668,
693,+4.73442500E-05,1559363659.595,
694,+4.72567800E-05,1559363659.8033333,
695,+4.70918200E-05,1559363660.0116668,
696,+4.71566000E-05,1559363660.22,
697,+4.71672800E-05,1559363660.4283333,
698,+4.71879800E-05,1559363660.6366668,
699,+4.72040100E-05,1559363660.845,
700,+4.71920000E-05,1559363662.446,
701,+4.70631000E-05,1559363662.6543334,
702,+4.69869700E-05,1559363662.8626668,
703,+4.71145200E-05,1559363663.071,
704,+4.70958200E-05,1559363663.2793334,
705,+4.71572700E-05,1559363663.4876668,
706,+4.70651100E-05,1559363663.696,
707,+4.70343900E-05,1559363663.9043334,
708,+4.69682800E-05,1559363664.1126668,
709,+4.70030000E-05,1559363664.321,
710,+4.70123500E-05,1559363664.5293334,
711,+4.69756200E-05,1559363664.7376668,
712,+4.68727700E-05,1559363664.946,
713,+4.70818000E-05,1559363665.1543334,
714,+4.69829600E-05,1559363665.3626668,
715,+4.69502300E-05,1559363665.571,
716,+4.70484100E-05,1559363665.7793334,
717,+4.69983300E-05,1559363665.9876668,
718,+4.69956400E-05,1559363666.196,
719,+4.68667600E-05,1559363666.4043334,
720,+4.68246900E-05,1559363666.6126668,
721,+4.68079900E-05,1559363666.821,
722,+4.68861300E-05,1559363667.0293334,
723,+4.69168600E-05,1559363667.2376668,
724,+4.68126700E-05,1559363667.446,
725,+4.67665900E-05,1559363669.046,
726,+4.70363800E-05,1559363669.2543333,
727,+4.71105100E-05,1559363669.4626667,
728,+4.71833200E-05,1559363669.671,
729,+4.65515500E-05,1559363669.8793333,
730,+4.64333400E-05,1559363670.0876667,
731,+4.65989600E-05,1559363670.296,
732,+4.65375300E-05,1559363670.5043333,
733,+4.62530400E-05,1559363670.7126667,
734,+4.65882700E-05,1559363670.921,
735,+4.65401900E-05,1559363671.1293333,
736,+4.66797800E-05,1559363671.3376667,
737,+4.68393800E-05,1559363671.546,
738,+4.66336900E-05,1559363671.7543333,
739,+4.67278500E-05,1559363671.9626667,
740,+4.66724300E-05,1559363672.171,
741,+4.67539100E-05,1559363672.3793333,
742,+4.68286900E-05,1559363672.5876667,
743,+4.67011400E-05,1559363672.796,
744,+4.67425500E-05,1559363673.0043333,
745,+4.69569200E-05,1559363673.2126667,
746,+4.69302100E-05,1559363673.421,
747,+4.69936500E-05,1559363673.6293333,
748,+4.69021500E-05,1559363673.8376667,
749,+4.69235200E-05,1559363674.046,
750,+4.67438800E-05,1559363675.645,
751,+4.68126700E-05,1559363675.8533332,
752,+4.67866300E-05,1559363676.0616667,
753,+4.67572300E-05,1559363676.27,
754,+4.68467200E-05,1559363676.4783332,
755,+4.66497200E-05,1559363676.6866667,
756,+4.66664200E-05,1559363676.895,
757,+4.65956300E-05,1559363677.1033332,
758,+4.71272100E-05,1559363677.3116667,
759,+4.68961400E-05,1559363677.52,
760,+4.67565700E-05,1559363677.7283332,
761,+4.66563900E-05,1559363677.9366667,
762,+4.66163300E-05,1559363678.145,
763,+4.64206600E-05,1559363678.3533332,
764,+4.62570400E-05,1559363678.5616667,
765,+4.63044600E-05,1559363678.77,
766,+4.60380000E-05,1559363678.9783332,
767,+4.62911000E-05,1559363679.1866667,
768,+4.63017800E-05,1559363679.395,
769,+4.67438700E-05,1559363679.6033332,
770,+4.71025000E-05,1559363679.8116667,
771,+4.69482400E-05,1559363680.02,
772,+4.69121800E-05,1559363680.2283332,
773,+4.70136900E-05,1559363680.4366667,
774,+4.68727800E-05,1559363680.645,
775,+4.68300300E-05,1559363682.246,
776,+4.65428700E-05,1559363682.4543333,
777,+4.65001300E-05,1559363682.6626668,
778,+4.64573800E-05,1559363682.871,
779,+4.65315100E-05,1559363683.0793333,
780,+4.65208200E-05,1559363683.2876668,
781,+4.70363800E-05,1559363683.496,
782,+4.69896400E-05,1559363683.7043333,
783,+4.72440800E-05,1559363683.9126668,
784,+4.71606100E-05,1559363684.121,
785,+4.72127000E-05,1559363684.3293333,
786,+4.72721300E-05,1559363684.5376668,
787,+4.72106900E-05,1559363684.746,
788,+4.71766300E-05,1559363684.9543333,
789,+4.72380800E-05,1559363685.1626668,
790,+4.71846400E-05,1559363685.371,
791,+4.72521100E-05,1559363685.5793333,
792,+4.73863300E-05,1559363685.7876668,
793,+4.72741400E-05,1559363685.996,
794,+4.73355800E-05,1559363686.2043333,
795,+4.72561100E-05,1559363686.4126668,
796,+4.72641100E-05,1559363686.621,
797,+4.72367400E-05,1559363686.8293333,
798,+4.72748100E-05,1559363687.0376668,
799,+4.72273900E-05,1559363687.246,
800,+4.72541000E-05,1559363688.845,
801,+4.72814800E-05,1559363689.0533333,
802,+4.73195400E-05,1559363689.2616668,
803,+4.72941700E-05,1559363689.47,
804,+4.70557700E-05,1559363689.6783333,
805,+4.71205400E-05,1559363689.8866668,
806,+4.67719300E-05,1559363690.095,
807,+4.65341800E-05,1559363690.3033333,
808,+4.62370000E-05,1559363690.5116668,
809,+4.59478300E-05,1559363690.72,
810,+4.65869400E-05,1559363690.9283333,
811,+4.66069800E-05,1559363691.1366668,
812,+4.67031500E-05,1559363691.345,
813,+4.67645900E-05,1559363691.5533333,
814,+4.66330200E-05,1559363691.7616668,
815,+4.67418800E-05,1559363691.97,
816,+4.67692600E-05,1559363692.1783333,
817,+4.67932900E-05,1559363692.3866668,
818,+4.68707700E-05,1559363692.595,
819,+4.67111500E-05,1559363692.8033333,
820,+4.66864600E-05,1559363693.0116668,
821,+4.66804500E-05,1559363693.22,
822,+4.67305300E-05,1559363693.4283333,
823,+4.67311900E-05,1559363693.6366668,
824,+4.65535600E-05,1559363693.845,
825,+4.67111600E-05,1559363695.445,
826,+4.69255300E-05,1559363695.6533332,
827,+4.68460600E-05,1559363695.8616667,
828,+4.62824200E-05,1559363696.07,
829,+4.63037900E-05,1559363696.2783332,
830,+4.63986100E-05,1559363696.4866667,
831,+4.64634000E-05,1559363696.695,
832,+4.65508900E-05,1559363696.9033332,
833,+4.62497000E-05,1559363697.1116667,
834,+4.62163000E-05,1559363697.32,
835,+4.62343300E-05,1559363697.5283332,
836,+4.61081000E-05,1559363697.7366667,
837,+4.63251600E-05,1559363697.945,
838,+4.63652200E-05,1559363698.1533332,
839,+4.64059500E-05,1559363698.3616667,
840,+4.63692200E-05,1559363698.57,
841,+4.65482100E-05,1559363698.7783332,
842,+4.65976300E-05,1559363698.9866667,
843,+4.66684100E-05,1559363699.195,
844,+4.63658900E-05,1559363699.4033332,
845,+4.57962400E-05,1559363699.6116667,
846,+4.56933800E-05,1559363699.82,
847,+4.62236500E-05,1559363700.0283332,
848,+4.61428400E-05,1559363700.2366667,
849,+4.62804200E-05,1559363700.445,
850,+4.62062700E-05,1559363702.045,
851,+4.61501900E-05,1559363702.2533333,
852,+4.61234600E-05,1559363702.4616668,
853,+4.62871000E-05,1559363702.67,
854,+4.62249700E-05,1559363702.8783333,
855,+4.62937700E-05,1559363703.0866668,
856,+4.63492000E-05,1559363703.295,
857,+4.63064600E-05,1559363703.5033333,
858,+4.63498700E-05,1559363703.7116668,
859,+4.63846000E-05,1559363703.92,
860,+4.63184800E-05,1559363704.1283333,
861,+4.64133200E-05,1559363704.3366668,
862,+4.65001300E-05,1559363704.545,
863,+4.65695800E-05,1559363704.7533333,
864,+4.61441800E-05,1559363704.9616668,
865,+4.60359800E-05,1559363705.17,
866,+4.62683900E-05,1559363705.3783333,
867,+4.66811100E-05,1559363705.5866668,
868,+4.67104900E-05,1559363705.795,
869,+4.64166500E-05,1559363706.0033333,
870,+4.67298600E-05,1559363706.2116668,
871,+4.67572300E-05,1559363706.42,
872,+4.68253600E-05,1559363706.6283333,
873,+4.66630800E-05,1559363706.8366668,
874,+4.60780600E-05,1559363707.045,
875,+4.59571900E-05,1559363708.645,
876,+4.60286400E-05,1559363708.8533332,
877,+4.66791000E-05,1559363709.0616667,
878,+4.67178400E-05,1559363709.27,
879,+4.66370400E-05,1559363709.4783332,
880,+4.67091600E-05,1559363709.6866667,
881,+4.66817600E-05,1559363709.895,
882,+4.68059900E-05,1559363710.1033332,
883,+4.69903100E-05,1559363710.3116667,
884,+4.70677800E-05,1559363710.52,
885,+4.68400600E-05,1559363710.7283332,
886,+4.71452400E-05,1559363710.9366667,
887,+4.70377300E-05,1559363711.145,
888,+4.69135100E-05,1559363711.3533332,
889,+4.70190300E-05,1559363711.5616667,
890,+4.71526000E-05,1559363711.77,
891,+4.70624300E-05,1559363711.9783332,
892,+4.71305500E-05,1559363712.1866667,
893,+4.70838000E-05,1559363712.395,
894,+4.71065100E-05,1559363712.6033332,
895,+4.70998400E-05,1559363712.8116667,
896,+4.71004900E-05,1559363713.02,
897,+4.71405800E-05,1559363713.2283332,
898,+4.73509400E-05,1559363713.4366667,
899,+4.70477400E-05,1559363713.645,
900,+4.70570900E-05,1559363715.246,
901,+4.70257100E-05,1559363715.4543333,
902,+4.70363900E-05,1559363715.6626668,
903,+4.70437400E-05,1559363715.871,
904,+4.70804600E-05,1559363716.0793333,
905,+4.70203600E-05,1559363716.2876668,
906,+4.71773000E-05,1559363716.496,
907,+4.71692800E-05,1559363716.7043333,
908,+4.69435700E-05,1559363716.9126668,
909,+4.70417400E-05,1559363717.121,
910,+4.71973400E-05,1559363717.3293333,
911,+4.72520900E-05,1559363717.5376668,
912,+4.72841500E-05,1559363717.746,
913,+4.71612800E-05,1559363717.9543333,
914,+4.71312300E-05,1559363718.1626668,
915,+4.71793000E-05,1559363718.371,
916,+4.72253800E-05,1559363718.5793333,
917,+4.72694700E-05,1559363718.7876668,
918,+4.72935000E-05,1559363718.996,
919,+4.73469300E-05,1559363719.2043333,
920,+4.65174800E-05,1559363719.4126668,
921,+4.64400200E-05,1559363719.621,
922,+4.55731900E-05,1559363719.8293333,
923,+4.58129400E-05,1559363720.0376668,
924,+4.68934800E-05,1559363720.246,
925,+4.66917900E-05,1559363721.845,
926,+4.66236700E-05,1559363722.0533333,
927,+4.64674100E-05,1559363722.2616668,
928,+4.64493800E-05,1559363722.47,
929,+4.65181600E-05,1559363722.6783333,
930,+4.65368600E-05,1559363722.8866668,
931,+4.63405200E-05,1559363723.095,
932,+4.62804000E-05,1559363723.3033333,
933,+4.64921200E-05,1559363723.5116668,
934,+4.69889800E-05,1559363723.72,
935,+4.70036600E-05,1559363723.9283333,
936,+4.70163500E-05,1559363724.1366668,
937,+4.72153700E-05,1559363724.345,
938,+4.69168600E-05,1559363724.5533333,
939,+4.68360400E-05,1559363724.7616668,
940,+4.68667600E-05,1559363724.97,
941,+4.71098500E-05,1559363725.1783333,
942,+4.70397300E-05,1559363725.3866668,
943,+4.67899700E-05,1559363725.595,
944,+4.71011800E-05,1559363725.8033333,
945,+4.70851500E-05,1559363726.0116668,
946,+4.70009900E-05,1559363726.22,
947,+4.69595800E-05,1559363726.4283333,
948,+4.71966600E-05,1559363726.6366668,
949,+4.70036600E-05,1559363726.845,
950,+4.66016400E-05,1559363728.445,
951,+4.67332000E-05,1559363728.6533332,
952,+4.65495300E-05,1559363728.8616667,
953,+4.68073300E-05,1559363729.07,
954,+4.70424000E-05,1559363729.2783332,
955,+4.69255400E-05,1559363729.4866667,
956,+4.67926400E-05,1559363729.695,
957,+4.67245200E-05,1559363729.9033332,
958,+4.66604100E-05,1559363730.1116667,
959,+4.69028200E-05,1559363730.32,
960,+4.72260500E-05,1559363730.5283332,
961,+4.71552700E-05,1559363730.7366667,
962,+4.71058500E-05,1559363730.945,
963,+4.69629300E-05,1559363731.1533332,
964,+4.71405800E-05,1559363731.3616667,
965,+4.71038400E-05,1559363731.57,
966,+4.72915000E-05,1559363731.7783332,
967,+4.71559400E-05,1559363731.9866667,
968,+4.70657700E-05,1559363732.195,
969,+4.70277100E-05,1559363732.4033332,
970,+4.68981600E-05,1559363732.6116667,
971,+4.68874600E-05,1559363732.82,
972,+4.68327000E-05,1559363733.0283332,
973,+4.67452300E-05,1559363733.2366667,
974,+4.69295300E-05,1559363733.445,
975,+4.69716000E-05,1559363735.046,
976,+4.70277100E-05,1559363735.2543333,
977,+4.70250400E-05,1559363735.4626667,
978,+4.66817800E-05,1559363735.671,
979,+4.61956100E-05,1559363735.8793333,
980,+4.65408600E-05,1559363736.0876667,
981,+4.65315200E-05,1559363736.296,
982,+4.65882800E-05,1559363736.5043333,
983,+4.69535900E-05,1559363736.7126667,
984,+4.72975000E-05,1559363736.921,
985,+4.66016400E-05,1559363737.1293333,
986,+4.64707300E-05,1559363737.3376667,
987,+4.65862800E-05,1559363737.546,
988,+4.65081400E-05,1559363737.7543333,
989,+4.65128100E-05,1559363737.9626667,
990,+4.65154900E-05,1559363738.171,
991,+4.65609000E-05,1559363738.3793333,
992,+4.65789400E-05,1559363738.5876667,
993,+4.65835900E-05,1559363738.796,
994,+4.67859500E-05,1559363739.0043333,
995,+4.67832800E-05,1559363739.2126667,
996,+4.61047700E-05,1559363739.421,
997,+4.52846700E-05,1559363739.6293333,
998,+4.55718400E-05,1559363739.8376667,
999,+4.57034100E-05,1559363740.046,
1000,+4.60580200E-05,1559363741.645,
1001,+4.61054500E-05,1559363741.8533332,
1002,+4.59344800E-05,1559363742.0616667,
1003,+4.57748600E-05,1559363742.27,
1004,+4.58890700E-05,1559363742.4783332,
1005,+4.54342700E-05,1559363742.6866667,
1006,+4.60473400E-05,1559363742.895,
1007,+4.58242900E-05,1559363743.1033332,
1008,+4.59518400E-05,1559363743.3116667,
1009,+4.59164500E-05,1559363743.52,
1010,+4.58997600E-05,1559363743.7283332,
1011,+4.59785600E-05,1559363743.9366667,
1012,+4.71025100E-05,1559363744.145,
1013,+4.71278900E-05,1559363744.3533332,
1014,+4.72694700E-05,1559363744.5616667,
1015,+4.71572700E-05,1559363744.77,
1016,+4.72314000E-05,1559363744.9783332,
1017,+4.71632700E-05,1559363745.1866667,
1018,+4.71212000E-05,1559363745.395,
1019,+4.70864700E-05,1559363745.6033332,
1020,+4.71806400E-05,1559363745.8116667,
1021,+4.72046900E-05,1559363746.02,
1022,+4.70611000E-05,1559363746.2283332,
1023,+4.71305600E-05,1559363746.4366667,
1024,+4.70283800E-05,1559363746.645,
1025,+4.70090100E-05,1559363748.245,
1026,+4.70250400E-05,1559363748.4533331,
1027,+4.68079900E-05,1559363748.6616666,
1028,+4.65642400E-05,1559363748.87,
1029,+4.70851300E-05,1559363749.0783331,
1030,+4.70243700E-05,1559363749.2866666,
1031,+4.67792800E-05,1559363749.495,
1032,+4.67739300E-05,1559363749.7033331,
1033,+4.68106700E-05,1559363749.9116666,
1034,+4.68640900E-05,1559363750.12,
1035,+4.68206700E-05,1559363750.3283331,
1036,+4.69054900E-05,1559363750.5366666,
1037,+4.67979700E-05,1559363750.745,
1038,+4.68133300E-05,1559363750.9533331,
1039,+4.68888000E-05,1559363751.1616666,
1040,+4.67712600E-05,1559363751.37,
1041,+4.66944700E-05,1559363751.5783331,
1042,+4.68066600E-05,1559363751.7866666,
1043,+4.68707800E-05,1559363751.995,
1044,+4.68741000E-05,1559363752.2033331,
1045,+4.66964700E-05,1559363752.4116666,
1046,+4.69535700E-05,1559363752.62,
1047,+4.70223700E-05,1559363752.8283331,
1048,+4.71939900E-05,1559363753.0366666,
1049,+4.71385700E-05,1559363753.245,
1050,+4.72033500E-05,1559363754.846,
1051,+4.72547700E-05,1559363755.0543332,
1052,+4.71833000E-05,1559363755.2626667,
1053,+4.71652800E-05,1559363755.471,
1054,+4.70737900E-05,1559363755.6793332,
1055,+4.71686200E-05,1559363755.8876667,
1056,+4.72040100E-05,1559363756.096,
1057,+4.72601100E-05,1559363756.3043332,
1058,+4.66323600E-05,1559363756.5126667,
1059,+4.66497200E-05,1559363756.721,
1060,+4.66497200E-05,1559363756.9293332,
1061,+4.66336900E-05,1559363757.1376667,
1062,+4.65996300E-05,1559363757.346,
1063,+4.65174800E-05,1559363757.5543332,
1064,+4.64874400E-05,1559363757.7626667,
1065,+4.66450500E-05,1559363757.971,
1066,+4.65475400E-05,1559363758.1793332,
1067,+4.60693700E-05,1559363758.3876667,
1068,+4.65341800E-05,1559363758.596,
1069,+4.65335200E-05,1559363758.8043332,
1070,+4.65508800E-05,1559363759.0126667,
1071,+4.65969600E-05,1559363759.221,
1072,+4.65936300E-05,1559363759.4293332,
1073,+4.67071500E-05,1559363759.6376667,
1074,+4.67625900E-05,1559363759.846,
1075,+4.58657000E-05,1559363761.445,
1076,+4.67231800E-05,1559363761.6533332,
1077,+4.66991400E-05,1559363761.8616667,
1078,+4.66884500E-05,1559363762.07,
1079,+4.65989600E-05,1559363762.2783332,
1080,+4.69455700E-05,1559363762.4866667,
1081,+4.68727700E-05,1559363762.695,
1082,+4.68721000E-05,1559363762.9033332,
1083,+4.67245100E-05,1559363763.1116667,
1084,+4.67198400E-05,1559363763.32,
1085,+4.67138300E-05,1559363763.5283332,
1086,+4.67245100E-05,1559363763.7366667,
1087,+4.67599100E-05,1559363763.945,
1088,+4.67291900E-05,1559363764.1533332,
1089,+4.67565700E-05,1559363764.3616667,
1090,+4.67732700E-05,1559363764.57,
1091,+4.67151600E-05,1559363764.7783332,
1092,+4.68600800E-05,1559363764.9866667,
1093,+4.67893000E-05,1559363765.195,
1094,+4.67879500E-05,1559363765.4033332,
1095,+4.67706000E-05,1559363765.6116667,
1096,+4.67445600E-05,1559363765.82,
1097,+4.69175100E-05,1559363766.0283332,
1098,+4.75052100E-05,1559363766.2366667,
1099,+4.74103800E-05,1559363766.445,
1100,+4.73308900E-05,1559363768.046,
1101,+4.73696400E-05,1559363768.2543333,
1102,+4.74224000E-05,1559363768.4626667,
1103,+4.73716400E-05,1559363768.671,
1104,+4.69762800E-05,1559363768.8793333,
1105,+4.71258700E-05,1559363769.0876667,
1106,+4.74858400E-05,1559363769.296,
1107,+4.73936800E-05,1559363769.5043333,
1108,+4.73816600E-05,1559363769.7126667,
1109,+4.73542800E-05,1559363769.921,
1110,+4.74043700E-05,1559363770.1293333,
1111,+4.73696400E-05,1559363770.3376667,
1112,+4.74103800E-05,1559363770.546,
1113,+4.73289000E-05,1559363770.7543333,
1114,+4.71953300E-05,1559363770.9626667,
1115,+4.72026900E-05,1559363771.171,
1116,+4.69515600E-05,1559363771.3793333,
1117,+4.69442400E-05,1559363771.5876667,
1118,+4.69061700E-05,1559363771.796,
1119,+4.68734300E-05,1559363772.0043333,
1120,+4.69228600E-05,1559363772.2126667,
1121,+4.70404000E-05,1559363772.421,
1122,+4.70617700E-05,1559363772.6293333,
1123,+4.70056700E-05,1559363772.8376667,
1124,+4.69582600E-05,1559363773.046,
1125,+4.70731200E-05,1559363774.645,
1126,+4.66764400E-05,1559363774.8533332,
1127,+4.66991300E-05,1559363775.0616667,
1128,+4.67325400E-05,1559363775.27,
1129,+4.67999800E-05,1559363775.4783332,
1130,+4.68467300E-05,1559363775.6866667,
1131,+4.68126700E-05,1559363775.895,
1132,+4.66811000E-05,1559363776.1033332,
1133,+4.66824500E-05,1559363776.3116667,
1134,+4.66370200E-05,1559363776.52,
1135,+4.66891200E-05,1559363776.7283332,
1136,+4.67565800E-05,1559363776.9366667,
1137,+4.66570700E-05,1559363777.145,
1138,+4.66296900E-05,1559363777.3533332,
1139,+4.65809300E-05,1559363777.5616667,
1140,+4.67218400E-05,1559363777.77,
1141,+4.66350300E-05,1559363777.9783332,
1142,+4.65675800E-05,1559363778.1866667,
1143,+4.66670800E-05,1559363778.395,
1144,+4.66029800E-05,1559363778.6033332,
1145,+4.65442000E-05,1559363778.8116667,
1146,+4.65341800E-05,1559363779.02,
1147,+4.65181600E-05,1559363779.2283332,
1148,+4.65268400E-05,1559363779.4366667,
1149,+4.65181600E-05,1559363779.645,
1150,+4.65288400E-05,1559363781.245,
1151,+4.65488800E-05,1559363781.4533331,
1152,+4.65061400E-05,1559363781.6616666,
1153,+4.64326800E-05,1559363781.87,
1154,+4.64654000E-05,1559363782.0783331,
1155,+4.64867700E-05,1559363782.2866666,
1156,+4.64420300E-05,1559363782.495,
1157,+4.64440300E-05,1559363782.7033331,
1158,+4.64373600E-05,1559363782.9116666,
1159,+4.64233300E-05,1559363783.12,
1160,+4.63458600E-05,1559363783.3283331,
1161,+4.63191400E-05,1559363783.5366666,
1162,+4.63605600E-05,1559363783.745,
1163,+4.63805900E-05,1559363783.9533331,
1164,+4.63992800E-05,1559363784.1616666,
1165,+4.63124700E-05,1559363784.37,
1166,+4.63004500E-05,1559363784.5783331,
1167,+4.63732500E-05,1559363784.7866666,
1168,+4.63044400E-05,1559363784.995,
1169,+4.62957700E-05,1559363785.2033331,
1170,+4.63371800E-05,1559363785.4116666,
1171,+4.63091200E-05,1559363785.62,
1172,+4.63338400E-05,1559363785.8283331,
1173,+4.63224700E-05,1559363786.0366666,
1174,+4.62917700E-05,1559363786.245,
1175,+4.64300000E-05,1559363787.845,
1176,+4.62917700E-05,1559363788.0533333,
1177,+4.62884200E-05,1559363788.2616668,
1178,+4.63077900E-05,1559363788.47,
1179,+4.63017700E-05,1559363788.6783333,
1180,+4.63892700E-05,1559363788.8866668,
1181,+4.63578700E-05,1559363789.095,
1182,+4.63284800E-05,1559363789.3033333,
1183,+4.63485300E-05,1559363789.5116668,
1184,+4.64734200E-05,1559363789.72,
1185,+4.64179900E-05,1559363789.9283333,
1186,+4.64159900E-05,1559363790.1366668,
1187,+4.64714000E-05,1559363790.345,
1188,+4.64119700E-05,1559363790.5533333,
1189,+4.64734100E-05,1559363790.7616668,
1190,+4.64093000E-05,1559363790.97,
1191,+4.64266600E-05,1559363791.1783333,
1192,+4.64487100E-05,1559363791.3866668,
1193,+4.64286700E-05,1559363791.595,
1194,+4.64320000E-05,1559363791.8033333,
1195,+4.64480400E-05,1559363792.0116668,
1196,+4.64794300E-05,1559363792.22,
1197,+4.64553800E-05,1559363792.4283333,
1198,+4.64306700E-05,1559363792.6366668,
1199,+4.64293400E-05,1559363792.845,
1200,+4.64413600E-05,1559363794.445,
1201,+4.64507100E-05,1559363794.6533332,
1202,+4.65321700E-05,1559363794.8616667,
1203,+4.64727400E-05,1559363795.07,
1204,+4.64573800E-05,1559363795.2783332,
1205,+4.64627300E-05,1559363795.4866667,
1206,+4.64460300E-05,1559363795.695,
1207,+4.64787600E-05,1559363795.9033332,
1208,+4.64179800E-05,1559363796.1116667,
1209,+4.65014700E-05,1559363796.32,
1210,+4.64687400E-05,1559363796.5283332,
1211,+4.65014600E-05,1559363796.7366667,
1212,+4.64306800E-05,1559363796.945,
1213,+4.64273400E-05,1559363797.1533332,
1214,+4.64654000E-05,1559363797.3616667,
1215,+4.63498600E-05,1559363797.57,
1216,+4.63652300E-05,1559363797.7783332,
1217,+4.64346800E-05,1559363797.9866667,
1218,+4.64266500E-05,1559363798.195,
1219,+4.63959400E-05,1559363798.4033332,
1220,+4.63552100E-05,1559363798.6116667,
1221,+4.63411800E-05,1559363798.82,
1222,+4.62870900E-05,1559363799.0283332,
1223,+4.63351700E-05,1559363799.2366667,
1224,+4.63398500E-05,1559363799.445,
1225,+4.63665600E-05,1559363801.044,
1226,+4.63378500E-05,1559363801.2523332,
1227,+4.63872500E-05,1559363801.4606667,
1228,+4.64046300E-05,1559363801.669,
1229,+4.64079700E-05,1559363801.8773332,
1230,+4.63732400E-05,1559363802.0856667,
1231,+4.64260000E-05,1559363802.294,
1232,+4.64013000E-05,1559363802.5023332,
1233,+4.63972800E-05,1559363802.7106667,
1234,+4.64567300E-05,1559363802.919,
1235,+4.64400200E-05,1559363803.1273332,
1236,+4.64680600E-05,1559363803.3356667,
1237,+4.64754200E-05,1559363803.544,
1238,+4.64680700E-05,1559363803.7523332,
1239,+4.65575600E-05,1559363803.9606667,
1240,+4.65141600E-05,1559363804.169,
1241,+4.64754100E-05,1559363804.3773332,
1242,+4.65348500E-05,1559363804.5856667,
1243,+4.65168300E-05,1559363804.794,
1244,+4.65375200E-05,1559363805.0023332,
1245,+4.65255000E-05,1559363805.2106667,
1246,+4.65235100E-05,1559363805.419,
1247,+4.65782600E-05,1559363805.6273332,
1248,+4.65255000E-05,1559363805.8356667,
1249,+4.65628900E-05,1559363806.044,
1250,+4.65221600E-05,1559363807.645,
1251,+4.65088100E-05,1559363807.8533332,
1252,+4.65315100E-05,1559363808.0616667,
1253,+4.65008000E-05,1559363808.27,
1254,+4.64901000E-05,1559363808.4783332,
1255,+4.65288400E-05,1559363808.6866667,
1256,+4.64814200E-05,1559363808.895,
1257,+4.64734200E-05,1559363809.1033332,
1258,+4.64914500E-05,1559363809.3116667,
1259,+4.65215000E-05,1559363809.52,
1260,+4.65007900E-05,1559363809.7283332,
1261,+4.64600500E-05,1559363809.9366667,
1262,+4.64687400E-05,1559363810.145,
1263,+4.65181600E-05,1559363810.3533332,
1264,+4.64934400E-05,1559363810.5616667,
1265,+4.64754200E-05,1559363810.77,
1266,+4.64800900E-05,1559363810.9783332,
1267,+4.64907700E-05,1559363811.1866667,
1268,+4.65121400E-05,1559363811.395,
1269,+4.64667400E-05,1559363811.6033332,
1270,+4.64961200E-05,1559363811.8116667,
1271,+4.65241700E-05,1559363812.02,
1272,+4.65068000E-05,1559363812.2283332,
1273,+4.64961100E-05,1559363812.4366667,
1274,+4.65642300E-05,1559363812.645,
1275,+4.65154900E-05,1559363814.245,
1276,+4.65455400E-05,1559363814.4533331,
1277,+4.65649100E-05,1559363814.6616666,
1278,+4.65321900E-05,1559363814.87,
1279,+4.65655700E-05,1559363815.0783331,
1280,+4.65528800E-05,1559363815.2866666,
1281,+4.65468800E-05,1559363815.495,
1282,+4.66149900E-05,1559363815.7033331,
1283,+4.66443800E-05,1559363815.9116666,
1284,+4.65909500E-05,1559363816.12,
1285,+4.66049700E-05,1559363816.3283331,
1286,+4.65742600E-05,1559363816.5366666,
1287,+4.65976200E-05,1559363816.745,
1288,+4.66350200E-05,1559363816.9533331,
1289,+4.66510600E-05,1559363817.1616666,
1290,+4.66383600E-05,1559363817.37,
1291,+4.66283500E-05,1559363817.5783331,
1292,+4.66397000E-05,1559363817.7866666,
1293,+4.66417100E-05,1559363817.995,
1294,+4.66771000E-05,1559363818.2033331,
1295,+4.65956300E-05,1559363818.4116666,
1296,+4.65482200E-05,1559363818.62,
1297,+4.66023000E-05,1559363818.8283331,
1298,+4.66056400E-05,1559363819.0366666,
1299,+4.65595500E-05,1559363819.245,
1300,+4.65735900E-05,1559363820.846,
1301,+4.65876100E-05,1559363821.0543332,
1302,+4.65502000E-05,1559363821.2626667,
1303,+4.65468700E-05,1559363821.471,
1304,+4.66056400E-05,1559363821.6793332,
1305,+4.65535600E-05,1559363821.8876667,
1306,+4.66009700E-05,1559363822.096,
1307,+4.65916200E-05,1559363822.3043332,
1308,+4.66016400E-05,1559363822.5126667,
1309,+4.65782600E-05,1559363822.721,
1310,+4.65729200E-05,1559363822.9293332,
1311,+4.65715900E-05,1559363823.1376667,
1312,+4.65802700E-05,1559363823.346,
1313,+4.66036400E-05,1559363823.5543332,
1314,+4.66417000E-05,1559363823.7626667,
1315,+4.66403700E-05,1559363823.971,
1316,+4.65749200E-05,1559363824.1793332,
1317,+4.65989600E-05,1559363824.3876667,
1318,+4.66290100E-05,1559363824.596,
1319,+4.66250100E-05,1559363824.8043332,
1320,+4.66717500E-05,1559363825.0126667,
1321,+4.66550600E-05,1559363825.221,
1322,+4.66984700E-05,1559363825.4293332,
1323,+4.66851100E-05,1559363825.6376667,
1324,+4.66871200E-05,1559363825.846,
1325,+4.66537200E-05,1559363827.445,
1326,+4.66750900E-05,1559363827.6533332,
1327,+4.66824400E-05,1559363827.8616667,
1328,+4.66343600E-05,1559363828.07,
1329,+4.66584000E-05,1559363828.2783332,
1330,+4.66129900E-05,1559363828.4866667,
1331,+4.66196700E-05,1559363828.695,
1332,+4.66604100E-05,1559363828.9033332,
1333,+4.66470400E-05,1559363829.1116667,
1334,+4.66557300E-05,1559363829.32,
1335,+4.66751000E-05,1559363829.5283332,
1336,+4.65929400E-05,1559363829.7366667,
1337,+4.65482100E-05,1559363829.945,
1338,+4.65775800E-05,1559363830.1533332,
1339,+4.65582200E-05,1559363830.3616667,
1340,+4.65288500E-05,1559363830.57,
1341,+4.64934400E-05,1559363830.7783332,
1342,+4.65114900E-05,1559363830.9866667,
1343,+4.65328500E-05,1559363831.195,
1344,+4.65388600E-05,1559363831.4033332,
1345,+4.65174900E-05,1559363831.6116667,
1346,+4.64680700E-05,1559363831.82,
1347,+4.64553700E-05,1559363832.0283332,
1348,+4.64260100E-05,1559363832.2366667,
1349,+4.64921100E-05,1559363832.445,
1350,+4.64967800E-05,1559363834.045,
1351,+4.65108100E-05,1559363834.2533333,
1352,+4.65428700E-05,1559363834.4616668,
1353,+4.64787500E-05,1559363834.67,
1354,+4.64627300E-05,1559363834.8783333,
1355,+4.65215000E-05,1559363835.0866668,
1356,+4.65041300E-05,1559363835.295,
1357,+4.65228400E-05,1559363835.5033333,
1358,+4.65328500E-05,1559363835.7116668,
1359,+4.65715900E-05,1559363835.92,
1360,+4.65054800E-05,1559363836.1283333,
1361,+4.65782600E-05,1559363836.3366668,
1362,+4.65555600E-05,1559363836.545,
1363,+4.65502000E-05,1559363836.7533333,
1364,+4.65088000E-05,1559363836.9616668,
1365,+4.65315100E-05,1559363837.17,
1366,+4.65876200E-05,1559363837.3783333,
1367,+4.65388600E-05,1559363837.5866668,
1368,+4.65963000E-05,1559363837.795,
1369,+4.66410300E-05,1559363838.0033333,
1370,+4.66063000E-05,1559363838.2116668,
1371,+4.65916100E-05,1559363838.42,
1372,+4.65909500E-05,1559363838.6283333,
1373,+4.65735800E-05,1559363838.8366668,
1374,+4.65936200E-05,1559363839.045,
1375,+4.66296900E-05,1559363840.646,
1376,+4.66029700E-05,1559363840.8543332,
1377,+4.66377100E-05,1559363841.0626667,
1378,+4.65682500E-05,1559363841.271,
1379,+4.65849500E-05,1559363841.4793332,
1380,+4.66403700E-05,1559363841.6876667,
1381,+4.66497200E-05,1559363841.896,
1382,+4.66510500E-05,1559363842.1043332,
1383,+4.66590600E-05,1559363842.3126667,
1384,+4.67158300E-05,1559363842.521,
1385,+4.67064900E-05,1559363842.7293332,
1386,+4.66550600E-05,1559363842.9376667,
1387,+4.67058200E-05,1559363843.146,
1388,+4.67251800E-05,1559363843.3543332,
1389,+4.67465400E-05,1559363843.5626667,
1390,+4.67164900E-05,1559363843.771,
1391,+4.66984700E-05,1559363843.9793332,
1392,+4.67438700E-05,1559363844.1876667,
1393,+4.66851200E-05,1559363844.396,
1394,+4.67191700E-05,1559363844.6043332,
1395,+4.67165100E-05,1559363844.8126667,
1396,+4.67298600E-05,1559363845.021,
1397,+4.67171700E-05,1559363845.2293332,
1398,+4.67238500E-05,1559363845.4376667,
1399,+4.66650700E-05,1559363845.646,
1400,+4.66403700E-05,1559363847.245,
1401,+4.66677500E-05,1559363847.4533331,
1402,+4.66791000E-05,1559363847.6616666,
1403,+4.66423800E-05,1559363847.87,
1404,+4.66704300E-05,1559363848.0783331,
1405,+4.66644100E-05,1559363848.2866666,
1406,+4.66410400E-05,1559363848.495,
1407,+4.66584000E-05,1559363848.7033331,
1408,+4.66403800E-05,1559363848.9116666,
1409,+4.66109700E-05,1559363849.12,
1410,+4.66190000E-05,1559363849.3283331,
1411,+4.66169900E-05,1559363849.5366666,
1412,+4.66069800E-05,1559363849.745,
1413,+4.66136600E-05,1559363849.9533331,
1414,+4.65355100E-05,1559363850.1616666,
1415,+4.66176600E-05,1559363850.37,
1416,+4.66109800E-05,1559363850.5783331,
1417,+4.66210100E-05,1559363850.7866666,
1418,+4.65261800E-05,1559363850.995,
1419,+4.65929500E-05,1559363851.2033331,
1420,+4.65669200E-05,1559363851.4116666,
1421,+4.65675700E-05,1559363851.62,
1422,+4.65495500E-05,1559363851.8283331,
1423,+4.65341800E-05,1559363852.0366666,
1424,+4.65836100E-05,1559363852.245,
1425,+4.65722500E-05,1559363853.845,
1426,+4.65442000E-05,1559363854.0533333,
1427,+4.65702400E-05,1559363854.2616668,
1428,+4.65261600E-05,1559363854.47,
1429,+4.65341800E-05,1559363854.6783333,
1430,+4.64427000E-05,1559363854.8866668,
1431,+4.65068000E-05,1559363855.095,
1432,+4.64513700E-05,1559363855.3033333,
1433,+4.64947800E-05,1559363855.5116668,
1434,+4.64887600E-05,1559363855.72,
1435,+4.64527100E-05,1559363855.9283333,
1436,+4.64613800E-05,1559363856.1366668,
1437,+4.64353500E-05,1559363856.345,
1438,+4.64760800E-05,1559363856.5533333,
1439,+4.64834300E-05,1559363856.7616668,
1440,+4.64627400E-05,1559363856.97,
1441,+4.64607300E-05,1559363857.1783333,
1442,+4.64707400E-05,1559363857.3866668,
1443,+4.64580600E-05,1559363857.595,
1444,+4.65128100E-05,1559363857.8033333,
1445,+4.65628900E-05,1559363858.0116668,
1446,+4.65188200E-05,1559363858.22,
1447,+4.64460400E-05,1559363858.4283333,
1448,+4.64961300E-05,1559363858.6366668,
1449,+4.64947900E-05,1559363858.845,
1450,+4.65702500E-05,1559363860.446,
1451,+4.65275100E-05,1559363860.6543334,
1452,+4.65649100E-05,1559363860.8626668,
1453,+4.65215000E-05,1559363861.071,
1454,+4.65482100E-05,1559363861.2793334,
1455,+4.65702500E-05,1559363861.4876668,
1456,+4.65829400E-05,1559363861.696,
1457,+4.65508800E-05,1559363861.9043334,
1458,+4.65829400E-05,1559363862.1126668,
1459,+4.65281800E-05,1559363862.321,
1460,+4.66236700E-05,1559363862.5293334,
1461,+4.66363500E-05,1559363862.7376668,
1462,+4.65341900E-05,1559363862.946,
1463,+4.66096400E-05,1559363863.1543334,
1464,+4.66296800E-05,1559363863.3626668,
1465,+4.65936300E-05,1559363863.571,
1466,+4.66443700E-05,1559363863.7793334,
1467,+4.66203400E-05,1559363863.9876668,
1468,+4.66463800E-05,1559363864.196,
1469,+4.66610700E-05,1559363864.4043334,
1470,+4.66423800E-05,1559363864.6126668,
1471,+4.66336900E-05,1559363864.821,
1472,+4.66203400E-05,1559363865.0293334,
1473,+4.66036500E-05,1559363865.2376668,
1474,+4.66791000E-05,1559363865.446,
