,SQUID_Volt(V),timestamp,FC_CURR(A),MAG_CURR(A),MOD_CURR(A),SQUID_Curr(A)
0,+8.49092520E-04,1559359321.101,,0.294,,
1,+8.48920060E-04,1559359321.3093333,,,,
2,+4.70177000E-05,1559359321.5176668,,,,
3,+4.67712600E-05,1559359321.726,,,,
4,+4.71145500E-05,1559359321.9343333,,,,
5,+4.73883500E-05,1559359322.1426668,,,,
6,+4.70110300E-05,1559359322.351,,,,
7,+4.70677900E-05,1559359322.5593333,,,,
8,+4.69816500E-05,1559359322.7676668,,,,
9,+4.70497700E-05,1559359322.976,,,,
10,+4.69382500E-05,1559359323.1843333,,,,
11,+4.70404100E-05,1559359323.3926668,,,,
12,+4.69115300E-05,1559359323.601,,,,
13,+4.69395800E-05,1559359323.8093333,,,,
14,+4.69275600E-05,1559359324.0176668,,,,
15,+4.69329000E-05,1559359324.226,,,,
16,+4.69175400E-05,1559359324.4343333,,,,
17,+4.68868200E-05,1559359324.6426668,,,,
18,+4.69282200E-05,1559359324.851,,,,
19,+4.69288900E-05,1559359325.0593333,,,,
20,+4.69455900E-05,1559359325.2676668,,,,
21,+4.69422400E-05,1559359325.476,,,,
22,+4.69128600E-05,1559359325.6843333,,,,
23,+4.68941700E-05,1559359325.8926668,,,,
24,+4.69081900E-05,1559359326.101,,,,
25,+4.69509300E-05,1559359328.216,,,,
26,+4.69362300E-05,1559359328.4243333,,,,
27,+4.69115300E-05,1559359328.6326668,,,,
28,+4.69202200E-05,1559359328.841,,,,
29,+4.69275500E-05,1559359329.0493333,,,,
30,+4.69395700E-05,1559359329.2576668,,,,
31,+4.68988300E-05,1559359329.466,,,,
32,+4.69435900E-05,1559359329.6743333,,,,
33,+4.69035100E-05,1559359329.8826668,,,,
34,+4.69429200E-05,1559359330.091,,,,
35,+4.69288900E-05,1559359330.2993333,,,,
36,+4.69576100E-05,1559359330.5076668,,,,
37,+4.69422400E-05,1559359330.716,,,,
38,+4.69656100E-05,1559359330.9243333,,,,
39,+4.69275500E-05,1559359331.1326668,,,,
40,+4.69469300E-05,1559359331.341,,,,
41,+4.68988400E-05,1559359331.5493333,,,,
42,+4.69202200E-05,1559359331.7576668,,,,
43,+4.69849900E-05,1559359331.966,,,,
44,+4.69682900E-05,1559359332.1743333,,,,
45,+4.69409100E-05,1559359332.3826668,,,,
46,+4.69496000E-05,1559359332.591,,,,
47,+4.69869900E-05,1559359332.7993333,,,,
48,+4.69228700E-05,1559359333.0076668,,,,
49,+4.69629500E-05,1559359333.216,,,,
50,+4.69629500E-05,1559359334.894,,,,
51,+4.69983400E-05,1559359335.1023333,,,,
52,+4.69816500E-05,1559359335.3106668,,,,
53,+4.70010100E-05,1559359335.519,,,,
54,+4.69936600E-05,1559359335.7273333,,,,
55,+4.69883300E-05,1559359335.9356668,,,,
56,+4.70036900E-05,1559359336.144,,,,
57,+4.69849900E-05,1559359336.3523333,,,,
58,+4.70123600E-05,1559359336.5606668,,,,
59,+4.70117100E-05,1559359336.769,,,,
60,+4.69803100E-05,1559359336.9773333,,,,
61,+4.70123700E-05,1559359337.1856668,,,,
62,+4.70016700E-05,1559359337.394,,,,
63,+4.69976700E-05,1559359337.6023333,,,,
64,+4.69602700E-05,1559359337.8106668,,,,
65,+4.69088600E-05,1559359338.019,,,,
66,+4.69148700E-05,1559359338.2273333,,,,
67,+4.69262200E-05,1559359338.4356668,,,,
68,+4.69422500E-05,1559359338.644,,,,
69,+4.69182000E-05,1559359338.8523333,,,,
70,+4.69442400E-05,1559359339.0606668,,,,
71,+4.69429100E-05,1559359339.269,,,,
72,+4.69335700E-05,1559359339.4773333,,,,
73,+4.69155400E-05,1559359339.6856668,,,,
74,+4.69048500E-05,1559359339.894,,,,
75,+4.69609500E-05,1559359341.494,,,,
76,+4.69402500E-05,1559359341.7023332,,,,
77,+4.69696300E-05,1559359341.9106667,,,,
78,+4.69709600E-05,1559359342.119,,,,
79,+4.69355800E-05,1559359342.3273332,,,,
80,+4.69242100E-05,1559359342.5356667,,,,
81,+4.69362300E-05,1559359342.744,,,,
82,+4.69442400E-05,1559359342.9523332,,,,
83,+4.69168700E-05,1559359343.1606667,,,,
84,+4.69509300E-05,1559359343.369,,,,
85,+4.69355700E-05,1559359343.5773332,,,,
86,+4.69302200E-05,1559359343.7856667,,,,
87,+4.69556100E-05,1559359343.994,,,,
88,+4.69262200E-05,1559359344.2023332,,,,
89,+4.69596100E-05,1559359344.4106667,,,,
90,+4.69429100E-05,1559359344.619,,,,
91,+4.69375600E-05,1559359344.8273332,,,,
92,+4.69235500E-05,1559359345.0356667,,,,
93,+4.69569400E-05,1559359345.244,,,,
94,+4.69462500E-05,1559359345.4523332,,,,
95,+4.69482500E-05,1559359345.6606667,,,,
96,+4.69662800E-05,1559359345.869,,,,
97,+4.69128600E-05,1559359346.0773332,,,,
98,+4.69295600E-05,1559359346.2856667,,,,
99,+4.69502600E-05,1559359346.494,,,,
100,+4.69021700E-05,1559359348.094,,,,
101,+4.69302200E-05,1559359348.3023334,,,,
102,+4.68801300E-05,1559359348.5106668,,,,
103,+4.69429200E-05,1559359348.719,,,,
104,+4.69055200E-05,1559359348.9273334,,,,
105,+4.69529200E-05,1559359349.1356668,,,,
106,+4.69228800E-05,1559359349.344,,,,
107,+4.68647900E-05,1559359349.5523334,,,,
108,+4.69175400E-05,1559359349.7606668,,,,
109,+4.68874700E-05,1559359349.969,,,,
110,+4.69382400E-05,1559359350.1773334,,,,
111,+4.69155300E-05,1559359350.3856668,,,,
112,+4.68914900E-05,1559359350.594,,,,
113,+4.68941600E-05,1559359350.8023334,,,,
114,+4.69095200E-05,1559359351.0106668,,,,
115,+4.69475900E-05,1559359351.219,,,,
116,+4.69148700E-05,1559359351.4273334,,,,
117,+4.69008400E-05,1559359351.6356668,,,,
118,+4.68928300E-05,1559359351.844,,,,
119,+4.69028500E-05,1559359352.0523334,,,,
120,+4.69095200E-05,1559359352.2606668,,,,
121,+4.68834700E-05,1559359352.469,,,,
122,+4.69222200E-05,1559359352.6773334,,,,
123,+4.68868100E-05,1559359352.8856668,,,,
124,+4.69015200E-05,1559359353.094,,,,
125,+4.69008400E-05,1559359354.694,,,,
126,+4.68881600E-05,1559359354.9023333,,,,
127,+4.69021800E-05,1559359355.1106668,,,,
128,+4.68921500E-05,1559359355.319,,,,
129,+4.69175400E-05,1559359355.5273333,,,,
130,+4.68707900E-05,1559359355.7356668,,,,
131,+4.69235500E-05,1559359355.944,,,,
132,+4.69035100E-05,1559359356.1523333,,,,
133,+4.69061800E-05,1559359356.3606668,,,,
134,+4.69061800E-05,1559359356.569,,,,
135,+4.68968400E-05,1559359356.7773333,,,,
136,+4.69395700E-05,1559359356.9856668,,,,
137,+4.68768000E-05,1559359357.194,,,,
138,+4.69422500E-05,1559359357.4023333,,,,
139,+4.69302200E-05,1559359357.6106668,,,,
140,+4.68901500E-05,1559359357.819,,,,
141,+4.68961700E-05,1559359358.0273333,,,,
142,+4.69215400E-05,1559359358.2356668,,,,
143,+4.69268900E-05,1559359358.444,,,,
144,+4.69255500E-05,1559359358.6523333,,,,
145,+4.68774700E-05,1559359358.8606668,,,,
146,+4.69088600E-05,1559359359.069,,,,
147,+4.69108600E-05,1559359359.2773333,,,,
148,+4.69295600E-05,1559359359.4856668,,,,
149,+4.68935000E-05,1559359359.694,,,,
150,+4.69302300E-05,1559359361.293,,,,
151,+4.69342400E-05,1559359361.5013332,,,,
152,+4.69636200E-05,1559359361.7096667,,,,
153,+4.69529400E-05,1559359361.918,,,,
154,+4.69629500E-05,1559359362.1263332,,,,
155,+4.69569500E-05,1559359362.3346667,,,,
156,+4.69449200E-05,1559359362.543,,,,
157,+4.69729600E-05,1559359362.7513332,,,,
158,+4.69415800E-05,1559359362.9596667,,,,
159,+4.69442400E-05,1559359363.168,,,,
160,+4.69636200E-05,1559359363.3763332,,,,
161,+4.69689700E-05,1559359363.5846667,,,,
162,+4.68921500E-05,1559359363.793,,,,
163,+4.69556000E-05,1559359364.0013332,,,,
164,+4.69102000E-05,1559359364.2096667,,,,
165,+4.69121900E-05,1559359364.418,,,,
166,+4.69282300E-05,1559359364.6263332,,,,
167,+4.68587700E-05,1559359364.8346667,,,,
168,+4.69288900E-05,1559359365.043,,,,
169,+4.68915000E-05,1559359365.2513332,,,,
170,+4.68821400E-05,1559359365.4596667,,,,
171,+4.69068500E-05,1559359365.668,,,,
172,+4.68941500E-05,1559359365.8763332,,,,
173,+4.69142000E-05,1559359366.0846667,,,,
174,+4.69282200E-05,1559359366.293,,,,
175,+4.69095200E-05,1559359367.894,,,,
176,+4.69295600E-05,1559359368.1023333,,,,
177,+4.69135400E-05,1559359368.3106668,,,,
178,+4.69536000E-05,1559359368.519,,,,
179,+4.69228900E-05,1559359368.7273333,,,,
180,+4.68975000E-05,1559359368.9356668,,,,
181,+4.69222200E-05,1559359369.144,,,,
182,+4.69409100E-05,1559359369.3523333,,,,
183,+4.69389100E-05,1559359369.5606668,,,,
184,+4.69015000E-05,1559359369.769,,,,
185,+4.69369000E-05,1559359369.9773333,,,,
186,+4.69309000E-05,1559359370.1856668,,,,
187,+4.69369000E-05,1559359370.394,,,,
188,+4.69208800E-05,1559359370.6023333,,,,
189,+4.69689600E-05,1559359370.8106668,,,,
190,+4.69509300E-05,1559359371.019,,,,
191,+4.70023600E-05,1559359371.2273333,,,,
192,+4.70123700E-05,1559359371.4356668,,,,
193,+4.69996800E-05,1559359371.644,,,,
194,+4.69996700E-05,1559359371.8523333,,,,
195,+4.69910000E-05,1559359372.0606668,,,,
196,+4.69596100E-05,1559359372.269,,,,
197,+4.69869900E-05,1559359372.4773333,,,,
198,+4.69896700E-05,1559359372.6856668,,,,
199,+4.70123800E-05,1559359372.894,,,,
200,+4.70591100E-05,1559359374.494,,,,
201,+4.69976800E-05,1559359374.7023332,,,,
202,+4.70217200E-05,1559359374.9106667,,,,
203,+4.70577800E-05,1559359375.119,,,,
204,+4.70010100E-05,1559359375.3273332,,,,
205,+4.69809800E-05,1559359375.5356667,,,,
206,+4.70344000E-05,1559359375.744,,,,
207,+4.70223800E-05,1559359375.9523332,,,,
208,+4.70130300E-05,1559359376.1606667,,,,
209,+4.69856600E-05,1559359376.369,,,,
210,+4.69876500E-05,1559359376.5773332,,,,
211,+4.70070200E-05,1559359376.7856667,,,,
212,+4.70103600E-05,1559359376.994,,,,
213,+4.70170400E-05,1559359377.2023332,,,,
214,+4.69709600E-05,1559359377.4106667,,,,
215,+4.70070200E-05,1559359377.619,,,,
216,+4.70070300E-05,1559359377.8273332,,,,
217,+4.69703000E-05,1559359378.0356667,,,,
218,+4.69676200E-05,1559359378.244,,,,
219,+4.70210400E-05,1559359378.4523332,,,,
220,+4.70050200E-05,1559359378.6606667,,,,
221,+4.69896600E-05,1559359378.869,,,,
222,+4.69796500E-05,1559359379.0773332,,,,
223,+4.69723100E-05,1559359379.2856667,,,,
224,+4.69816500E-05,1559359379.494,,,,
225,+4.69636100E-05,1559359381.094,,,,
226,+4.69409100E-05,1559359381.3023334,,,,
227,+4.69168700E-05,1559359381.5106668,,,,
228,+4.69108600E-05,1559359381.719,,,,
229,+4.69248900E-05,1559359381.9273334,,,,
230,+4.68834900E-05,1559359382.1356668,,,,
231,+4.69108600E-05,1559359382.344,,,,
232,+4.68707900E-05,1559359382.5523334,,,,
233,+4.69355700E-05,1559359382.7606668,,,,
234,+4.68848200E-05,1559359382.969,,,,
235,+4.68901600E-05,1559359383.1773334,,,,
236,+4.68654300E-05,1559359383.3856668,,,,
237,+4.68393900E-05,1559359383.594,,,,
238,+4.68287000E-05,1559359383.8023334,,,,
239,+4.68480600E-05,1559359384.0106668,,,,
240,+4.68721000E-05,1559359384.219,,,,
241,+4.68574100E-05,1559359384.4273334,,,,
242,+4.68781100E-05,1559359384.6356668,,,,
243,+4.68694300E-05,1559359384.844,,,,
244,+4.68567500E-05,1559359385.0523334,,,,
245,+4.68827800E-05,1559359385.2606668,,,,
246,+4.68814600E-05,1559359385.469,,,,
247,+4.68721100E-05,1559359385.6773334,,,,
248,+4.68901300E-05,1559359385.8856668,,,,
249,+4.68540800E-05,1559359386.094,,,,
250,+4.68794400E-05,1559359387.694,,,,
251,+4.69348800E-05,1559359387.9023333,,,,
252,+4.69095100E-05,1559359388.1106668,,,,
253,+4.68827900E-05,1559359388.319,,,,
254,+4.68868000E-05,1559359388.5273333,,,,
255,+4.68654300E-05,1559359388.7356668,,,,
256,+4.69041600E-05,1559359388.944,,,,
257,+4.69148400E-05,1559359389.1523333,,,,
258,+4.68821200E-05,1559359389.3606668,,,,
259,+4.69522700E-05,1559359389.569,,,,
260,+4.68954800E-05,1559359389.7773333,,,,
261,+4.69462600E-05,1559359389.9856668,,,,
262,+4.68921400E-05,1559359390.194,,,,
263,+4.69014900E-05,1559359390.4023333,,,,
264,+4.69068200E-05,1559359390.6106668,,,,
265,+4.69101800E-05,1559359390.819,,,,
266,+4.68901300E-05,1559359391.0273333,,,,
267,+4.68974900E-05,1559359391.2356668,,,,
268,+4.68814600E-05,1559359391.444,,,,
269,+4.69028200E-05,1559359391.6523333,,,,
270,+4.69662900E-05,1559359391.8606668,,,,
271,+4.68400600E-05,1559359392.069,,,,
272,+4.69282000E-05,1559359392.2773333,,,,
273,+4.69282000E-05,1559359392.4856668,,,,
274,+4.68961500E-05,1559359392.694,,,,
275,+4.69201800E-05,1559359394.293,,,,
276,+4.69328800E-05,1559359394.5013332,,,,
277,+4.68948400E-05,1559359394.7096667,,,,
278,+4.69155300E-05,1559359394.918,,,,
279,+4.68841300E-05,1559359395.1263332,,,,
280,+4.69335500E-05,1559359395.3346667,,,,
281,+4.68954800E-05,1559359395.543,,,,
282,+4.68620900E-05,1559359395.7513332,,,,
283,+4.69094900E-05,1559359395.9596667,,,,
284,+4.68921400E-05,1559359396.168,,,,
285,+4.68580800E-05,1559359396.3763332,,,,
286,+4.68854600E-05,1559359396.5846667,,,,
287,+4.68734500E-05,1559359396.793,,,,
288,+4.68580800E-05,1559359397.0013332,,,,
289,+4.68988200E-05,1559359397.2096667,,,,
290,+4.69001600E-05,1559359397.418,,,,
291,+4.68680900E-05,1559359397.6263332,,,,
292,+4.69088400E-05,1559359397.8346667,,,,
293,+4.69055000E-05,1559359398.043,,,,
294,+4.69155400E-05,1559359398.2513332,,,,
295,+4.68774500E-05,1559359398.4596667,,,,
296,+4.68954800E-05,1559359398.668,,,,
297,+4.68821200E-05,1559359398.8763332,,,,
298,+4.68480600E-05,1559359399.0846667,,,,
299,+4.69021500E-05,1559359399.293,,,,
300,+4.68560800E-05,1559359400.894,,,,
301,+4.68574100E-05,1559359401.1023333,,,,
302,+4.68674200E-05,1559359401.3106668,,,,
303,+4.68914800E-05,1559359401.519,,,,
304,+4.68941500E-05,1559359401.7273333,,,,
305,+4.69408900E-05,1559359401.9356668,,,,
306,+4.69088400E-05,1559359402.144,,,,
307,+4.69435600E-05,1559359402.3523333,,,,
308,+4.69155200E-05,1559359402.5606668,,,,
309,+4.68934800E-05,1559359402.769,,,,
310,+4.69235200E-05,1559359402.9773333,,,,
311,+4.69415600E-05,1559359403.1856668,,,,
312,+4.69288700E-05,1559359403.394,,,,
313,+4.68994900E-05,1559359403.6023333,,,,
314,+4.69308700E-05,1559359403.8106668,,,,
315,+4.69348800E-05,1559359404.019,,,,
316,+4.69415600E-05,1559359404.2273333,,,,
317,+4.69709500E-05,1559359404.4356668,,,,
318,+4.69703000E-05,1559359404.644,,,,
319,+4.69462500E-05,1559359404.8523333,,,,
320,+4.69368800E-05,1559359405.0606668,,,,
321,+4.69783100E-05,1559359405.269,,,,
322,+4.69255400E-05,1559359405.4773333,,,,
323,+4.69582700E-05,1559359405.6856668,,,,
324,+4.69622500E-05,1559359405.894,,,,
325,+4.69162000E-05,1559359407.494,,,,
326,+4.69262000E-05,1559359407.7023332,,,,
327,+4.69409100E-05,1559359407.9106667,,,,
328,+4.69241900E-05,1559359408.119,,,,
329,+4.69408900E-05,1559359408.3273332,,,,
330,+4.69803100E-05,1559359408.5356667,,,,
331,+4.69422400E-05,1559359408.744,,,,
332,+4.69469200E-05,1559359408.9523332,,,,
333,+4.69529200E-05,1559359409.1606667,,,,
334,+4.69736400E-05,1559359409.369,,,,
335,+4.69596100E-05,1559359409.5773332,,,,
336,+4.69302100E-05,1559359409.7856667,,,,
337,+4.69502500E-05,1559359409.994,,,,
338,+4.69956700E-05,1559359410.2023332,,,,
339,+4.70150400E-05,1559359410.4106667,,,,
340,+4.69235500E-05,1559359410.619,,,,
341,+4.69449200E-05,1559359410.8273332,,,,
342,+4.69442500E-05,1559359411.0356667,,,,
343,+4.69749800E-05,1559359411.244,,,,
344,+4.70083700E-05,1559359411.4523332,,,,
345,+4.69415500E-05,1559359411.6606667,,,,
346,+4.70150300E-05,1559359411.869,,,,
347,+4.69803100E-05,1559359412.0773332,,,,
348,+4.69288800E-05,1559359412.2856667,,,,
349,+4.69996700E-05,1559359412.494,,,,
350,+4.69596100E-05,1559359414.095,,,,
351,+4.69876600E-05,1559359414.3033333,,,,
352,+4.70003500E-05,1559359414.5116668,,,,
353,+4.70090300E-05,1559359414.72,,,,
354,+4.70137100E-05,1559359414.9283333,,,,
355,+4.70150300E-05,1559359415.1366668,,,,
356,+4.69983400E-05,1559359415.345,,,,
357,+4.69910100E-05,1559359415.5533333,,,,
358,+4.70444200E-05,1559359415.7616668,,,,
359,+4.70591100E-05,1559359415.97,,,,
360,+4.70390800E-05,1559359416.1783333,,,,
361,+4.70404300E-05,1559359416.3866668,,,,
362,+4.70457600E-05,1559359416.595,,,,
363,+4.70491100E-05,1559359416.8033333,,,,
364,+4.70671400E-05,1559359417.0116668,,,,
365,+4.70591200E-05,1559359417.22,,,,
366,+4.70457600E-05,1559359417.4283333,,,,
367,+4.70250600E-05,1559359417.6366668,,,,
368,+4.70998500E-05,1559359417.845,,,,
369,+4.70764900E-05,1559359418.0533333,,,,
370,+4.70818200E-05,1559359418.2616668,,,,
371,+4.71025200E-05,1559359418.47,,,,
372,+4.70764700E-05,1559359418.6783333,,,,
373,+4.71098600E-05,1559359418.8866668,,,,
374,+4.70711400E-05,1559359419.095,,,,
375,+4.71012000E-05,1559359420.695,,,,
376,+4.71125300E-05,1559359420.9033332,,,,
377,+4.71031900E-05,1559359421.1116667,,,,
378,+4.71205500E-05,1559359421.32,,,,
379,+4.71445900E-05,1559359421.5283332,,,,
380,+4.71259000E-05,1559359421.7366667,,,,
381,+4.71025200E-05,1559359421.945,,,,
382,+4.71165600E-05,1559359422.1533332,,,,
383,+4.71345900E-05,1559359422.3616667,,,,
384,+4.71339100E-05,1559359422.57,,,,
385,+4.71325700E-05,1559359422.7783332,,,,
386,+4.71405900E-05,1559359422.9866667,,,,
387,+4.71305800E-05,1559359423.195,,,,
388,+4.71165600E-05,1559359423.4033332,,,,
389,+4.71379300E-05,1559359423.6116667,,,,
390,+4.70851700E-05,1559359423.82,,,,
391,+4.70751400E-05,1559359424.0283332,,,,
392,+4.70971800E-05,1559359424.2366667,,,,
393,+4.70410900E-05,1559359424.445,,,,
394,+4.70905000E-05,1559359424.6533332,,,,
395,+4.70350700E-05,1559359424.8616667,,,,
396,+4.70230600E-05,1559359425.07,,,,
397,+4.70384000E-05,1559359425.2783332,,,,
398,+4.70497600E-05,1559359425.4866667,,,,
399,+4.70243900E-05,1559359425.695,,,,
400,+4.69823200E-05,1559359427.294,,,,
401,+4.70424300E-05,1559359427.5023332,,,,
402,+4.69723100E-05,1559359427.7106667,,,,
403,+4.70036900E-05,1559359427.919,,,,
404,+4.70010100E-05,1559359428.1273332,,,,
405,+4.70036900E-05,1559359428.3356667,,,,
406,+4.69749700E-05,1559359428.544,,,,
407,+4.69936700E-05,1559359428.7523332,,,,
408,+4.69776500E-05,1559359428.9606667,,,,
409,+4.70150400E-05,1559359429.169,,,,
410,+4.69736400E-05,1559359429.3773332,,,,
411,+4.69923300E-05,1559359429.5856667,,,,
412,+4.69996800E-05,1559359429.794,,,,
413,+4.70210500E-05,1559359430.0023332,,,,
414,+4.69876600E-05,1559359430.2106667,,,,
415,+4.70177200E-05,1559359430.419,,,,
416,+4.70083700E-05,1559359430.6273332,,,,
417,+4.69776500E-05,1559359430.8356667,,,,
418,+4.70103600E-05,1559359431.044,,,,
419,+4.69976800E-05,1559359431.2523332,,,,
420,+4.70110300E-05,1559359431.4606667,,,,
421,+4.70217200E-05,1559359431.669,,,,
422,+4.69983100E-05,1559359431.8773332,,,,
423,+4.69756200E-05,1559359432.0856667,,,,
424,+4.69656100E-05,1559359432.294,,,,
425,+4.69923300E-05,1559359433.895,,,,
426,+4.69589300E-05,1559359434.1033332,,,,
427,+4.69682800E-05,1559359434.3116667,,,,
428,+4.69362100E-05,1559359434.52,,,,
429,+4.69395600E-05,1559359434.7283332,,,,
430,+4.69609200E-05,1559359434.9366667,,,,
431,+4.69769500E-05,1559359435.145,,,,
432,+4.69542400E-05,1559359435.3533332,,,,
433,+4.69796500E-05,1559359435.5616667,,,,
434,+4.69535800E-05,1559359435.77,,,,
435,+4.69963300E-05,1559359435.9783332,,,,
436,+4.70116800E-05,1559359436.1866667,,,,
437,+4.69562500E-05,1559359436.395,,,,
438,+4.70117000E-05,1559359436.6033332,,,,
439,+4.69656100E-05,1559359436.8116667,,,,
440,+4.68901300E-05,1559359437.02,,,,
441,+4.69549200E-05,1559359437.2283332,,,,
442,+4.69442200E-05,1559359437.4366667,,,,
443,+4.69295300E-05,1559359437.645,,,,
444,+4.69215300E-05,1559359437.8533332,,,,
445,+4.69195200E-05,1559359438.0616667,,,,
446,+4.69822900E-05,1559359438.27,,,,
447,+4.69549100E-05,1559359438.4783332,,,,
448,+4.69529200E-05,1559359438.6866667,,,,
449,+4.69849700E-05,1559359438.895,,,,
450,+4.69742900E-05,1559359440.494,,,,
451,+4.69061600E-05,1559359440.7023332,,,,
452,+4.69148400E-05,1559359440.9106667,,,,
453,+4.69302100E-05,1559359441.119,,,,
454,+4.69228700E-05,1559359441.3273332,,,,
455,+4.69261900E-05,1559359441.5356667,,,,
456,+4.69622700E-05,1559359441.744,,,,
457,+4.69342100E-05,1559359441.9523332,,,,
458,+4.69475700E-05,1559359442.1606667,,,,
459,+4.69529200E-05,1559359442.369,,,,
460,+4.69408900E-05,1559359442.5773332,,,,
461,+4.69008300E-05,1559359442.7856667,,,,
462,+4.69435600E-05,1559359442.994,,,,
463,+4.69462300E-05,1559359443.2023332,,,,
464,+4.69449100E-05,1559359443.4106667,,,,
465,+4.69569200E-05,1559359443.619,,,,
466,+4.69609200E-05,1559359443.8273332,,,,
467,+4.69195300E-05,1559359444.0356667,,,,
468,+4.69275400E-05,1559359444.244,,,,
469,+4.69355600E-05,1559359444.4523332,,,,
470,+4.69689400E-05,1559359444.6606667,,,,
471,+4.69649300E-05,1559359444.869,,,,
472,+4.69435500E-05,1559359445.0773332,,,,
473,+4.69622500E-05,1559359445.2856667,,,,
474,+4.69622500E-05,1559359445.494,,,,
475,+4.69135100E-05,1559359447.093,,,,
476,+4.69402300E-05,1559359447.3013332,,,,
477,+4.69402100E-05,1559359447.5096667,,,,
478,+4.69315400E-05,1559359447.718,,,,
479,+4.69095100E-05,1559359447.9263332,,,,
480,+4.69736200E-05,1559359448.1346667,,,,
481,+4.69489100E-05,1559359448.343,,,,
482,+4.68861300E-05,1559359448.5513332,,,,
483,+4.69322000E-05,1559359448.7596667,,,,
484,+4.69195100E-05,1559359448.968,,,,
485,+4.69128400E-05,1559359449.1763332,,,,
486,+4.69368800E-05,1559359449.3846667,,,,
487,+4.69208600E-05,1559359449.593,,,,
488,+4.69222000E-05,1559359449.8013332,,,,
489,+4.69388800E-05,1559359450.0096667,,,,
490,+4.68747800E-05,1559359450.218,,,,
491,+4.69095100E-05,1559359450.4263332,,,,
492,+4.68814600E-05,1559359450.6346667,,,,
493,+4.68794500E-05,1559359450.843,,,,
494,+4.68447300E-05,1559359451.0513332,,,,
495,+4.68941400E-05,1559359451.2596667,,,,
496,+4.68887900E-05,1559359451.468,,,,
497,+4.68801200E-05,1559359451.6763332,,,,
498,+4.68547500E-05,1559359451.8846667,,,,
499,+4.68747800E-05,1559359452.093,,,,
500,+4.68554000E-05,1559359453.694,,,,
501,+4.68948100E-05,1559359453.9023333,,,,
502,+4.68747800E-05,1559359454.1106668,,,,
503,+4.69141700E-05,1559359454.319,,,,
504,+4.69141700E-05,1559359454.5273333,,,,
505,+4.69402200E-05,1559359454.7356668,,,,
506,+4.69028200E-05,1559359454.944,,,,
507,+4.69148500E-05,1559359455.1523333,,,,
508,+4.69015000E-05,1559359455.3606668,,,,
509,+4.69542500E-05,1559359455.569,,,,
510,+4.69101600E-05,1559359455.7773333,,,,
511,+4.69562400E-05,1559359455.9856668,,,,
512,+4.69054900E-05,1559359456.194,,,,
513,+4.69682800E-05,1559359456.4023333,,,,
514,+4.69629300E-05,1559359456.6106668,,,,
515,+4.69636000E-05,1559359456.819,,,,
516,+4.69088400E-05,1559359457.0273333,,,,
517,+4.69622600E-05,1559359457.2356668,,,,
518,+4.69495700E-05,1559359457.444,,,,
519,+4.69415600E-05,1559359457.6523333,,,,
520,+4.68941500E-05,1559359457.8606668,,,,
521,+4.69168600E-05,1559359458.069,,,,
522,+4.69435600E-05,1559359458.2773333,,,,
523,+4.69769500E-05,1559359458.4856668,,,,
524,+4.69295300E-05,1559359458.694,,,,
525,+4.69736200E-05,1559359460.293,,,,
526,+4.69582400E-05,1559359460.5013332,,,,
527,+4.69435600E-05,1559359460.7096667,,,,
528,+4.69736100E-05,1559359460.918,,,,
529,+4.69348900E-05,1559359461.1263332,,,,
530,+4.69863000E-05,1559359461.3346667,,,,
531,+4.69696200E-05,1559359461.543,,,,
532,+4.69636000E-05,1559359461.7513332,,,,
533,+4.69582600E-05,1559359461.9596667,,,,
534,+4.69629300E-05,1559359462.168,,,,
535,+4.69462300E-05,1559359462.3763332,,,,
536,+4.69829700E-05,1559359462.5846667,,,,
537,+4.69903000E-05,1559359462.793,,,,
538,+4.69756200E-05,1559359463.0013332,,,,
539,+4.69969900E-05,1559359463.2096667,,,,
540,+4.69816300E-05,1559359463.418,,,,
541,+4.69569200E-05,1559359463.6263332,,,,
542,+4.69515800E-05,1559359463.8346667,,,,
543,+4.69569200E-05,1559359464.043,,,,
544,+4.69696100E-05,1559359464.2513332,,,,
545,+4.69348800E-05,1559359464.4596667,,,,
546,+4.69422300E-05,1559359464.668,,,,
547,+4.69629300E-05,1559359464.8763332,,,,
548,+4.69722800E-05,1559359465.0846667,,,,
549,+4.69736100E-05,1559359465.293,,,,
550,+4.69255200E-05,1559359466.894,,,,
551,+4.69589300E-05,1559359467.1023333,,,,
552,+4.70083500E-05,1559359467.3106668,,,,
553,+4.70170200E-05,1559359467.519,,,,
554,+4.69395600E-05,1559359467.7273333,,,,
555,+4.69656100E-05,1559359467.9356668,,,,
556,+4.69469100E-05,1559359468.144,,,,
557,+4.69709500E-05,1559359468.3523333,,,,
558,+4.69936500E-05,1559359468.5606668,,,,
559,+4.69716200E-05,1559359468.769,,,,
560,+4.69382100E-05,1559359468.9773333,,,,
561,+4.69822900E-05,1559359469.1856668,,,,
562,+4.69542500E-05,1559359469.394,,,,
563,+4.69916400E-05,1559359469.6023333,,,,
564,+4.69816300E-05,1559359469.8106668,,,,
565,+4.69288800E-05,1559359470.019,,,,
566,+4.69629300E-05,1559359470.2273333,,,,
567,+4.69662700E-05,1559359470.4356668,,,,
568,+4.69689400E-05,1559359470.644,,,,
569,+4.69549100E-05,1559359470.8523333,,,,
570,+4.69555900E-05,1559359471.0606668,,,,
571,+4.69916500E-05,1559359471.269,,,,
572,+4.69896400E-05,1559359471.4773333,,,,
573,+4.69636000E-05,1559359471.6856668,,,,
574,+4.69916400E-05,1559359471.894,,,,
575,+4.69295400E-05,1559359473.494,,,,
576,+4.69789600E-05,1559359473.7023332,,,,
577,+4.69195200E-05,1559359473.9106667,,,,
578,+4.69288700E-05,1559359474.119,,,,
579,+4.69275400E-05,1559359474.3273332,,,,
580,+4.69215200E-05,1559359474.5356667,,,,
581,+4.69602600E-05,1559359474.744,,,,
582,+4.69302100E-05,1559359474.9523332,,,,
583,+4.69001500E-05,1559359475.1606667,,,,
584,+4.69362200E-05,1559359475.369,,,,
585,+4.69509100E-05,1559359475.5773332,,,,
586,+4.69575900E-05,1559359475.7856667,,,,
587,+4.69101700E-05,1559359475.994,,,,
588,+4.69348800E-05,1559359476.2023332,,,,
589,+4.69195200E-05,1559359476.4106667,,,,
590,+4.69028300E-05,1559359476.619,,,,
591,+4.69055000E-05,1559359476.8273332,,,,
592,+4.68988200E-05,1559359477.0356667,,,,
593,+4.68774500E-05,1559359477.244,,,,
594,+4.69235300E-05,1559359477.4523332,,,,
595,+4.69061700E-05,1559359477.6606667,,,,
596,+4.69435600E-05,1559359477.869,,,,
597,+4.68814600E-05,1559359478.0773332,,,,
598,+4.69302100E-05,1559359478.2856667,,,,
599,+4.69575900E-05,1559359478.494,,,,
600,+4.69215300E-05,1559359480.094,,,,
601,+4.69288700E-05,1559359480.3023334,,,,
602,+4.69215300E-05,1559359480.5106668,,,,
603,+4.69101700E-05,1559359480.719,,,,
604,+4.69101700E-05,1559359480.9273334,,,,
605,+4.69308700E-05,1559359481.1356668,,,,
606,+4.69308800E-05,1559359481.344,,,,
607,+4.69081600E-05,1559359481.5523334,,,,
608,+4.69262000E-05,1559359481.7606668,,,,
609,+4.69101600E-05,1559359481.969,,,,
610,+4.69115100E-05,1559359482.1773334,,,,
611,+4.69622700E-05,1559359482.3856668,,,,
612,+4.69308600E-05,1559359482.594,,,,
613,+4.68821200E-05,1559359482.8023334,,,,
614,+4.68881400E-05,1559359483.0106668,,,,
615,+4.69255400E-05,1559359483.219,,,,
616,+4.69135200E-05,1559359483.4273334,,,,
617,+4.69442400E-05,1559359483.6356668,,,,
618,+4.69823000E-05,1559359483.844,,,,
619,+4.69515800E-05,1559359484.0523334,,,,
620,+4.69622500E-05,1559359484.2606668,,,,
621,+4.69502400E-05,1559359484.469,,,,
622,+4.69395600E-05,1559359484.6773334,,,,
623,+4.69783000E-05,1559359484.8856668,,,,
624,+4.69395600E-05,1559359485.094,,,,
625,+4.69462200E-05,1559359486.695,,,,
626,+4.69782800E-05,1559359486.9033332,,,,
627,+4.69689400E-05,1559359487.1116667,,,,
628,+4.70190300E-05,1559359487.32,,,,
629,+4.69822900E-05,1559359487.5283332,,,,
630,+4.69669400E-05,1559359487.7366667,,,,
631,+4.70063500E-05,1559359487.945,,,,
632,+4.69796200E-05,1559359488.1533332,,,,
633,+4.69762800E-05,1559359488.3616667,,,,
634,+4.70030100E-05,1559359488.57,,,,
635,+4.69555800E-05,1559359488.7783332,,,,
636,+4.69602600E-05,1559359488.9866667,,,,
637,+4.69315500E-05,1559359489.195,,,,
638,+4.69822900E-05,1559359489.4033332,,,,
639,+4.69696100E-05,1559359489.6116667,,,,
640,+4.69542500E-05,1559359489.82,,,,
641,+4.69836400E-05,1559359490.0283332,,,,
642,+4.69876400E-05,1559359490.2366667,,,,
643,+4.69208600E-05,1559359490.445,,,,
644,+4.69489100E-05,1559359490.6533332,,,,
645,+4.70036700E-05,1559359490.8616667,,,,
646,+4.69789600E-05,1559359491.07,,,,
647,+4.69455700E-05,1559359491.2783332,,,,
648,+4.69582600E-05,1559359491.4866667,,,,
649,+4.69562400E-05,1559359491.695,,,,
650,+4.69783000E-05,1559359493.294,,,,
651,+4.69509100E-05,1559359493.5023332,,,,
652,+4.69235200E-05,1559359493.7106667,,,,
653,+4.69228700E-05,1559359493.919,,,,
654,+4.69368800E-05,1559359494.1273332,,,,
655,+4.69101700E-05,1559359494.3356667,,,,
656,+4.69302100E-05,1559359494.544,,,,
657,+4.68727700E-05,1559359494.7523332,,,,
658,+4.68914800E-05,1559359494.9606667,,,,
659,+4.69075000E-05,1559359495.169,,,,
660,+4.68627600E-05,1559359495.3773332,,,,
661,+4.68948100E-05,1559359495.5856667,,,,
662,+4.69088300E-05,1559359495.794,,,,
663,+4.68741200E-05,1559359496.0023332,,,,
664,+4.69288700E-05,1559359496.2106667,,,,
665,+4.68948000E-05,1559359496.419,,,,
666,+4.69228600E-05,1559359496.6273332,,,,
667,+4.69061700E-05,1559359496.8356667,,,,
668,+4.69469100E-05,1559359497.044,,,,
669,+4.69335500E-05,1559359497.2523332,,,,
670,+4.69135100E-05,1559359497.4606667,,,,
671,+4.69549100E-05,1559359497.669,,,,
672,+4.69636000E-05,1559359497.8773332,,,,
673,+4.69469100E-05,1559359498.0856667,,,,
674,+4.69402200E-05,1559359498.294,,,,
675,+4.69615900E-05,1559359499.894,,,,
676,+4.69615900E-05,1559359500.1023333,,,,
677,+4.69549000E-05,1559359500.3106668,,,,
678,+4.69676000E-05,1559359500.519,,,,
679,+4.70009900E-05,1559359500.7273333,,,,
680,+4.69796100E-05,1559359500.9356668,,,,
681,+4.69989900E-05,1559359501.144,,,,
682,+4.70010000E-05,1559359501.3523333,,,,
683,+4.69809500E-05,1559359501.5606668,,,,
684,+4.70156900E-05,1559359501.769,,,,
685,+4.70223700E-05,1559359501.9773333,,,,
686,+4.70190300E-05,1559359502.1856668,,,,
687,+4.69969900E-05,1559359502.394,,,,
688,+4.70343900E-05,1559359502.6023333,,,,
689,+4.70223700E-05,1559359502.8106668,,,,
690,+4.70303800E-05,1559359503.019,,,,
691,+4.70657700E-05,1559359503.2273333,,,,
692,+4.70110100E-05,1559359503.4356668,,,,
693,+4.70223700E-05,1559359503.644,,,,
694,+4.70197000E-05,1559359503.8523333,,,,
695,+4.70390600E-05,1559359504.0606668,,,,
696,+4.70557600E-05,1559359504.269,,,,
697,+4.70457400E-05,1559359504.4773333,,,,
698,+4.70664500E-05,1559359504.6856668,,,,
699,+4.70123400E-05,1559359504.894,,,,
700,+4.70343900E-05,1559359506.494,,,,
701,+4.70263700E-05,1559359506.7023332,,,,
702,+4.70357200E-05,1559359506.9106667,,,,
703,+4.70477500E-05,1559359507.119,,,,
704,+4.70397300E-05,1559359507.3273332,,,,
705,+4.70704600E-05,1559359507.5356667,,,,
706,+4.70864800E-05,1559359507.744,,,,
707,+4.70717900E-05,1559359507.9523332,,,,
708,+4.70824700E-05,1559359508.1606667,,,,
709,+4.70824800E-05,1559359508.369,,,,
710,+4.71218700E-05,1559359508.5773332,,,,
711,+4.71152000E-05,1559359508.7856667,,,,
712,+4.70390600E-05,1559359508.994,,,,
713,+4.70624400E-05,1559359509.2023332,,,,
714,+4.70550800E-05,1559359509.4106667,,,,
715,+4.70978400E-05,1559359509.619,,,,
716,+4.70731100E-05,1559359509.8273332,,,,
717,+4.70657700E-05,1559359510.0356667,,,,
718,+4.70557600E-05,1559359510.244,,,,
719,+4.70924900E-05,1559359510.4523332,,,,
720,+4.70423900E-05,1559359510.6606667,,,,
721,+4.70524200E-05,1559359510.869,,,,
722,+4.70256900E-05,1559359511.0773332,,,,
723,+4.70310500E-05,1559359511.2856667,,,,
724,+4.70357200E-05,1559359511.494,,,,
725,+4.70223700E-05,1559359513.094,,,,
726,+4.69849800E-05,1559359513.3023334,,,,
727,+4.70003200E-05,1559359513.5106668,,,,
728,+4.69609200E-05,1559359513.719,,,,
729,+4.69756200E-05,1559359513.9273334,,,,
730,+4.70023300E-05,1559359514.1356668,,,,
731,+4.70190300E-05,1559359514.344,,,,
732,+4.70190300E-05,1559359514.5523334,,,,
733,+4.69936500E-05,1559359514.7606668,,,,
734,+4.69575900E-05,1559359514.969,,,,
735,+4.69402300E-05,1559359515.1773334,,,,
736,+4.70216900E-05,1559359515.3856668,,,,
737,+4.69602600E-05,1559359515.594,,,,
738,+4.69883000E-05,1559359515.8023334,,,,
739,+4.70123400E-05,1559359516.0106668,,,,
740,+4.70136900E-05,1559359516.219,,,,
741,+4.69756200E-05,1559359516.4273334,,,,
742,+4.69856300E-05,1559359516.6356668,,,,
743,+4.69455700E-05,1559359516.844,,,,
744,+4.70016700E-05,1559359517.0523334,,,,
745,+4.70176900E-05,1559359517.2606668,,,,
746,+4.69983300E-05,1559359517.469,,,,
747,+4.69923200E-05,1559359517.6773334,,,,
748,+4.70370600E-05,1559359517.8856668,,,,
749,+4.69789600E-05,1559359518.094,,,,
750,+4.70624400E-05,1559359519.695,,,,
751,+4.70577500E-05,1559359519.9033332,,,,
752,+4.70363900E-05,1559359520.1116667,,,,
753,+4.70063400E-05,1559359520.32,,,,
754,+4.70584300E-05,1559359520.5283332,,,,
755,+4.70544200E-05,1559359520.7366667,,,,
756,+4.70677800E-05,1559359520.945,,,,
757,+4.70684400E-05,1559359521.1533332,,,,
758,+4.70691200E-05,1559359521.3616667,,,,
759,+4.70524200E-05,1559359521.57,,,,
760,+4.70390600E-05,1559359521.7783332,,,,
761,+4.70664300E-05,1559359521.9866667,,,,
762,+4.70277000E-05,1559359522.195,,,,
763,+4.70417300E-05,1559359522.4033332,,,,
764,+4.70343900E-05,1559359522.6116667,,,,
765,+4.70216900E-05,1559359522.82,,,,
766,+4.70544300E-05,1559359523.0283332,,,,
767,+4.70437400E-05,1559359523.2366667,,,,
768,+4.70904900E-05,1559359523.445,,,,
769,+4.70410600E-05,1559359523.6533332,,,,
770,+4.70404000E-05,1559359523.8616667,,,,
771,+4.70537500E-05,1559359524.07,,,,
772,+4.70657700E-05,1559359524.2783332,,,,
773,+4.70170300E-05,1559359524.4866667,,,,
774,+4.70290400E-05,1559359524.695,,,,
775,+4.69809600E-05,1559359526.294,,,,
776,+4.69822900E-05,1559359526.5023332,,,,
777,+4.69756200E-05,1559359526.7106667,,,,
778,+4.69816300E-05,1559359526.919,,,,
779,+4.69749600E-05,1559359527.1273332,,,,
780,+4.69956500E-05,1559359527.3356667,,,,
781,+4.70063300E-05,1559359527.544,,,,
782,+4.70150300E-05,1559359527.7523332,,,,
783,+4.69615900E-05,1559359527.9606667,,,,
784,+4.69916500E-05,1559359528.169,,,,
785,+4.69449000E-05,1559359528.3773332,,,,
786,+4.69696100E-05,1559359528.5856667,,,,
787,+4.70083500E-05,1559359528.794,,,,
788,+4.69822800E-05,1559359529.0023332,,,,
789,+4.69762800E-05,1559359529.2106667,,,,
790,+4.69649400E-05,1559359529.419,,,,
791,+4.69709500E-05,1559359529.6273332,,,,
792,+4.69181900E-05,1559359529.8356667,,,,
793,+4.69502300E-05,1559359530.044,,,,
794,+4.69595900E-05,1559359530.2523332,,,,
795,+4.69836300E-05,1559359530.4606667,,,,
796,+4.69582500E-05,1559359530.669,,,,
797,+4.69722800E-05,1559359530.8773332,,,,
798,+4.69749500E-05,1559359531.0856667,,,,
799,+4.69375500E-05,1559359531.294,,,,
800,+4.69756200E-05,1559359532.894,,,,
801,+4.69469000E-05,1559359533.1023333,,,,
802,+4.69215300E-05,1559359533.3106668,,,,
803,+4.68841200E-05,1559359533.519,,,,
804,+4.68854600E-05,1559359533.7273333,,,,
805,+4.69222000E-05,1559359533.9356668,,,,
806,+4.69282000E-05,1559359534.144,,,,
807,+4.69021500E-05,1559359534.3523333,,,,
808,+4.68988200E-05,1559359534.5606668,,,,
809,+4.68807900E-05,1559359534.769,,,,
810,+4.69061600E-05,1559359534.9773333,,,,
811,+4.69355400E-05,1559359535.1856668,,,,
812,+4.69275400E-05,1559359535.394,,,,
813,+4.69362200E-05,1559359535.6023333,,,,
814,+4.68994800E-05,1559359535.8106668,,,,
815,+4.68894700E-05,1559359536.019,,,,
816,+4.69141800E-05,1559359536.2273333,,,,
817,+4.68861300E-05,1559359536.4356668,,,,
818,+4.69128400E-05,1559359536.644,,,,
819,+4.68807900E-05,1559359536.8523333,,,,
820,+4.69121700E-05,1559359537.0606668,,,,
821,+4.68974900E-05,1559359537.269,,,,
822,+4.69221800E-05,1559359537.4773333,,,,
823,+4.69803000E-05,1559359537.6856668,,,,
824,+4.69589200E-05,1559359537.894,,,,
825,+4.69342000E-05,1559359539.495,,,,
826,+4.69522500E-05,1559359539.7033331,,,,
827,+4.69802800E-05,1559359539.9116666,,,,
828,+4.69909800E-05,1559359540.12,,,,
829,+4.69335500E-05,1559359540.3283331,,,,
830,+4.69422300E-05,1559359540.5366666,,,,
831,+4.69582600E-05,1559359540.745,,,,
832,+4.69428900E-05,1559359540.9533331,,,,
833,+4.69722800E-05,1559359541.1616666,,,,
834,+4.69862900E-05,1559359541.37,,,,
835,+4.69862900E-05,1559359541.5783331,,,,
836,+4.69582600E-05,1559359541.7866666,,,,
837,+4.70070100E-05,1559359541.995,,,,
838,+4.70183500E-05,1559359542.2033331,,,,
839,+4.70056700E-05,1559359542.4116666,,,,
840,+4.70030000E-05,1559359542.62,,,,
841,+4.69462200E-05,1559359542.8283331,,,,
842,+4.69869700E-05,1559359543.0366666,,,,
843,+4.69923100E-05,1559359543.245,,,,
844,+4.70196800E-05,1559359543.4533331,,,,
845,+4.69348800E-05,1559359543.6616666,,,,
846,+4.70016600E-05,1559359543.87,,,,
847,+4.70116900E-05,1559359544.0783331,,,,
848,+4.70357200E-05,1559359544.2866666,,,,
849,+4.70297200E-05,1559359544.495,,,,
850,+4.70704500E-05,1559359546.094,,,,
851,+4.70724600E-05,1559359546.3023334,,,,
852,+4.70530800E-05,1559359546.5106668,,,,
853,+4.70477500E-05,1559359546.719,,,,
854,+4.70577600E-05,1559359546.9273334,,,,
855,+4.70390700E-05,1559359547.1356668,,,,
856,+4.70684400E-05,1559359547.344,,,,
857,+4.70991700E-05,1559359547.5523334,,,,
858,+4.70884800E-05,1559359547.7606668,,,,
859,+4.70878100E-05,1559359547.969,,,,
860,+4.70831300E-05,1559359548.1773334,,,,
861,+4.71278900E-05,1559359548.3856668,,,,
862,+4.71125200E-05,1559359548.594,,,,
863,+4.70851500E-05,1559359548.8023334,,,,
864,+4.71065100E-05,1559359549.0106668,,,,
865,+4.71058500E-05,1559359549.219,,,,
866,+4.70464100E-05,1559359549.4273334,,,,
867,+4.70871400E-05,1559359549.6356668,,,,
868,+4.71038400E-05,1559359549.844,,,,
869,+4.70684500E-05,1559359550.0523334,,,,
870,+4.70631100E-05,1559359550.2606668,,,,
871,+4.70798000E-05,1559359550.469,,,,
872,+4.70390700E-05,1559359550.6773334,,,,
873,+4.70697800E-05,1559359550.8856668,,,,
874,+4.70684400E-05,1559359551.094,,,,
875,+4.70691200E-05,1559359552.694,,,,
876,+4.70831300E-05,1559359552.9023333,,,,
877,+4.70737900E-05,1559359553.1106668,,,,
878,+4.70550900E-05,1559359553.319,,,,
879,+4.70697800E-05,1559359553.5273333,,,,
880,+4.70764600E-05,1559359553.7356668,,,,
881,+4.70524200E-05,1559359553.944,,,,
882,+4.70771200E-05,1559359554.1523333,,,,
883,+4.70898100E-05,1559359554.3606668,,,,
884,+4.70784700E-05,1559359554.569,,,,
885,+4.70504100E-05,1559359554.7773333,,,,
886,+4.70737900E-05,1559359554.9856668,,,,
887,+4.70697900E-05,1559359555.194,,,,
888,+4.70290400E-05,1559359555.4023333,,,,
889,+4.71065100E-05,1559359555.6106668,,,,
890,+4.70778000E-05,1559359555.819,,,,
891,+4.70717900E-05,1559359556.0273333,,,,
892,+4.70737900E-05,1559359556.2356668,,,,
893,+4.70737900E-05,1559359556.444,,,,
894,+4.70704500E-05,1559359556.6523333,,,,
895,+4.70270400E-05,1559359556.8606668,,,,
896,+4.70484200E-05,1559359557.069,,,,
897,+4.70510900E-05,1559359557.2773333,,,,
898,+4.70216900E-05,1559359557.4856668,,,,
899,+4.70237000E-05,1559359557.694,,,,
900,+4.70096700E-05,1559359559.294,,,,
901,+4.70317200E-05,1559359559.5023332,,,,
902,+4.70063300E-05,1559359559.7106667,,,,
903,+4.70290300E-05,1559359559.919,,,,
904,+4.70477400E-05,1559359560.1273332,,,,
905,+4.70310500E-05,1559359560.3356667,,,,
906,+4.70250300E-05,1559359560.544,,,,
907,+4.70450700E-05,1559359560.7523332,,,,
908,+4.70403900E-05,1559359560.9606667,,,,
909,+4.70464200E-05,1559359561.169,,,,
910,+4.70323900E-05,1559359561.3773332,,,,
911,+4.70577500E-05,1559359561.5856667,,,,
912,+4.69989900E-05,1559359561.794,,,,
913,+4.70510900E-05,1559359562.0023332,,,,
914,+4.70190200E-05,1559359562.2106667,,,,
915,+4.70364000E-05,1559359562.419,,,,
916,+4.70510800E-05,1559359562.6273332,,,,
917,+4.70624400E-05,1559359562.8356667,,,,
918,+4.70731100E-05,1559359563.044,,,,
919,+4.70510900E-05,1559359563.2523332,,,,
920,+4.70671200E-05,1559359563.4606667,,,,
921,+4.70323700E-05,1559359563.669,,,,
922,+4.70096700E-05,1559359563.8773332,,,,
923,+4.70597600E-05,1559359564.0856667,,,,
924,+4.70423900E-05,1559359564.294,,,,
925,+4.70197000E-05,1559359565.894,,,,
926,+4.70510800E-05,1559359566.1023333,,,,
927,+4.70190200E-05,1559359566.3106668,,,,
928,+4.70584300E-05,1559359566.519,,,,
929,+4.70263800E-05,1559359566.7273333,,,,
930,+4.70243600E-05,1559359566.9356668,,,,
931,+4.69889700E-05,1559359567.144,,,,
932,+4.70243600E-05,1559359567.3523333,,,,
933,+4.70430700E-05,1559359567.5606668,,,,
934,+4.70150200E-05,1559359567.769,,,,
935,+4.70604300E-05,1559359567.9773333,,,,
936,+4.70817900E-05,1559359568.1856668,,,,
937,+4.70464100E-05,1559359568.394,,,,
938,+4.70350500E-05,1559359568.6023333,,,,
939,+4.70430800E-05,1559359568.8106668,,,,
940,+4.70798000E-05,1559359569.019,,,,
941,+4.70417300E-05,1559359569.2273333,,,,
942,+4.70370500E-05,1559359569.4356668,,,,
943,+4.70811400E-05,1559359569.644,,,,
944,+4.70757900E-05,1559359569.8523333,,,,
945,+4.70864800E-05,1559359570.0606668,,,,
946,+4.70557600E-05,1559359570.269,,,,
947,+4.70323900E-05,1559359570.4773333,,,,
948,+4.70323900E-05,1559359570.6856668,,,,
949,+4.70791300E-05,1559359570.894,,,,
950,+4.70150200E-05,1559359572.494,,,,
951,+4.70550900E-05,1559359572.7023332,,,,
952,+4.70751300E-05,1559359572.9106667,,,,
953,+4.70757800E-05,1559359573.119,,,,
954,+4.70798000E-05,1559359573.3273332,,,,
955,+4.70377300E-05,1559359573.5356667,,,,
956,+4.70591000E-05,1559359573.744,,,,
957,+4.70590900E-05,1559359573.9523332,,,,
958,+4.70537500E-05,1559359574.1606667,,,,
959,+4.70437400E-05,1559359574.369,,,,
960,+4.70611100E-05,1559359574.5773332,,,,
961,+4.70697700E-05,1559359574.7856667,,,,
962,+4.70804700E-05,1559359574.994,,,,
963,+4.70330600E-05,1559359575.2023332,,,,
964,+4.70651100E-05,1559359575.4106667,,,,
965,+4.70831400E-05,1559359575.619,,,,
966,+4.71098600E-05,1559359575.8273332,,,,
967,+4.70384000E-05,1559359576.0356667,,,,
968,+4.70684400E-05,1559359576.244,,,,
969,+4.70884800E-05,1559359576.4523332,,,,
970,+4.70677900E-05,1559359576.6606667,,,,
971,+4.71258800E-05,1559359576.869,,,,
972,+4.70611000E-05,1559359577.0773332,,,,
973,+4.70771200E-05,1559359577.2856667,,,,
974,+4.70731200E-05,1559359577.494,,,,
975,+4.70550800E-05,1559359579.094,,,,
976,+4.70964900E-05,1559359579.3023334,,,,
977,+4.70838000E-05,1559359579.5106668,,,,
978,+4.70798000E-05,1559359579.719,,,,
979,+4.71212000E-05,1559359579.9273334,,,,
980,+4.70871500E-05,1559359580.1356668,,,,
981,+4.71018300E-05,1559359580.344,,,,
982,+4.71252000E-05,1559359580.5523334,,,,
983,+4.70984900E-05,1559359580.7606668,,,,
984,+4.71051800E-05,1559359580.969,,,,
985,+4.70624300E-05,1559359581.1773334,,,,
986,+4.71285400E-05,1559359581.3856668,,,,
987,+4.70838100E-05,1559359581.594,,,,
988,+4.70951700E-05,1559359581.8023334,,,,
989,+4.71192100E-05,1559359582.0106668,,,,
990,+4.71125200E-05,1559359582.219,,,,
991,+4.71011600E-05,1559359582.4273334,,,,
992,+4.70938200E-05,1559359582.6356668,,,,
993,+4.71339000E-05,1559359582.844,,,,
994,+4.71165200E-05,1559359583.0523334,,,,
995,+4.71178500E-05,1559359583.2606668,,,,
996,+4.71085200E-05,1559359583.469,,,,
997,+4.70811300E-05,1559359583.6773334,,,,
998,+4.71085200E-05,1559359583.8856668,,,,
999,+4.71118600E-05,1559359584.094,,,,
1000,+4.70871400E-05,1559359585.694,,,,
1001,+4.70964800E-05,1559359585.9023333,,,,
1002,+4.70864800E-05,1559359586.1106668,,,,
1003,+4.71225400E-05,1559359586.319,,,,
1004,+4.70984900E-05,1559359586.5273333,,,,
1005,+4.70624300E-05,1559359586.7356668,,,,
1006,+4.70637700E-05,1559359586.944,,,,
1007,+4.70991700E-05,1559359587.1523333,,,,
1008,+4.70798000E-05,1559359587.3606668,,,,
1009,+4.70984900E-05,1559359587.569,,,,
1010,+4.71045000E-05,1559359587.7773333,,,,
1011,+4.70397200E-05,1559359587.9856668,,,,
1012,+4.71065100E-05,1559359588.194,,,,
1013,+4.70965000E-05,1559359588.4023333,,,,
1014,+4.70911600E-05,1559359588.6106668,,,,
1015,+4.71225300E-05,1559359588.819,,,,
1016,+4.70998300E-05,1559359589.0273333,,,,
1017,+4.70711100E-05,1559359589.2356668,,,,
1018,+4.70924800E-05,1559359589.444,,,,
1019,+4.71045000E-05,1559359589.6523333,,,,
1020,+4.71212000E-05,1559359589.8606668,,,,
1021,+4.70550900E-05,1559359590.069,,,,
1022,+4.70824700E-05,1559359590.2773333,,,,
1023,+4.71412400E-05,1559359590.4856668,,,,
1024,+4.71191900E-05,1559359590.694,,,,
1025,+4.71292200E-05,1559359592.295,,,,
1026,+4.70991700E-05,1559359592.5033333,,,,
1027,+4.71011800E-05,1559359592.7116668,,,,
1028,+4.71218800E-05,1559359592.92,,,,
1029,+4.71138500E-05,1559359593.1283333,,,,
1030,+4.71325600E-05,1559359593.3366668,,,,
1031,+4.71232100E-05,1559359593.545,,,,
1032,+4.71091800E-05,1559359593.7533333,,,,
1033,+4.70924900E-05,1559359593.9616668,,,,
1034,+4.71172000E-05,1559359594.17,,,,
1035,+4.70838100E-05,1559359594.3783333,,,,
1036,+4.71051700E-05,1559359594.5866668,,,,
1037,+4.70704500E-05,1559359594.795,,,,
1038,+4.70570900E-05,1559359595.0033333,,,,
1039,+4.70898200E-05,1559359595.2116668,,,,
1040,+4.70530800E-05,1559359595.42,,,,
1041,+4.70965000E-05,1559359595.6283333,,,,
1042,+4.70270400E-05,1559359595.8366668,,,,
1043,+4.70804700E-05,1559359596.045,,,,
1044,+4.70557600E-05,1559359596.2533333,,,,
1045,+4.70571000E-05,1559359596.4616668,,,,
1046,+4.70470700E-05,1559359596.67,,,,
1047,+4.70397300E-05,1559359596.8783333,,,,
1048,+4.70357200E-05,1559359597.0866668,,,,
1049,+4.70016700E-05,1559359597.295,,,,
1050,+4.70444000E-05,1559359598.895,,,,
1051,+4.70417400E-05,1559359599.1033332,,,,
1052,+4.70530800E-05,1559359599.3116667,,,,
1053,+4.70691200E-05,1559359599.52,,,,
1054,+4.70397200E-05,1559359599.7283332,,,,
1055,+4.70504100E-05,1559359599.9366667,,,,
1056,+4.70263700E-05,1559359600.145,,,,
1057,+4.69896300E-05,1559359600.3533332,,,,
1058,+4.69989800E-05,1559359600.5616667,,,,
1059,+4.70223700E-05,1559359600.77,,,,
1060,+4.69662700E-05,1559359600.9783332,,,,
1061,+4.69909800E-05,1559359601.1866667,,,,
1062,+4.69789600E-05,1559359601.395,,,,
1063,+4.70103500E-05,1559359601.6033332,,,,
1064,+4.70070100E-05,1559359601.8116667,,,,
1065,+4.69876400E-05,1559359602.02,,,,
1066,+4.69809600E-05,1559359602.2283332,,,,
1067,+4.69702700E-05,1559359602.4366667,,,,
1068,+4.69869600E-05,1559359602.645,,,,
1069,+4.69996600E-05,1559359602.8533332,,,,
1070,+4.69762800E-05,1559359603.0616667,,,,
1071,+4.69722800E-05,1559359603.27,,,,
1072,+4.69575900E-05,1559359603.4783332,,,,
1073,+4.70250300E-05,1559359603.6866667,,,,
1074,+4.69816300E-05,1559359603.895,,,,
1075,+4.70023300E-05,1559359605.495,,,,
1076,+4.70417300E-05,1559359605.7033331,,,,
1077,+4.70237100E-05,1559359605.9116666,,,,
1078,+4.70424100E-05,1559359606.12,,,,
1079,+4.70530800E-05,1559359606.3283331,,,,
1080,+4.70363800E-05,1559359606.5366666,,,,
1081,+4.70564200E-05,1559359606.745,,,,
1082,+4.69876400E-05,1559359606.9533331,,,,
1083,+4.70063500E-05,1559359607.1616666,,,,
1084,+4.70323800E-05,1559359607.37,,,,
1085,+4.70404000E-05,1559359607.5783331,,,,
1086,+4.70477400E-05,1559359607.7866666,,,,
1087,+4.69983100E-05,1559359607.995,,,,
1088,+4.70176900E-05,1559359608.2033331,,,,
1089,+4.70203500E-05,1559359608.4116666,,,,
1090,+4.70791200E-05,1559359608.62,,,,
1091,+4.70791400E-05,1559359608.8283331,,,,
1092,+4.70457400E-05,1559359609.0366666,,,,
1093,+4.70777900E-05,1559359609.245,,,,
1094,+4.70677800E-05,1559359609.4533331,,,,
1095,+4.70971600E-05,1559359609.6616666,,,,
1096,+4.70824700E-05,1559359609.87,,,,
1097,+4.70604200E-05,1559359610.0783331,,,,
1098,+4.70350500E-05,1559359610.2866666,,,,
1099,+4.70424100E-05,1559359610.495,,,,
1100,+4.70076800E-05,1559359612.095,,,,
1101,+4.70991700E-05,1559359612.3033333,,,,
1102,+4.70771400E-05,1559359612.5116668,,,,
1103,+4.70577600E-05,1559359612.72,,,,
1104,+4.71005000E-05,1559359612.9283333,,,,
1105,+4.70651000E-05,1559359613.1366668,,,,
1106,+4.71078500E-05,1559359613.345,,,,
1107,+4.70818000E-05,1559359613.5533333,,,,
1108,+4.71105100E-05,1559359613.7616668,,,,
1109,+4.71178700E-05,1559359613.97,,,,
1110,+4.71111800E-05,1559359614.1783333,,,,
1111,+4.71272200E-05,1559359614.3866668,,,,
1112,+4.71479200E-05,1559359614.595,,,,
1113,+4.71746300E-05,1559359614.8033333,,,,
1114,+4.71786400E-05,1559359615.0116668,,,,
1115,+4.71405700E-05,1559359615.22,,,,
1116,+4.71459100E-05,1559359615.4283333,,,,
1117,+4.71519200E-05,1559359615.6366668,,,,
1118,+4.71332100E-05,1559359615.845,,,,
1119,+4.71392300E-05,1559359616.0533333,,,,
1120,+4.71592600E-05,1559359616.2616668,,,,
1121,+4.71312300E-05,1559359616.47,,,,
1122,+4.71232000E-05,1559359616.6783333,,,,
1123,+4.71445800E-05,1559359616.8866668,,,,
1124,+4.70590900E-05,1559359617.095,,,,
1125,+4.70958300E-05,1559359618.695,,,,
1126,+4.70450700E-05,1559359618.9033332,,,,
1127,+4.70717800E-05,1559359619.1116667,,,,
1128,+4.70490800E-05,1559359619.32,,,,
1129,+4.71131800E-05,1559359619.5283332,,,,
1130,+4.70584300E-05,1559359619.7366667,,,,
1131,+4.70898100E-05,1559359619.945,,,,
1132,+4.70864800E-05,1559359620.1533332,,,,
1133,+4.70317200E-05,1559359620.3616667,,,,
1134,+4.70257100E-05,1559359620.57,,,,
1135,+4.70417400E-05,1559359620.7783332,,,,
1136,+4.69956600E-05,1559359620.9866667,,,,
1137,+4.70417300E-05,1559359621.195,,,,
1138,+4.70156900E-05,1559359621.4033332,,,,
1139,+4.69883100E-05,1559359621.6116667,,,,
1140,+4.69736200E-05,1559359621.82,,,,
1141,+4.69929700E-05,1559359622.0283332,,,,
1142,+4.69348800E-05,1559359622.2366667,,,,
1143,+4.69395600E-05,1559359622.445,,,,
1144,+4.69388900E-05,1559359622.6533332,,,,
1145,+4.68874600E-05,1559359622.8616667,,,,
1146,+4.68881400E-05,1559359623.07,,,,
1147,+4.68814600E-05,1559359623.2783332,,,,
1148,+4.68701100E-05,1559359623.4866667,,,,
1149,+4.68727800E-05,1559359623.695,,,,
1150,+4.68607600E-05,1559359625.295,,,,
1151,+4.68774500E-05,1559359625.5033333,,,,
1152,+4.68280200E-05,1559359625.7116668,,,,
1153,+4.68280200E-05,1559359625.92,,,,
1154,+4.68914800E-05,1559359626.1283333,,,,
1155,+4.68801200E-05,1559359626.3366668,,,,
1156,+4.68974800E-05,1559359626.545,,,,
1157,+4.68614200E-05,1559359626.7533333,,,,
1158,+4.69108400E-05,1559359626.9616668,,,,
1159,+4.68741000E-05,1559359627.17,,,,
1160,+4.68881400E-05,1559359627.3783333,,,,
1161,+4.69208600E-05,1559359627.5866668,,,,
1162,+4.69054900E-05,1559359627.795,,,,
1163,+4.69055000E-05,1559359628.0033333,,,,
1164,+4.68634300E-05,1559359628.2116668,,,,
1165,+4.68848000E-05,1559359628.42,,,,
1166,+4.68527400E-05,1559359628.6283333,,,,
1167,+4.68828000E-05,1559359628.8366668,,,,
1168,+4.68914800E-05,1559359629.045,,,,
1169,+4.69221800E-05,1559359629.2533333,,,,
1170,+4.69034800E-05,1559359629.4616668,,,,
1171,+4.69035000E-05,1559359629.67,,,,
1172,+4.68821200E-05,1559359629.8783333,,,,
1173,+4.69315500E-05,1559359630.0866668,,,,
1174,+4.68807900E-05,1559359630.295,,,,
1175,+4.68554200E-05,1559359631.895,,,,
1176,+4.68714400E-05,1559359632.1033332,,,,
1177,+4.68847900E-05,1559359632.3116667,,,,
1178,+4.68413900E-05,1559359632.52,,,,
1179,+4.69375600E-05,1559359632.7283332,,,,
1180,+4.69068300E-05,1559359632.9366667,,,,
1181,+4.68694300E-05,1559359633.145,,,,
1182,+4.68921400E-05,1559359633.3533332,,,,
1183,+4.69275400E-05,1559359633.5616667,,,,
1184,+4.69061600E-05,1559359633.77,,,,
1185,+4.69068300E-05,1559359633.9783332,,,,
1186,+4.69428900E-05,1559359634.1866667,,,,
1187,+4.68928100E-05,1559359634.395,,,,
1188,+4.68934800E-05,1559359634.6033332,,,,
1189,+4.69295400E-05,1559359634.8116667,,,,
1190,+4.68467200E-05,1559359635.02,,,,
1191,+4.68634200E-05,1559359635.2283332,,,,
1192,+4.68888000E-05,1559359635.4366667,,,,
1193,+4.68527400E-05,1559359635.645,,,,
1194,+4.68460600E-05,1559359635.8533332,,,,
1195,+4.68701000E-05,1559359636.0616667,,,,
1196,+4.68507400E-05,1559359636.27,,,,
1197,+4.68373700E-05,1559359636.4783332,,,,
1198,+4.68534100E-05,1559359636.6866667,,,,
1199,+4.68360300E-05,1559359636.895,,,,
1200,+4.68854500E-05,1559359638.495,,,,
1201,+4.68961500E-05,1559359638.7033331,,,,
1202,+4.68440600E-05,1559359638.9116666,,,,
1203,+4.68981500E-05,1559359639.12,,,,
1204,+4.68961400E-05,1559359639.3283331,,,,
1205,+4.68614300E-05,1559359639.5366666,,,,
1206,+4.69175200E-05,1559359639.745,,,,
1207,+4.69141900E-05,1559359639.9533331,,,,
1208,+4.68981400E-05,1559359640.1616666,,,,
1209,+4.69215300E-05,1559359640.37,,,,
1210,+4.69428900E-05,1559359640.5783331,,,,
1211,+4.69442200E-05,1559359640.7866666,,,,
1212,+4.69128500E-05,1559359640.995,,,,
1213,+4.69535800E-05,1559359641.2033331,,,,
1214,+4.70030100E-05,1559359641.4116666,,,,
1215,+4.69562400E-05,1559359641.62,,,,
1216,+4.70003200E-05,1559359641.8283331,,,,
1217,+4.69335500E-05,1559359642.0366666,,,,
1218,+4.69596000E-05,1559359642.245,,,,
1219,+4.70056700E-05,1559359642.4533331,,,,
1220,+4.69849700E-05,1559359642.6616666,,,,
1221,+4.69956600E-05,1559359642.87,,,,
1222,+4.69702700E-05,1559359643.0783331,,,,
1223,+4.69862900E-05,1559359643.2866666,,,,
1224,+4.69923200E-05,1559359643.495,,,,
1225,+4.69662700E-05,1559359645.095,,,,
1226,+4.70096800E-05,1559359645.3033333,,,,
1227,+4.69702700E-05,1559359645.5116668,,,,
1228,+4.69562600E-05,1559359645.72,,,,
1229,+4.69502500E-05,1559359645.9283333,,,,
1230,+4.69789600E-05,1559359646.1366668,,,,
1231,+4.69956600E-05,1559359646.345,,,,
1232,+4.70377300E-05,1559359646.5533333,,,,
1233,+4.70123500E-05,1559359646.7616668,,,,
1234,+4.69976500E-05,1559359646.97,,,,
1235,+4.69856300E-05,1559359647.1783333,,,,
1236,+4.69896300E-05,1559359647.3866668,,,,
1237,+4.69762800E-05,1559359647.595,,,,
1238,+4.70010000E-05,1559359647.8033333,,,,
1239,+4.69976500E-05,1559359648.0116668,,,,
1240,+4.70176900E-05,1559359648.22,,,,
1241,+4.69949900E-05,1559359648.4283333,,,,
1242,+4.70297100E-05,1559359648.6366668,,,,
1243,+4.69989900E-05,1559359648.845,,,,
1244,+4.70283800E-05,1559359649.0533333,,,,
1245,+4.70250400E-05,1559359649.2616668,,,,
1246,+4.70016700E-05,1559359649.47,,,,
1247,+4.69836200E-05,1559359649.6783333,,,,
1248,+4.70397200E-05,1559359649.8866668,,,,
1249,+4.70577600E-05,1559359650.095,,,,
1250,+4.70744500E-05,1559359651.695,,,,
1251,+4.70644400E-05,1559359651.9033332,,,,
1252,+4.70671100E-05,1559359652.1116667,,,,
1253,+4.70871500E-05,1559359652.32,,,,
1254,+4.71018400E-05,1559359652.5283332,,,,
1255,+4.70858200E-05,1559359652.7366667,,,,
1256,+4.70544100E-05,1559359652.945,,,,
1257,+4.70671100E-05,1559359653.1533332,,,,
1258,+4.70751200E-05,1559359653.3616667,,,,
1259,+4.70884900E-05,1559359653.57,,,,
1260,+4.70791300E-05,1559359653.7783332,,,,
1261,+4.70965000E-05,1559359653.9866667,,,,
1262,+4.70677800E-05,1559359654.195,,,,
1263,+4.70684400E-05,1559359654.4033332,,,,
1264,+4.70931600E-05,1559359654.6116667,,,,
1265,+4.71058300E-05,1559359654.82,,,,
1266,+4.70510800E-05,1559359655.0283332,,,,
1267,+4.70644400E-05,1559359655.2366667,,,,
1268,+4.70590900E-05,1559359655.445,,,,
1269,+4.70891400E-05,1559359655.6533332,,,,
1270,+4.70717800E-05,1559359655.8616667,,,,
1271,+4.70898100E-05,1559359656.07,,,,
1272,+4.71078400E-05,1559359656.2783332,,,,
1273,+4.71098600E-05,1559359656.4866667,,,,
1274,+4.70971600E-05,1559359656.695,,,,
1275,+4.71372400E-05,1559359658.294,,,,
1276,+4.71131800E-05,1559359658.5023332,,,,
1277,+4.71612800E-05,1559359658.7106667,,,,
1278,+4.71566000E-05,1559359658.919,,,,
1279,+4.71392300E-05,1559359659.1273332,,,,
1280,+4.72113700E-05,1559359659.3356667,,,,
1281,+4.71839800E-05,1559359659.544,,,,
1282,+4.72000100E-05,1559359659.7523332,,,,
1283,+4.71839800E-05,1559359659.9606667,,,,
1284,+4.71572700E-05,1559359660.169,,,,
1285,+4.71545900E-05,1559359660.3773332,,,,
1286,+4.71686200E-05,1559359660.5856667,,,,
1287,+4.71632700E-05,1559359660.794,,,,
1288,+4.71465900E-05,1559359661.0023332,,,,
1289,+4.71966700E-05,1559359661.2106667,,,,
1290,+4.72146900E-05,1559359661.419,,,,
1291,+4.71813000E-05,1559359661.6273332,,,,
1292,+4.72267200E-05,1559359661.8356667,,,,
1293,+4.72160300E-05,1559359662.044,,,,
1294,+4.71779700E-05,1559359662.2523332,,,,
1295,+4.72053500E-05,1559359662.4606667,,,,
1296,+4.71839800E-05,1559359662.669,,,,
1297,+4.71172000E-05,1559359662.8773332,,,,
1298,+4.71399100E-05,1559359663.0856667,,,,
1299,+4.71285500E-05,1559359663.294,,,,
1300,+4.71258700E-05,1559359664.895,,,,
1301,+4.70838100E-05,1559359665.1033332,,,,
1302,+4.71151900E-05,1559359665.3116667,,,,
1303,+4.70644400E-05,1559359665.52,,,,
1304,+4.70444000E-05,1559359665.7283332,,,,
1305,+4.70550900E-05,1559359665.9366667,,,,
1306,+4.70477500E-05,1559359666.145,,,,
1307,+4.70070100E-05,1559359666.3533332,,,,
1308,+4.70570900E-05,1559359666.5616667,,,,
1309,+4.70544100E-05,1559359666.77,,,,
1310,+4.70764600E-05,1559359666.9783332,,,,
1311,+4.70624400E-05,1559359667.1866667,,,,
1312,+4.70664500E-05,1559359667.395,,,,
1313,+4.70203600E-05,1559359667.6033332,,,,
1314,+4.70590900E-05,1559359667.8116667,,,,
1315,+4.70170200E-05,1559359668.02,,,,
1316,+4.70337200E-05,1559359668.2283332,,,,
1317,+4.70136800E-05,1559359668.4366667,,,,
1318,+4.69909800E-05,1559359668.645,,,,
1319,+4.70350500E-05,1559359668.8533332,,,,
1320,+4.70330600E-05,1559359669.0616667,,,,
1321,+4.70644400E-05,1559359669.27,,,,
1322,+4.70370600E-05,1559359669.4783332,,,,
1323,+4.69876400E-05,1559359669.6866667,,,,
1324,+4.70090200E-05,1559359669.895,,,,
1325,+4.70150200E-05,1559359671.494,,,,
1326,+4.70470700E-05,1559359671.7023332,,,,
1327,+4.69929800E-05,1559359671.9106667,,,,
1328,+4.70270400E-05,1559359672.119,,,,
1329,+4.70497500E-05,1559359672.3273332,,,,
1330,+4.70103500E-05,1559359672.5356667,,,,
1331,+4.70737900E-05,1559359672.744,,,,
1332,+4.70337100E-05,1559359672.9523332,,,,
1333,+4.70270400E-05,1559359673.1606667,,,,
1334,+4.69816300E-05,1559359673.369,,,,
1335,+4.70310500E-05,1559359673.5773332,,,,
1336,+4.70010000E-05,1559359673.7856667,,,,
1337,+4.70010000E-05,1559359673.994,,,,
1338,+4.69869800E-05,1559359674.2023332,,,,
1339,+4.70524200E-05,1559359674.4106667,,,,
1340,+4.70110100E-05,1559359674.619,,,,
1341,+4.70183600E-05,1559359674.8273332,,,,
1342,+4.69896500E-05,1559359675.0356667,,,,
1343,+4.69849700E-05,1559359675.244,,,,
1344,+4.69970000E-05,1559359675.4523332,,,,
1345,+4.70190200E-05,1559359675.6606667,,,,
1346,+4.70063300E-05,1559359675.869,,,,
1347,+4.69883100E-05,1559359676.0773332,,,,
1348,+4.70203700E-05,1559359676.2856667,,,,
1349,+4.70136900E-05,1559359676.494,,,,
1350,,1559359309.168,,-0.001,,
1351,,1559359309.274,,0.0,,
1352,,1559359309.443,,0.005,,
1353,,1559359309.564,,0.016,,
1354,,1559359309.67,,0.037,,
1355,,1559359309.79,,0.07,,
1356,,1559359309.91,,0.101,,
1357,,1559359310.017,,0.142,,
1358,,1559359310.137,,0.186,,
1359,,1559359310.258,,0.22,,
1360,,1559359310.379,,0.263,,
1361,,1559359310.486,,0.303,,
1362,,1559359310.606,,0.344,,
1363,,1559359310.727,,0.375,,
1364,,1559359310.833,,0.412,,
1365,,1559359310.953,,0.448,,
1366,,1559359311.074,,0.478,,
1367,,1559359311.205,,0.522,,
1368,,1559359311.324,,0.56,,
1369,,1559359311.445,,0.59,,
1370,,1559359311.551,,0.626,,
1371,,1559359311.671,,0.662,,
1372,,1559359311.792,,0.691,,
1373,,1559359311.899,,0.73,,
1374,,1559359312.017,,0.767,,
1375,,1559359312.138,,0.796,,
1376,,1559359312.245,,0.834,,
1377,,1559359312.364,,0.87,,
1378,,1559359312.485,,0.901,,
1379,,1559359312.606,,0.938,,
1380,,1559359312.713,,0.975,,
1381,,1559359312.834,,1.01,,
1382,,1559359312.983,,1.056,,
1383,,1559359313.104,,1.085,,
1384,,1559359313.225,,1.123,,
1385,,1559359313.331,,1.16,,
1386,,1559359313.452,,1.197,,
1387,,1559359313.573,,1.227,,
1388,,1559359313.679,,1.265,,
1389,,1559359313.8,,1.301,,
1390,,1559359313.92,,1.331,,
1391,,1559359314.027,,1.368,,
1392,,1559359314.145,,1.405,,
1393,,1559359314.265,,1.435,,
1394,,1559359314.371,,1.47,,
1395,,1559359314.491,,1.5,,
1396,,1559359316.769,,1.5,,
1397,,1559359316.891,,1.5,,
1398,,1559359316.99,,1.499,,
1399,,1559359317.092,,1.494,,
1400,,1559359317.19,,1.483,,
1401,,1559359317.289,,1.463,,
1402,,1559359317.388,,1.437,,
1403,,1559359317.487,,1.407,,
1404,,1559359317.612,,1.366,,
1405,,1559359317.685,,1.339,,
1406,,1559359317.784,,1.305,,
1407,,1559359317.883,,1.27,,
1408,,1559359317.982,,1.236,,
1409,,1559359318.083,,1.204,,
1410,,1559359318.183,,1.173,,
1411,,1559359318.284,,1.141,,
1412,,1559359318.399,,1.111,,
1413,,1559359318.548,,1.066,,
1414,,1559359318.6,,1.043,,
1415,,1559359318.7,,1.014,,
1416,,1559359318.799,,0.984,,
1417,,1559359318.898,,0.955,,
1418,,1559359318.997,,0.926,,
1419,,1559359319.096,,0.897,,
1420,,1559359319.195,,0.866,,
1421,,1559359319.294,,0.837,,
1422,,1559359319.393,,0.807,,
1423,,1559359319.492,,0.778,,
1424,,1559359319.591,,0.748,,
1425,,1559359319.692,,0.718,,
1426,,1559359319.793,,0.689,,
1427,,1559359319.909,,0.66,,
1428,,1559359320.008,,0.63,,
1429,,1559359320.108,,0.599,,
1430,,1559359320.209,,0.563,,
1431,,1559359320.308,,0.533,,
1432,,1559359320.407,,0.503,,
1433,,1559359320.506,,0.473,,
1434,,1559359320.606,,0.443,,
1435,,1559359320.704,,0.413,,
1436,,1559359320.829,,0.377,,
1437,,1559359320.902,,0.354,,
1438,,1559359321.002,,0.325,,
1439,,1559359321.201,,0.264,,
1440,,1559359321.301,,0.234,,
1441,,1559359321.402,,0.206,,
1442,,1559359321.516,,0.176,,
1443,,1559359321.617,,0.146,,
1444,,1559359321.768,,0.094,,
1445,,1559359321.816,,0.079,,
1446,,1559359321.915,,0.049,,
1447,,1559359322.015,,0.021,,
1448,,1559359322.113,,-0.002,,
