,SQUID_Volt(V),timestamp,FC_CURR(A),MOD_CURR(A)
0,+3.77168800E-05,1559361313.477,,1.1436144578313254e-08
1,+3.77275700E-05,1559361313.6853333,,1.135224534501643e-08
2,+3.77255600E-05,1559361313.8936667,,2.09360569550931e-07
3,+3.77609600E-05,1559361314.102,,2.1051516976998904e-06
4,+3.77729800E-05,1559361314.3103333,,2.106879627601314e-06
5,+3.77395900E-05,1559361314.5186667,,2.108201204819277e-06
6,+3.77529500E-05,1559361314.727,,4.2147456736035055e-06
7,+3.77476000E-05,1559361314.9353333,,4.210219824753559e-06
8,+3.77696300E-05,1559361315.1436667,,4.647288718510405e-06
9,+3.78210600E-05,1559361315.352,,6.314481161007667e-06
10,+3.77943500E-05,1559361315.5603333,,6.312083789704272e-06
11,+3.77997000E-05,1559361315.7686667,,6.013515443592552e-06
12,+3.77903400E-05,1559361315.977,,8.408078094194963e-06
13,+3.78023700E-05,1559361316.1853333,,8.403685323110624e-06
14,+3.77616200E-05,1559361316.3936667,,9.0842143483023e-06
15,+3.77916900E-05,1559361316.602,,1.0513252792990143e-05
16,+3.77743200E-05,1559361316.8103333,,1.0518958488499453e-05
17,+3.77409100E-05,1559361317.0186667,,1.0517769989047097e-05
18,+3.78023700E-05,1559361317.227,,1.0506103943044907e-05
19,+3.77402500E-05,1559361317.4353333,,1.0497191018619934e-05
20,+3.77522700E-05,1559361317.6436667,,1.0486447535596934e-05
21,+3.77422600E-05,1559361317.852,,1.0482176232201535e-05
22,+3.76701400E-05,1559361318.0603333,,1.0476198576122674e-05
23,+3.76641200E-05,1559361318.2686667,,1.0484102190580503e-05
24,+3.76547600E-05,1559361318.477,,1.0483023548740416e-05
25,+3.75078600E-05,1559361322.111,,1.1138836801752464e-05
26,+3.74784600E-05,1559361322.3193333,,1.2525695509309968e-05
27,+3.74570900E-05,1559361322.5276668,,1.2580076670317635e-05
28,+3.73976600E-05,1559361322.736,,1.4585774370208105e-05
29,+3.73836400E-05,1559361322.9443333,,1.4588768893756844e-05
30,+3.74744600E-05,1559361323.1526668,,1.4561630887185104e-05
31,+3.74056800E-05,1559361323.361,,1.6643254107338446e-05
32,+3.74257200E-05,1559361323.5693333,,1.6654682365826946e-05
33,+3.73769600E-05,1559361323.7776668,,1.6681660460021907e-05
34,+3.73075000E-05,1559361323.986,,1.8712899233296823e-05
35,+3.73335500E-05,1559361324.1943333,,1.86911139101862e-05
36,+3.73201900E-05,1559361324.4026668,,1.864683461117196e-05
37,+3.73188600E-05,1559361324.611,,2.0710782037239867e-05
38,+3.73449100E-05,1559361324.8193333,,2.0764550930996715e-05
39,+3.73522500E-05,1559361325.0276668,,2.0747814895947426e-05
40,+3.73088500E-05,1559361325.236,,2.0740220153340634e-05
41,+3.72861300E-05,1559361325.4443333,,2.0743373493975905e-05
42,+3.72774600E-05,1559361325.6526668,,2.0724481927710842e-05
43,+3.72661000E-05,1559361325.861,,2.072384556407448e-05
44,+3.73121800E-05,1559361326.0693333,,2.0713256297918947e-05
45,+3.73148600E-05,1559361326.2776668,,2.0692932092004384e-05
46,+3.72774600E-05,1559361326.486,,2.07144282584885e-05
47,+3.72881300E-05,1559361326.6943333,,2.0686422782037242e-05
48,+3.72981500E-05,1559361326.9026668,,2.0743445783132533e-05
49,+3.73028400E-05,1559361327.111,,2.0747640744797372e-05
50,+3.73115200E-05,1559361330.829,,2.2463832420591456e-05
51,+3.73509100E-05,1559361331.0373333,,2.287454107338445e-05
52,+3.73008300E-05,1559361331.2456667,,2.287332530120482e-05
53,+3.73255400E-05,1559361331.454,,2.4678410733844468e-05
54,+3.73976600E-05,1559361331.6623333,,2.4969054764512597e-05
55,+3.73368800E-05,1559361331.8706667,,2.4903163198247534e-05
56,+3.73215300E-05,1559361332.079,,2.7186625410733845e-05
57,+3.73242000E-05,1559361332.2873333,,2.717787294633078e-05
58,+3.72881500E-05,1559361332.4956667,,2.717147973713034e-05
59,+3.72580800E-05,1559361332.704,,2.9257385542168674e-05
60,+3.72614100E-05,1559361332.9123333,,2.92125421686747e-05
61,+3.72280400E-05,1559361333.1206667,,2.9252467688937566e-05
62,+3.72734500E-05,1559361333.329,,3.1251161007667034e-05
63,+3.72240200E-05,1559361333.5373333,,3.120539101861994e-05
64,+3.72427300E-05,1559361333.7456667,,3.1218063526834616e-05
65,+3.71979900E-05,1559361333.954,,3.125058269441402e-05
66,+3.72220200E-05,1559361334.1623333,,3.124116538882804e-05
67,+3.72120000E-05,1559361334.3706667,,3.122992552026287e-05
68,+3.72160200E-05,1559361334.579,,3.121275465498357e-05
69,+3.72166800E-05,1559361334.7873333,,3.127923877327492e-05
70,+3.72106700E-05,1559361334.9956667,,3.131816538882804e-05
71,+3.72080000E-05,1559361335.204,,3.1250350492880616e-05
72,+3.72113400E-05,1559361335.4123333,,3.127420481927711e-05
73,+3.71893100E-05,1559361335.6206667,,3.1238431544359256e-05
74,+3.72206900E-05,1559361335.829,,3.117204819277108e-05
75,+3.71392200E-05,1559361339.535,,3.157316538882804e-05
76,+3.71211800E-05,1559361339.7433333,,3.3261715224534504e-05
77,+3.71378800E-05,1559361339.9516668,,3.324373384446878e-05
78,+3.71065000E-05,1559361340.16,,3.3773987951807226e-05
79,+3.71191700E-05,1559361340.3683333,,3.546963636363637e-05
80,+3.71091600E-05,1559361340.5766668,,3.5443757940854325e-05
81,+3.71278600E-05,1559361340.785,,3.592533734939759e-05
82,+3.70924700E-05,1559361340.9933333,,3.748849616648412e-05
83,+3.71385500E-05,1559361341.2016668,,3.748022124863089e-05
84,+3.71231900E-05,1559361341.41,,3.8146612267250826e-05
85,+3.71084900E-05,1559361341.6183333,,3.948920153340635e-05
86,+3.71271900E-05,1559361341.8266668,,3.945756516976999e-05
87,+3.70898000E-05,1559361342.035,,4.018806462212486e-05
88,+3.70357000E-05,1559361342.2433333,,4.1519168674698795e-05
89,+3.70283600E-05,1559361342.4516668,,4.157031982475356e-05
90,+3.70877900E-05,1559361342.66,,4.1460293537787514e-05
91,+3.70844600E-05,1559361342.8683333,,4.1465530120481926e-05
92,+3.71205100E-05,1559361343.0766668,,4.141174698795181e-05
93,+3.71024800E-05,1559361343.285,,4.140892661555312e-05
94,+3.71111600E-05,1559361343.4933333,,4.143451588170865e-05
95,+3.71031400E-05,1559361343.7016668,,4.1391119386637455e-05
96,+3.71271900E-05,1559361343.91,,4.13652256297919e-05
97,+3.71358700E-05,1559361344.1183333,,4.134249835706462e-05
98,+3.70971400E-05,1559361344.3266668,,4.1382468784227824e-05
99,+3.71338700E-05,1559361344.535,,4.139914786418401e-05
100,+3.71492300E-05,1559361348.055,,4.288474370208105e-05
101,+3.71125000E-05,1559361348.2633333,,4.364821248630887e-05
102,+3.71665900E-05,1559361348.4716668,,4.364837239868565e-05
103,+3.71659300E-05,1559361348.68,,4.499126396495071e-05
104,+3.71752700E-05,1559361348.8883333,,4.563167141292442e-05
105,+3.71512300E-05,1559361349.0966668,,4.5736909090909096e-05
106,+3.71639100E-05,1559361349.305,,4.730807228915662e-05
107,+3.71886300E-05,1559361349.5133333,,4.7713646221248634e-05
108,+3.71919800E-05,1559361349.7216668,,4.774140525739321e-05
109,+3.71465600E-05,1559361349.93,,4.953753669222344e-05
110,+3.72100000E-05,1559361350.1383333,,4.998890690032859e-05
111,+3.71605900E-05,1559361350.3466668,,5.009107776560788e-05
112,+3.71365400E-05,1559361350.555,,5.189250602409639e-05
113,+3.71812800E-05,1559361350.7633333,,5.229689266155531e-05
114,+3.70911300E-05,1559361350.9716668,,5.221145892661555e-05
115,+3.71539000E-05,1559361351.18,,5.2279013143483025e-05
116,+3.71579100E-05,1559361351.3883333,,5.2349489594742606e-05
117,+3.71699400E-05,1559361351.5966668,,5.2504865279299015e-05
118,+3.71759400E-05,1559361351.805,,5.266672070098576e-05
119,+3.71826300E-05,1559361352.0133333,,5.2696751369112814e-05
120,+3.71512300E-05,1559361352.2216668,,5.266682256297919e-05
121,+3.72019900E-05,1559361352.43,,5.264512376779846e-05
122,+3.72093400E-05,1559361352.6383333,,5.2688549835706466e-05
123,+3.71799600E-05,1559361352.8466668,,5.275208214676889e-05
124,+3.71632600E-05,1559361353.055,,5.2767575027382255e-05
125,+3.72527400E-05,1559361356.656,,5.45932891566265e-05
126,+3.71338800E-05,1559361356.8643332,,5.467397918948521e-05
127,+3.71118300E-05,1559361357.0726666,,5.467896933187294e-05
128,+3.71178400E-05,1559361357.281,,5.682386746987951e-05
129,+3.72006500E-05,1559361357.4893332,,5.686348959474261e-05
130,+3.71525800E-05,1559361357.6976666,,5.688899233296824e-05
131,+3.71712700E-05,1559361357.906,,5.9084056955093106e-05
132,+3.71806300E-05,1559361358.1143332,,5.9119122672508213e-05
133,+3.71205200E-05,1559361358.3226666,,5.91024282584885e-05
134,+3.71552400E-05,1559361358.531,,6.124814019715223e-05
135,+3.72120000E-05,1559361358.7393332,,6.127380284775465e-05
136,+3.72093300E-05,1559361358.9476666,,6.132343373493976e-05
137,+3.72681000E-05,1559361359.156,,6.355637020810515e-05
138,+3.72307000E-05,1559361359.3643332,,6.350318072289156e-05
139,+3.72534100E-05,1559361359.5726666,,6.354515991237677e-05
140,+3.72661100E-05,1559361359.781,,6.364016976998905e-05
141,+3.72540900E-05,1559361359.9893332,,6.358728368017524e-05
142,+3.72954800E-05,1559361360.1976666,,6.357626067907995e-05
143,+3.72874800E-05,1559361360.406,,6.359740963855422e-05
144,+3.73282000E-05,1559361360.6143332,,6.3590856516977e-05
145,+3.73121800E-05,1559361360.8226666,,6.360156078860898e-05
146,+3.73161900E-05,1559361361.031,,6.360281927710843e-05
147,+3.73335600E-05,1559361361.2393332,,6.37261686746988e-05
148,+3.73435600E-05,1559361361.4476666,,6.377286308871851e-05
149,+3.73402300E-05,1559361361.656,,6.369956626506023e-05
150,+3.73863100E-05,1559361365.384,,6.375372508214677e-05
151,+3.73976600E-05,1559361365.5923333,,6.586040635268346e-05
152,+3.73776300E-05,1559361365.8006668,,6.584730010952903e-05
153,+3.74056800E-05,1559361366.009,,6.590164841182913e-05
154,+3.73876500E-05,1559361366.2173333,,6.801800438116101e-05
155,+3.73756300E-05,1559361366.4256668,,6.802344359255202e-05
156,+3.73849700E-05,1559361366.634,,6.791205805038334e-05
157,+3.73635900E-05,1559361366.8423333,,7.011741073384447e-05
158,+3.73743000E-05,1559361367.0506668,,7.012703066812706e-05
159,+3.73929900E-05,1559361367.259,,7.022483242059145e-05
160,+3.74043300E-05,1559361367.4673333,,7.222485542168675e-05
161,+3.73856500E-05,1559361367.6756668,,7.228192223439212e-05
162,+3.73662800E-05,1559361367.884,,7.23787743702081e-05
163,+3.73602700E-05,1559361368.0923333,,7.426531434830229e-05
164,+3.73983300E-05,1559361368.3006668,,7.428221029572837e-05
165,+3.73776300E-05,1559361368.509,,7.428426396495071e-05
166,+3.74036600E-05,1559361368.7173333,,7.428621686746988e-05
167,+3.74030000E-05,1559361368.9256668,,7.429240854326396e-05
168,+3.74230500E-05,1559361369.134,,7.429349397590361e-05
169,+3.74096900E-05,1559361369.3423333,,7.429897590361446e-05
170,+3.74010100E-05,1559361369.5506668,,7.431656626506024e-05
171,+3.73616000E-05,1559361369.759,,7.434367469879518e-05
172,+3.73616000E-05,1559361369.9673333,,7.434024644030668e-05
173,+3.73969900E-05,1559361370.1756668,,7.436469331872946e-05
174,+3.73909800E-05,1559361370.384,,7.436813581599124e-05
175,+3.73802900E-05,1559361373.856,,7.576319167579408e-05
176,+3.73929900E-05,1559361374.0643332,,7.655752464403067e-05
177,+3.73956600E-05,1559361374.2726667,,7.655938225629793e-05
178,+3.73789600E-05,1559361374.481,,7.867770974808324e-05
179,+3.74524300E-05,1559361374.6893332,,7.868771960569551e-05
180,+3.73682800E-05,1559361374.8976667,,7.869140854326397e-05
181,+3.73909900E-05,1559361375.106,,8.07969178532311e-05
182,+3.74003400E-05,1559361375.3143332,,8.079995618838992e-05
183,+3.73716200E-05,1559361375.5226667,,8.080273384446878e-05
184,+3.73749600E-05,1559361375.731,,8.298122124863089e-05
185,+3.73916600E-05,1559361375.9393332,,8.29877743702081e-05
186,+3.73335500E-05,1559361376.1476667,,8.299183899233297e-05
187,+3.73929900E-05,1559361376.356,,8.510035925520264e-05
188,+3.73923300E-05,1559361376.5643332,,8.51050317634173e-05
189,+3.73629300E-05,1559361376.7726667,,8.510859036144579e-05
190,+3.73081700E-05,1559361376.981,,8.511058707557503e-05
191,+3.73148500E-05,1559361377.1893332,,8.511507119386638e-05
192,+3.73141900E-05,1559361377.3976667,,8.511900547645127e-05
193,+3.72921400E-05,1559361377.606,,8.512311391018619e-05
194,+3.72914700E-05,1559361377.8143332,,8.512787294633078e-05
195,+3.72821200E-05,1559361378.0226667,,8.513054983570647e-05
196,+3.73035000E-05,1559361378.231,,8.513405038335159e-05
197,+3.72995000E-05,1559361378.4393332,,8.5139995618839e-05
198,+3.72747800E-05,1559361378.6476667,,8.514537677984666e-05
199,+3.72260300E-05,1559361378.856,,8.514925301204818e-05
200,+3.72447300E-05,1559361382.537,,8.549227710843373e-05
201,+3.72734400E-05,1559361382.7453332,,8.726012486308871e-05
202,+3.73342200E-05,1559361382.9536667,,8.726323548740416e-05
203,+3.73275500E-05,1559361383.162,,8.763279408543264e-05
204,+3.73275400E-05,1559361383.3703332,,8.924898466593647e-05
205,+3.73208700E-05,1559361383.5786667,,8.925594194961665e-05
206,+3.73729500E-05,1559361383.787,,8.997488937568455e-05
207,+3.74103400E-05,1559361383.9953332,,9.187906243154436e-05
208,+3.74297100E-05,1559361384.2036667,,9.188324644030668e-05
209,+3.74243700E-05,1559361384.412,,9.24026056955093e-05
210,+3.74090100E-05,1559361384.6203332,,9.361546768893758e-05
211,+3.74724600E-05,1559361384.8286667,,9.36202847754655e-05
212,+3.75245600E-05,1559361385.037,,9.431608543263965e-05
213,+3.74771400E-05,1559361385.2453332,,9.541509967141292e-05
214,+3.75105200E-05,1559361385.4536667,,9.541969989047097e-05
215,+3.74804700E-05,1559361385.662,,9.542419824753559e-05
216,+3.75045100E-05,1559361385.8703332,,9.543131544359255e-05
217,+3.75499300E-05,1559361386.0786667,,9.543475794085432e-05
218,+3.75559400E-05,1559361386.287,,9.544097809419496e-05
219,+3.75405800E-05,1559361386.4953332,,9.544437787513692e-05
220,+3.75839900E-05,1559361386.7036667,,9.544758926615553e-05
221,+3.75779700E-05,1559361386.912,,9.545133625410734e-05
222,+3.75465900E-05,1559361387.1203332,,9.54547491785323e-05
223,+3.76160400E-05,1559361387.3286667,,9.545709309967141e-05
224,+3.76167100E-05,1559361387.537,,9.54607677984666e-05
225,+3.76267200E-05,1559361391.056,,9.712609967141293e-05
226,+3.75900000E-05,1559361391.2643332,,9.808371522453451e-05
227,+3.76220400E-05,1559361391.4726667,,9.8085421686747e-05
228,+3.76193900E-05,1559361391.681,,9.933843811610077e-05
229,+3.76367500E-05,1559361391.8893332,,9.981846549835706e-05
230,+3.75906500E-05,1559361392.0976667,,9.982124315443594e-05
231,+3.76394200E-05,1559361392.306,,0.00010178458488499452
232,+3.76220500E-05,1559361392.5143332,,0.00010244213800657174
233,+3.75860000E-05,1559361392.7226667,,0.00010244320810514787
234,+3.76153700E-05,1559361392.931,,0.00010378099671412924
235,+3.76253900E-05,1559361393.1393332,,0.00010416858926615553
236,+3.75806500E-05,1559361393.3476667,,0.00010416981818181818
237,+3.76240500E-05,1559361393.556,,0.00010643429134720701
238,+3.75966800E-05,1559361393.7643332,,0.0001067912595837897
239,+3.75786500E-05,1559361393.9726667,,0.00010679370427163199
240,+3.75846600E-05,1559361394.181,,0.00010679447097480833
241,+3.75546000E-05,1559361394.3893332,,0.00010679603285870756
242,+3.75586000E-05,1559361394.5976667,,0.00010679761007667032
243,+3.75132000E-05,1559361394.806,,0.0001067995191675794
244,+3.75839800E-05,1559361395.0143332,,0.00010680545016429353
245,+3.75358900E-05,1559361395.2226667,,0.00010681122672508214
246,+3.75712900E-05,1559361395.431,,0.00010681947207009857
247,+3.75873200E-05,1559361395.6393332,,0.00010682987294633078
248,+3.75993500E-05,1559361395.8476667,,0.00010684070755750273
249,+3.75626200E-05,1559361396.056,,0.00010684760788608982
250,+3.75926700E-05,1559361399.655,,0.00010805134063526835
251,+3.75632900E-05,1559361399.8633332,,0.00010864716538882803
252,+3.76113800E-05,1559361400.0716667,,0.00010864463417305585
253,+3.75953400E-05,1559361400.28,,0.00011155922234392113
254,+3.76267200E-05,1559361400.4883332,,0.00011152487404162103
255,+3.76053600E-05,1559361400.6966667,,0.00011152039430449067
256,+3.75966700E-05,1559361400.905,,0.0001141048083242059
257,+3.76240500E-05,1559361401.1133332,,0.00011410392113910187
258,+3.75873200E-05,1559361401.3216667,,0.00011410541073384447
259,+3.76280700E-05,1559361401.53,,0.00011590777656078861
260,+3.76474200E-05,1559361401.7383332,,0.00011590900328587074
261,+3.76514300E-05,1559361401.9466667,,0.00011591146768893755
262,+3.76086900E-05,1559361402.155,,0.00011849602409638554
263,+3.75799700E-05,1559361402.3633332,,0.00011849426067907995
264,+3.75712900E-05,1559361402.5716667,,0.00011849532311062433
265,+3.75940100E-05,1559361402.78,,0.00011849434830230011
266,+3.76247200E-05,1559361402.9883332,,0.00011849493975903614
267,+3.76013600E-05,1559361403.1966667,,0.00011849491785323109
268,+3.76434300E-05,1559361403.405,,0.00011849498357064623
269,+3.76127100E-05,1559361403.6133332,,0.00011849445783132531
270,+3.76340600E-05,1559361403.8216667,,0.00011849485213581599
271,+3.75933300E-05,1559361404.03,,0.00011849430449069003
272,+3.75532700E-05,1559361404.2383332,,0.00011849660460021906
273,+3.75479300E-05,1559361404.4466667,,0.00011849612267250823
274,+3.75552700E-05,1559361404.655,,0.00011849696604600218
275,+3.74337200E-05,1559361408.368,,0.00011851970427163197
276,+3.74197000E-05,1559361408.5763333,,0.0001203069660460022
277,+3.73876400E-05,1559361408.7846668,,0.00012030741511500547
278,+3.74330500E-05,1559361408.993,,0.00012039994523548741
279,+3.74624500E-05,1559361409.2013333,,0.00012288997809419496
280,+3.73983300E-05,1559361409.4096668,,0.00012289076670317635
281,+3.73909800E-05,1559361409.618,,0.00012311070098576122
282,+3.74283900E-05,1559361409.8263333,,0.00012469705366922236
283,+3.74363900E-05,1559361410.0346668,,0.00012469622124863087
284,+3.74337200E-05,1559361410.243,,0.00012507825848849947
285,+3.75005000E-05,1559361410.4513333,,0.0001272770317634173
286,+3.74624300E-05,1559361410.6596668,,0.00012727863088718511
287,+3.74437500E-05,1559361410.868,,0.00012759071193866375
288,+3.74424100E-05,1559361411.0763333,,0.00012908972617743701
289,+3.74831500E-05,1559361411.2846668,,0.00012909006571741512
290,+3.74417400E-05,1559361411.493,,0.00012909015334063527
291,+3.74824800E-05,1559361411.7013333,,0.00012909074479737132
292,+3.74878200E-05,1559361411.9096668,,0.00012909106243154435
293,+3.74804800E-05,1559361412.118,,0.00012909153340635269
294,+3.74884800E-05,1559361412.3263333,,0.0001290917743702081
295,+3.75058600E-05,1559361412.5346668,,0.00012909237677984664
296,+3.75359000E-05,1559361412.743,,0.00012909258488499453
297,+3.75118700E-05,1559361412.9513333,,0.00012909236582694415
298,+3.75485900E-05,1559361413.1596668,,0.00012909315443592552
299,+3.75339000E-05,1559361413.368,,0.0001290922343921139
300,+3.76060200E-05,1559361416.855,,0.0001302225848849945
301,+3.76026900E-05,1559361417.0633333,,0.0001307751369112815
302,+3.76100200E-05,1559361417.2716668,,0.00013077531215772178
303,+3.75960100E-05,1559361417.48,,0.0001334995509309967
304,+3.76207200E-05,1559361417.6883333,,0.00013350186199342825
305,+3.75886600E-05,1559361417.8966668,,0.00013350272727272725
306,+3.75926700E-05,1559361418.105,,0.00013530776560788607
307,+3.75933400E-05,1559361418.3133333,,0.0001353086308871851
308,+3.75579500E-05,1559361418.5216668,,0.00013530805038335157
309,+3.75559400E-05,1559361418.73,,0.00013789055859802848
310,+3.75793100E-05,1559361418.9383333,,0.00013789142387732748
311,+3.75071900E-05,1559361419.1466668,,0.0001378922891566265
312,+3.75666300E-05,1559361419.355,,0.00013970021905805038
313,+3.75652800E-05,1559361419.5633333,,0.00013970196056955093
314,+3.75459100E-05,1559361419.7716668,,0.00013970138006571742
315,+3.75379000E-05,1559361419.98,,0.00013970196056955093
316,+3.75218800E-05,1559361420.1883333,,0.00013970224534501642
317,+3.75158600E-05,1559361420.3966668,,0.00013970254107338443
318,+3.74778000E-05,1559361420.605,,0.00013970224534501642
319,+3.75292200E-05,1559361420.8133333,,0.0001397021029572837
320,+3.74964900E-05,1559361421.0216668,,0.00013969935377875138
321,+3.75325700E-05,1559361421.23,,0.00013970312157721797
322,+3.75218800E-05,1559361421.4383333,,0.0001397021029572837
323,+3.75085200E-05,1559361421.6466668,,0.0001397042716319825
324,+3.75078500E-05,1559361421.855,,0.00013970254107338443
325,+3.75292300E-05,1559361425.546,,0.00014005447973713034
326,+3.75058400E-05,1559361425.7543333,,0.00014228065717415114
327,+3.75546100E-05,1559361425.9626667,,0.00014228355969331873
328,+3.75459200E-05,1559361426.171,,0.0001425744030668127
329,+3.75853300E-05,1559361426.3793333,,0.00014409235487404163
330,+3.75586100E-05,1559361426.5876667,,0.0001440909090909091
331,+3.75773100E-05,1559361426.796,,0.0001444084008762322
332,+3.76107000E-05,1559361427.0043333,,0.00014577578313253013
333,+3.75920000E-05,1559361427.2126667,,0.00014577664841182913
334,+3.75739800E-05,1559361427.421,,0.0001465244030668127
335,+3.75933300E-05,1559361427.6293333,,0.00014847985761226725
336,+3.76126900E-05,1559361427.8376667,,0.00014848058050383352
337,+3.76407600E-05,1559361428.046,,0.00014898598028477547
338,+3.75612700E-05,1559361428.2543333,,0.0001501598357064622
339,+3.76167000E-05,1559361428.4626667,,0.00015016157721796275
340,+3.76213900E-05,1559361428.671,,0.00015016215772179628
341,+3.76888400E-05,1559361428.8793333,,0.00015016157721796275
342,+3.76901700E-05,1559361429.0876667,,0.00015016316538882805
343,+3.76915100E-05,1559361429.296,,0.00015016157721796275
344,+3.76614600E-05,1559361429.5043333,,0.0001501630230010953
345,+3.76935100E-05,1559361429.7126667,,0.0001501630230010953
346,+3.77122000E-05,1559361429.921,,0.00015016244249726178
347,+3.77302400E-05,1559361430.1293333,,0.00015016157721796275
348,+3.77362400E-05,1559361430.3376667,,0.0001501630230010953
349,+3.77369200E-05,1559361430.546,,0.00015016273822562979
350,+3.77703100E-05,1559361434.055,,0.00015199122672508215
351,+3.77876800E-05,1559361434.2633333,,0.00015287347207009857
352,+3.78037100E-05,1559361434.4716668,,0.0001528749178532311
353,+3.78471100E-05,1559361434.68,,0.0001540493209200438
354,+3.78110500E-05,1559361434.8883333,,0.00015455443592552026
355,+3.77870000E-05,1559361435.0966668,,0.0001545539978094195
356,+3.77823300E-05,1559361435.305,,0.00015668202628696604
357,+3.78304100E-05,1559361435.5133333,,0.00015725952902519166
358,+3.77396000E-05,1559361435.7216668,,0.0001572603943044907
359,+3.78070300E-05,1559361435.93,,0.00015862430449069002
360,+3.78050300E-05,1559361436.1383333,,0.00015893860898138007
361,+3.77643000E-05,1559361436.3466668,,0.00015893773274917853
362,+3.77663100E-05,1559361436.555,,0.0001604542387732749
363,+3.78017000E-05,1559361436.7633333,,0.000160750295728368
364,+3.77542700E-05,1559361436.9716668,,0.00016075001095290252
365,+3.77830000E-05,1559361437.18,,0.00016075174151150055
366,+3.77616300E-05,1559361437.3883333,,0.0001607540635268346
367,+3.77776600E-05,1559361437.5966668,,0.00016075290251916756
368,+3.77415900E-05,1559361437.805,,0.0001607537677984666
369,+3.77589600E-05,1559361438.0133333,,0.00016075203723986856
370,+3.77516100E-05,1559361438.2216668,,0.00016075232201533406
371,+3.77576200E-05,1559361438.43,,0.00016075145673603505
372,+3.77769900E-05,1559361438.6383333,,0.00016075276013143483
373,+3.77870000E-05,1559361438.8466668,,0.0001607497152245345
374,+3.77836700E-05,1559361439.055,,0.00016074768893756846
375,+3.77823300E-05,1559361442.656,,0.00016240332968236584
376,+3.77582900E-05,1559361442.8643332,,0.00016332901423877328
377,+3.77616300E-05,1559361443.0726666,,0.00016332785323110624
378,+3.77716500E-05,1559361443.281,,0.00016464934282584885
379,+3.77823300E-05,1559361443.4893332,,0.00016514272727272727
380,+3.77602900E-05,1559361443.6976666,,0.00016514070098576123
381,+3.77910100E-05,1559361443.906,,0.00016709354874041622
382,+3.77916800E-05,1559361444.1143332,,0.00016772578313253012
383,+3.77976900E-05,1559361444.3226666,,0.00016772621029572838
384,+3.78344200E-05,1559361444.531,,0.0001691373165388828
385,+3.78063600E-05,1559361444.7393332,,0.00016953472070098575
386,+3.78190600E-05,1559361444.9476666,,0.00016953544359255202
387,+3.77936900E-05,1559361445.156,,0.0001717807338444688
388,+3.77369200E-05,1559361445.3643332,,0.00017211704271631983
389,+3.77843300E-05,1559361445.5726666,,0.00017211588170865279
390,+3.78030300E-05,1559361445.781,,0.00017211530120481928
391,+3.77295800E-05,1559361445.9893332,,0.00017211501642935378
392,+3.77422700E-05,1559361446.1976666,,0.00017211443592552028
393,+3.77188800E-05,1559361446.406,,0.00017211357064622127
394,+3.76915000E-05,1559361446.6143332,,0.00017211443592552028
395,+3.77295700E-05,1559361446.8226666,,0.00017211415115005478
396,+3.77255700E-05,1559361447.031,,0.000172113713033954
397,+3.77182200E-05,1559361447.2393332,,0.00017211357064622127
398,+3.77369200E-05,1559361447.4476666,,0.0001721121248630887
399,+3.77556200E-05,1559361447.656,,0.00017211066812705366
400,+3.77569400E-05,1559361451.255,,0.0001733241840087623
401,+3.77923500E-05,1559361451.4633334,,0.000173915147864184
402,+3.77362600E-05,1559361451.6716669,,0.00017391630887185106
403,+3.77890100E-05,1559361451.88,,0.0001751714895947426
404,+3.77662900E-05,1559361452.0883334,,0.0001757183023001095
405,+3.78083800E-05,1559361452.2966669,,0.00017572119386637458
406,+3.77589600E-05,1559361452.505,,0.0001777571412924425
407,+3.77903500E-05,1559361452.7133334,,0.00017830772179627601
408,+3.77509400E-05,1559361452.9216669,,0.00017830714129244248
409,+3.77462600E-05,1559361453.13,,0.0001797738335158817
410,+3.77756500E-05,1559361453.3383334,,0.00018011477546549836
411,+3.77689700E-05,1559361453.5466669,,0.0001801115991237678
412,+3.77449300E-05,1559361453.755,,0.00018227377875136913
413,+3.77302300E-05,1559361453.9633334,,0.00018269276013143482
414,+3.77643100E-05,1559361454.1716669,,0.00018269334063526833
415,+3.77082000E-05,1559361454.38,,0.0001826915991237678
416,+3.77663100E-05,1559361454.5883334,,0.00018269131434830231
417,+3.77656400E-05,1559361454.7966669,,0.00018269101861993428
418,+3.77008600E-05,1559361455.005,,0.00018268928806133624
419,+3.77583000E-05,1559361455.2133334,,0.00018268740416210296
420,+3.77676400E-05,1559361455.4216669,,0.00018268798466593647
421,+3.77689700E-05,1559361455.63,,0.00018268652792990142
422,+3.77836700E-05,1559361455.8383334,,0.00018268638554216868
423,+3.77576200E-05,1559361456.0466669,,0.00018268710843373495
424,+3.77636400E-05,1559361456.255,,0.00018268652792990142
425,+3.78330800E-05,1559361459.856,,0.00018384357064622124
426,+3.78217300E-05,1559361460.0643332,,0.00018449244249726175
427,+3.78324200E-05,1559361460.2726667,,0.00018449432639649506
428,+3.78297500E-05,1559361460.481,,0.00018637478641840086
429,+3.78330800E-05,1559361460.6893332,,0.00018707722891566264
430,+3.78250800E-05,1559361460.8976667,,0.00018707838992332968
431,+3.78778300E-05,1559361461.106,,0.00018843983570646222
432,+3.78437700E-05,1559361461.3143332,,0.00018888429353778753
433,+3.78798400E-05,1559361461.5226667,,0.00018888313253012046
434,+3.77997000E-05,1559361461.731,,0.0001901865279299014
435,+3.78137100E-05,1559361461.9393332,,0.00019055541073384445
436,+3.78030200E-05,1559361462.1476667,,0.0001905562760131435
437,+3.78177300E-05,1559361462.356,,0.000192908269441402
438,+3.78150600E-05,1559361462.5643332,,0.00019327063526834612
439,+3.78324200E-05,1559361462.7726667,,0.00019327005476451258
440,+3.78017000E-05,1559361462.981,,0.00019327135815991239
441,+3.78424400E-05,1559361463.1893332,,0.00019327179627601313
442,+3.78424300E-05,1559361463.3976667,,0.00019327121577217962
443,+3.78464400E-05,1559361463.606,,0.00019327208105147863
444,+3.78571200E-05,1559361463.8143332,,0.00019327092004381161
445,+3.78097200E-05,1559361464.0226667,,0.00019327266155531216
446,+3.78217400E-05,1559361464.231,,0.00019326947426067908
447,+3.78143900E-05,1559361464.4393332,,0.00019326947426067908
448,+3.77916900E-05,1559361464.6476667,,0.00019326947426067908
449,+3.77709800E-05,1559361464.856,,0.00019326831325301206
450,+3.78631400E-05,1559361468.455,,0.00019439407447973713
451,+3.77996900E-05,1559361468.6633332,,0.00019494725082146768
452,+3.78223900E-05,1559361468.8716667,,0.00019494797371303395
453,+3.78250800E-05,1559361469.08,,0.00019683484118291348
454,+3.78277300E-05,1559361469.2883332,,0.0001976593209200438
455,+3.78324200E-05,1559361469.4966667,,0.00019765961664841182
456,+3.78310900E-05,1559361469.705,,0.00019908186199342826
457,+3.78430900E-05,1559361469.9133332,,0.0001994697152245345
458,+3.78237300E-05,1559361470.1216667,,0.00019947015334063526
459,+3.78297500E-05,1559361470.33,,0.00020156184008762322
460,+3.78557800E-05,1559361470.5383332,,0.0002020537787513691
461,+3.78357500E-05,1559361470.7466667,,0.00020205522453450164
462,+3.78738200E-05,1559361470.955,,0.00020356650602409637
463,+3.77970200E-05,1559361471.1633332,,0.00020386155531215773
464,+3.78117100E-05,1559361471.3716667,,0.00020386054764512596
465,+3.78190600E-05,1559361471.58,,0.00020386040525739323
466,+3.78718200E-05,1559361471.7883332,,0.00020386213581599123
467,+3.78123800E-05,1559361471.9966667,,0.00020385938663745892
468,+3.78164000E-05,1559361472.205,,0.00020385779846659365
469,+3.78591300E-05,1559361472.4133332,,0.0002038557721796276
470,+3.78778400E-05,1559361472.6216667,,0.0002038579408543264
471,+3.78571200E-05,1559361472.83,,0.0002038575027382256
472,+3.78905200E-05,1559361473.0383332,,0.0002038569222343921
473,+3.78304000E-05,1559361473.2466667,,0.00020385533406352683
474,+3.78484400E-05,1559361473.455,,0.00020385677984665937
475,+3.77155500E-05,1559361477.056,,0.00020550314348302302
476,+3.77202200E-05,1559361477.2643332,,0.00020642969331872947
477,+3.76948500E-05,1559361477.4726667,,0.00020642564074479738
478,+3.77322400E-05,1559361477.681,,0.0002077400547645126
479,+3.76854900E-05,1559361477.8893332,,0.00020823026286966048
480,+3.76888400E-05,1559361478.0976667,,0.0002082273713033954
481,+3.77095500E-05,1559361478.306,,0.000209495147864184
482,+3.77496000E-05,1559361478.5143332,,0.00020990369112814896
483,+3.76888300E-05,1559361478.7226667,,0.0002099021029572837
484,+3.76981800E-05,1559361478.931,,0.00021202404162102957
485,+3.76541100E-05,1559361479.1393332,,0.00021261371303395402
486,+3.76327400E-05,1559361479.3476667,,0.00021261283680175247
487,+3.76547800E-05,1559361479.556,,0.00021406998904709748
488,+3.76501000E-05,1559361479.7643332,,0.00021428323110624315
489,+3.76441000E-05,1559361479.9726667,,0.00021426412924424972
490,+3.75773100E-05,1559361480.181,,0.00021426441401971525
491,+3.76634600E-05,1559361480.3893332,,0.00021426441401971525
492,+3.76440900E-05,1559361480.5976667,,0.00021426238773274918
493,+3.76260600E-05,1559361480.806,,0.00021425167579408542
494,+3.76681300E-05,1559361481.0143332,,0.0002142424096385542
495,+3.76561100E-05,1559361481.2226667,,0.00021421952902519166
496,+3.76968500E-05,1559361481.431,,0.00021421837897042716
497,+3.76861600E-05,1559361481.6393332,,0.00021421721796276014
498,+3.76841700E-05,1559361481.8476667,,0.0002142160569550931
499,+3.76834900E-05,1559361482.056,,0.00021421721796276014
500,+3.77823400E-05,1559361485.655,,0.0002160541073384447
501,+3.78030300E-05,1559361485.8633332,,0.0002169336035049288
502,+3.77596200E-05,1559361486.0716667,,0.00021693693318729462
503,+3.77369200E-05,1559361486.28,,0.0002181104600219058
504,+3.77923500E-05,1559361486.4883332,,0.00021861242059145674
505,+3.77549500E-05,1559361486.6966667,,0.00021861169769989047
506,+3.77589600E-05,1559361486.905,,0.0002219920153340635
507,+3.77489400E-05,1559361487.1133332,,0.00022191644030668126
508,+3.77395900E-05,1559361487.3216667,,0.00022190486308871853
509,+3.77903500E-05,1559361487.53,,0.00022370656078860897
510,+3.77516100E-05,1559361487.7383332,,0.00022370134720700987
511,+3.77235700E-05,1559361487.9466667,,0.0002236987513691128
512,+3.77549500E-05,1559361488.155,,0.00022550088718510406
513,+3.77375800E-05,1559361488.3633332,,0.0002254948083242059
514,+3.77456000E-05,1559361488.5716667,,0.00022549422782037242
515,+3.77436000E-05,1559361488.78,,0.00022549625410733844
516,+3.77469300E-05,1559361488.9883332,,0.00022549798466593647
517,+3.77930200E-05,1559361489.1966667,,0.00022549972617743705
518,+3.77943500E-05,1559361489.405,,0.00022549798466593647
519,+3.78037100E-05,1559361489.6133332,,0.0002254969769989047
520,+3.78257400E-05,1559361489.8216667,,0.0002254956736035049
521,+3.78371000E-05,1559361490.03,,0.0002254963964950712
522,+3.78217300E-05,1559361490.2383332,,0.00022549769989047095
523,+3.78204000E-05,1559361490.4466667,,0.00022550030668127053
524,+3.78604700E-05,1559361490.655,,0.00022550161007667033
525,+3.77001800E-05,1559361494.35,,0.0002256877875136911
526,+3.77449300E-05,1559361494.5583332,,0.00022808451259583788
527,+3.77108800E-05,1559361494.7666667,,0.00022808219058050383
528,+3.77355700E-05,1559361494.975,,0.00022836522453450163
529,+3.77482800E-05,1559361495.1833332,,0.00022987290251916758
530,+3.77389200E-05,1559361495.3916667,,0.00022986768893756842
531,+3.77569500E-05,1559361495.6,,0.00023035239868565168
532,+3.77115300E-05,1559361495.8083332,,0.00023244972617743705
533,+3.76948500E-05,1559361496.0166667,,0.00023245319824753558
534,+3.77188800E-05,1559361496.225,,0.00023283641840087622
535,+3.76808100E-05,1559361496.4333332,,0.00023425837897042716
536,+3.77035300E-05,1559361496.6416667,,0.00023425867469879517
537,+3.76594600E-05,1559361496.85,,0.00023503509309967142
538,+3.76875100E-05,1559361497.0583332,,0.00023683867469879516
539,+3.76421000E-05,1559361497.2666667,,0.00023684186199342827
540,+3.76133700E-05,1559361497.475,,0.00023684244249726175
541,+3.75920000E-05,1559361497.6833332,,0.0002368401204819277
542,+3.75953400E-05,1559361497.8916667,,0.00023683679079956188
543,+3.76046800E-05,1559361498.1,,0.0002368352026286966
544,+3.75679600E-05,1559361498.3083332,,0.00023683606790799564
545,+3.75753000E-05,1559361498.5166667,,0.00023683389923329683
546,+3.75919900E-05,1559361498.725,,0.00023683303395399783
547,+3.76093500E-05,1559361498.9333332,,0.00023683288061336256
548,+3.75793200E-05,1559361499.1416667,,0.00023682564074479739
549,+3.76173700E-05,1559361499.35,,0.00023682216867469878
550,+3.76374000E-05,1559361502.855,,0.00023803710843373492
551,+3.76367500E-05,1559361503.0633333,,0.00023862445783132528
552,+3.76447500E-05,1559361503.2716668,,0.0002386256078860898
553,+3.76915000E-05,1559361503.48,,0.0002398925191675794
554,+3.76768200E-05,1559361503.6883333,,0.00024043788608981383
555,+3.77429300E-05,1559361503.8966668,,0.00024043644030668127
556,+3.77395900E-05,1559361504.105,,0.00024246316538882804
557,+3.77729800E-05,1559361504.3133333,,0.00024301272727272728
558,+3.77435900E-05,1559361504.5216668,,0.00024301054764512594
559,+3.77402600E-05,1559361504.73,,0.0002444826067907996
560,+3.77663100E-05,1559361504.9383333,,0.0002448176122672508
561,+3.77269100E-05,1559361505.1466668,,0.0002448129791894852
562,+3.77896700E-05,1559361505.355,,0.0002469663417305586
563,+3.77850100E-05,1559361505.5633333,,0.0002473763307776561
564,+3.77936800E-05,1559361505.7716668,,0.00024737460021905807
565,+3.76955200E-05,1559361505.98,,0.00024737243154435926
566,+3.78070400E-05,1559361506.1883333,,0.00024737097480832424
567,+3.77676400E-05,1559361506.3966668,,0.0002473693866374589
568,+3.77930100E-05,1559361506.605,,0.0002473679408543264
569,+3.78197300E-05,1559361506.8133333,,0.00024737141292442493
570,+3.77910200E-05,1559361507.0216668,,0.0002473673603504929
571,+3.77890100E-05,1559361507.23,,0.00024736374589266156
572,+3.77990300E-05,1559361507.4383333,,0.0002473644687842278
573,+3.77255600E-05,1559361507.6466668,,0.00024736156626506027
574,+3.77756600E-05,1559361507.855,,0.0002473633077765608
575,+3.78310800E-05,1559361511.455,,0.00024853105147864185
576,+3.78491100E-05,1559361511.6633332,,0.00024917934282584885
577,+3.78230700E-05,1559361511.8716667,,0.00024917615553121577
578,+3.78270700E-05,1559361512.08,,0.0002510580722891566
579,+3.78364300E-05,1559361512.2883332,,0.0002517502300109529
580,+3.77776500E-05,1559361512.4966667,,0.00025175008762322017
581,+3.78290800E-05,1559361512.705,,0.0002531150273822563
582,+3.78531100E-05,1559361512.9133332,,0.0002535554326396495
583,+3.78564500E-05,1559361513.1216667,,0.0002535534063526835
584,+3.78785000E-05,1559361513.33,,0.00025497420591456734
585,+3.78671500E-05,1559361513.5383332,,0.00025536625410733845
586,+3.78771600E-05,1559361513.7466667,,0.00025536278203723984
587,+3.79319300E-05,1559361513.955,,0.00025760865279299017
588,+3.78671500E-05,1559361514.1633332,,0.00025794350492880613
589,+3.79132300E-05,1559361514.3716667,,0.0002579495837897043
590,+3.79419400E-05,1559361514.58,,0.0002579559583789704
591,+3.79265700E-05,1559361514.7883332,,0.00025795740416210294
592,+3.79553000E-05,1559361514.9966667,,0.00025795581599123767
593,+3.79713300E-05,1559361515.205,,0.0002579547973713034
594,+3.79439300E-05,1559361515.4133332,,0.00025795740416210294
595,+3.79806700E-05,1559361515.6216667,,0.0002579342387732749
596,+3.79446000E-05,1559361515.83,,0.00025793076670317633
597,+3.79392800E-05,1559361516.0383332,,0.00025793076670317633
598,+3.79626500E-05,1559361516.2466667,,0.00025792888280394305
599,+3.79292500E-05,1559361516.455,,0.0002579272946330778
