,SQUID_Volt(V),timestamp,MOD_CURR(A)
0,-3.08921000E-05,1558932746.318,+1.20940000E-04
1,-3.06386000E-05,1558932746.5263333,+1.17838000E-04
2,-3.06118000E-05,1558932746.7346668,+2.14876300E-03
3,-3.01781000E-05,1558932746.943,+1.95670130E-02
4,-3.00312000E-05,1558932747.1513333,+1.95690190E-02
5,-2.90237000E-05,1558932747.3596668,+1.94936250E-02
6,-2.89102000E-05,1558932747.568,+3.90166840E-02
7,-2.85231000E-05,1558932747.7763333,+3.90205650E-02
8,-2.90836000E-05,1558932747.9846668,+4.32456090E-02
9,-3.09189000E-05,1558932748.193,+5.84985890E-02
10,-3.11057000E-05,1558932748.4013333,+5.85035920E-02
11,-3.08455000E-05,1558932748.6096668,+5.51185820E-02
12,-2.95709000E-05,1558932748.818,+7.82804180E-02
13,-2.99779000E-05,1558932749.0263333,+7.82829130E-02
14,-2.96976000E-05,1558932749.2346668,+8.48505400E-02
15,-3.04383000E-05,1558932749.443,+9.80468440E-02
16,-3.11257000E-05,1558932749.6513333,+9.80496690E-02
17,-3.08722000E-05,1558932749.8596668,+9.80522960E-02
18,-2.97777000E-05,1558932750.068,+9.80524810E-02
19,-3.00447000E-05,1558932750.2763333,+9.80545930E-02
20,-3.01515000E-05,1558932750.4846668,+9.80553850E-02
21,-2.96308000E-05,1558932750.693,+9.80562570E-02
22,-3.05051000E-05,1558932750.9013333,+9.80572600E-02
23,-3.06252000E-05,1558932751.1096668,+9.80589630E-02
24,-2.91036000E-05,1558932751.318,+9.80598610E-02
25,-2.89436000E-05,1558932754.951,+1.04299980E-01
26,-2.86297000E-05,1558932755.1593332,+1.17226120E-01
27,-2.83763000E-05,1558932755.3676667,+1.17228470E-01
28,-2.92839000E-05,1558932755.576,+1.36630390E-01
29,-3.00446000E-05,1558932755.7843332,+1.36620490E-01
30,-3.02915000E-05,1558932755.9926667,+1.36629340E-01
31,-2.87834000E-05,1558932756.201,+1.56664420E-01
32,-2.78891000E-05,1558932756.4093332,+1.56677630E-01
33,-2.76823000E-05,1558932756.6176667,+1.56683310E-01
34,-2.80091000E-05,1558932756.826,+1.75805410E-01
35,-2.77889000E-05,1558932757.0343332,+1.75814520E-01
36,-2.85364000E-05,1558932757.2426667,+1.75819140E-01
37,-2.95040000E-05,1558932757.451,+1.94962120E-01
38,-3.01982000E-05,1558932757.6593332,+1.94969260E-01
39,-3.07987000E-05,1558932757.8676667,+1.94975860E-01
40,-3.04116000E-05,1558932758.076,+1.94979030E-01
41,-3.07720000E-05,1558932758.2843332,+1.94982730E-01
42,-2.96109000E-05,1558932758.4926667,+1.94986430E-01
43,-2.95040000E-05,1558932758.701,+1.94990520E-01
44,-2.99578000E-05,1558932758.9093332,+1.94994480E-01
45,-2.90303000E-05,1558932759.1176667,+1.94998050E-01
46,-2.87766000E-05,1558932759.326,+1.94999630E-01
47,-2.95307000E-05,1558932759.5343332,+1.95001220E-01
48,-2.93438000E-05,1558932759.7426667,+1.95003330E-01
49,-2.96709000E-05,1558932759.951,+1.95003330E-01
50,-2.88167000E-05,1558932763.669,+2.10781130E-01
51,-2.94307000E-05,1558932763.8773332,+2.15023260E-01
52,-2.87100000E-05,1558932764.0856667,+2.15028010E-01
53,-2.92305000E-05,1558932764.294,+2.31805480E-01
54,-2.87433000E-05,1558932764.5023332,+2.34167180E-01
55,-2.81627000E-05,1558932764.7106667,+2.34173120E-01
56,-2.92372000E-05,1558932764.919,+2.54317720E-01
57,-2.95307000E-05,1558932765.1273332,+2.54293420E-01
58,-2.95307000E-05,1558932765.3356667,+2.54300290E-01
59,-2.92639000E-05,1558932765.544,+2.74205980E-01
60,-2.89501000E-05,1558932765.7523332,+2.74219720E-01
61,-2.94374000E-05,1558932765.9606667,+2.74227110E-01
62,-2.85631000E-05,1558932766.169,+2.93547440E-01
63,-3.01247000E-05,1558932766.3773332,+2.93557480E-01
64,-3.00246000E-05,1558932766.5856667,+2.93560910E-01
65,-2.99645000E-05,1558932766.794,+2.93568440E-01
66,-2.96776000E-05,1558932767.0023332,+2.93569100E-01
67,-2.92304000E-05,1558932767.2106667,+2.93576760E-01
68,-2.94374000E-05,1558932767.419,+2.93581250E-01
69,-2.89768000E-05,1558932767.6273332,+2.93583630E-01
70,-2.88568000E-05,1558932767.8356667,+2.93587060E-01
71,-2.81426000E-05,1558932768.044,+2.93589440E-01
72,-2.79892000E-05,1558932768.2523332,+2.93592470E-01
73,-2.74220000E-05,1558932768.4606667,+2.93595510E-01
74,-2.84630000E-05,1558932768.669,+2.93592080E-01
75,-2.98176000E-05,1558932772.373,+2.97055950E-01
76,-2.87567000E-05,1558932772.5813332,+3.12656230E-01
77,-2.80358000E-05,1558932772.7896667,+3.12660720E-01
78,-2.74419000E-05,1558932772.998,+3.16788610E-01
79,-2.82495000E-05,1558932773.2063332,+3.32571430E-01
80,-2.79092000E-05,1558932773.4146667,+3.32576450E-01
81,-2.73752000E-05,1558932773.623,+3.38251170E-01
82,-2.79424000E-05,1558932773.8313332,+3.51907360E-01
83,-2.86565000E-05,1558932774.0396667,+3.51909740E-01
84,-2.87365000E-05,1558932774.248,+3.57963000E-01
85,-2.79424000E-05,1558932774.4563332,+3.70962930E-01
86,-2.80359000E-05,1558932774.6646667,+3.70965970E-01
87,-2.77089000E-05,1558932774.873,+3.78799660E-01
88,-2.76220000E-05,1558932775.0813332,+3.90310370E-01
89,-2.75553000E-05,1558932775.2896667,+3.90313540E-01
90,-2.73351000E-05,1558932775.498,+3.90316450E-01
91,-2.78424000E-05,1558932775.7063332,+3.90317500E-01
92,-2.75421000E-05,1558932775.9146667,+3.90319350E-01
93,-2.76155000E-05,1558932776.123,+3.90319620E-01
94,-2.76288000E-05,1558932776.3313332,+3.90322260E-01
95,-2.77689000E-05,1558932776.5396667,+3.90326480E-01
96,-2.77556000E-05,1558932776.748,+3.90326750E-01
97,-2.77624000E-05,1558932776.9563332,+3.90330710E-01
98,-2.76020000E-05,1558932777.1646667,+3.90335460E-01
99,-2.77022000E-05,1558932777.373,+3.90336790E-01
100,-2.80625000E-05,1558932780.894,+4.03234350E-01
101,-2.78623000E-05,1558932781.1023333,+4.10248560E-01
102,-2.78089000E-05,1558932781.3106668,+4.10253840E-01
103,-2.84096000E-05,1558932781.519,+4.23259860E-01
104,-2.83829000E-05,1558932781.7273333,+4.29576960E-01
105,-2.84229000E-05,1558932781.9356668,+4.29581050E-01
106,-2.77356000E-05,1558932782.144,+4.44073150E-01
107,-2.79425000E-05,1558932782.3523333,+4.48618380E-01
108,-2.81427000E-05,1558932782.5606668,+4.48621550E-01
109,-2.78623000E-05,1558932782.769,+4.64493820E-01
110,-2.77089000E-05,1558932782.9773333,+4.68832090E-01
111,-2.80892000E-05,1558932783.1856668,+4.68834870E-01
112,-2.84630000E-05,1558932783.394,+4.85421880E-01
113,-2.82694000E-05,1558932783.6023333,+4.87865060E-01
114,-2.88566000E-05,1558932783.8106668,+4.87872990E-01
115,-2.89901000E-05,1558932784.019,+4.87876020E-01
116,-2.81494000E-05,1558932784.2273333,+4.87875760E-01
117,-2.80359000E-05,1558932784.4356668,+4.87880910E-01
118,-2.78290000E-05,1558932784.644,+4.87882630E-01
119,-2.84429000E-05,1558932784.8523333,+4.87882630E-01
120,-2.82560000E-05,1558932785.0606668,+4.87886320E-01
121,-2.96041000E-05,1558932785.269,+4.87888440E-01
122,-2.86633000E-05,1558932785.4773333,+4.87890020E-01
123,-2.79893000E-05,1558932785.6856668,+4.87890550E-01
124,-2.78558000E-05,1558932785.894,+4.87892930E-01
125,-2.75555000E-05,1558932789.494,+5.07092980E-01
126,-2.81161000E-05,1558932789.7023332,+5.07064710E-01
127,-2.76556000E-05,1558932789.9106667,+5.07096150E-01
128,-2.80960000E-05,1558932790.119,+5.26965800E-01
129,-2.83896000E-05,1558932790.3273332,+5.27005020E-01
130,-2.85364000E-05,1558932790.5356667,+5.27035930E-01
131,-2.87700000E-05,1558932790.744,+5.46321050E-01
132,-2.81159000E-05,1558932790.9523332,+5.46344030E-01
133,-2.79359000E-05,1558932791.1606667,+5.46365950E-01
134,-2.80159000E-05,1558932791.369,+5.65649180E-01
135,-2.79225000E-05,1558932791.5773332,+5.65664770E-01
136,-2.75354000E-05,1558932791.7856667,+5.65676920E-01
137,-2.79958000E-05,1558932791.994,+5.85542340E-01
138,-2.68880000E-05,1558932792.2023332,+5.85565850E-01
139,-2.77622000E-05,1558932792.4106667,+5.85576420E-01
140,-2.77823000E-05,1558932792.619,+5.85582360E-01
141,-2.73285000E-05,1558932792.8273332,+5.85582890E-01
142,-2.75288000E-05,1558932793.0356667,+5.85597940E-01
143,-2.78691000E-05,1558932793.244,+5.85604280E-01
144,-2.75154000E-05,1558932793.4523332,+5.85613790E-01
145,-2.77090000E-05,1558932793.6606667,+5.85621720E-01
146,-2.77022000E-05,1558932793.869,+5.85640470E-01
147,-2.76222000E-05,1558932794.0773332,+5.85642590E-01
148,-2.77156000E-05,1558932794.2856667,+5.85646810E-01
149,-2.72285000E-05,1558932794.494,+5.85658430E-01
150,-2.71017000E-05,1558932798.223,+5.85661600E-01
151,-2.75955000E-05,1558932798.4313333,+6.04992020E-01
152,-2.78157000E-05,1558932798.6396668,+6.05001130E-01
153,-2.72818000E-05,1558932798.848,+6.05009050E-01
154,-2.75887000E-05,1558932799.0563333,+6.24314220E-01
155,-2.75019000E-05,1558932799.2646668,+6.24325180E-01
156,-2.78758000E-05,1558932799.473,+6.24335750E-01
157,-2.80759000E-05,1558932799.6813333,+6.44183890E-01
158,-2.72751000E-05,1558932799.8896668,+6.44190360E-01
159,-2.77223000E-05,1558932800.098,+6.45694120E-01
160,-2.75621000E-05,1558932800.3063333,+6.63472180E-01
161,-2.80225000E-05,1558932800.5146668,+6.63487900E-01
162,-2.82829000E-05,1558932800.723,+6.65389860E-01
163,-2.84029000E-05,1558932800.9313333,+6.82184380E-01
164,-2.91503000E-05,1558932801.1396668,+6.82192300E-01
165,-2.88300000E-05,1558932801.348,+6.82201680E-01
166,-2.95307000E-05,1558932801.5563333,+6.82208020E-01
167,-2.87766000E-05,1558932801.7646668,+6.82218060E-01
168,-2.94640000E-05,1558932801.973,+6.82230470E-01
169,-3.02516000E-05,1558932802.1813333,+6.82239060E-01
170,-2.90169000E-05,1558932802.3896668,+6.82246060E-01
171,-2.85096000E-05,1558932802.598,+6.82259530E-01
172,-2.89902000E-05,1558932802.8063333,+6.82266790E-01
173,-2.85832000E-05,1558932803.0146668,+6.82276300E-01
174,-2.74018000E-05,1558932803.223,+6.82289110E-01
175,-2.73085000E-05,1558932806.695,+6.95511840E-01
176,-2.74887000E-05,1558932806.9033332,+7.02197950E-01
177,-2.79692000E-05,1558932807.1116667,+7.02213000E-01
178,-2.81895000E-05,1558932807.32,+7.15521770E-01
179,-2.75820000E-05,1558932807.5283332,+7.21537080E-01
180,-2.74754000E-05,1558932807.7366667,+7.21563370E-01
181,-2.93305000E-05,1558932807.945,+7.36544810E-01
182,-2.85563000E-05,1558932808.1533332,+7.40880840E-01
183,-2.86900000E-05,1558932808.3616667,+7.40898010E-01
184,-2.77623000E-05,1558932808.57,+7.56834970E-01
185,-2.80626000E-05,1558932808.7783332,+7.60830260E-01
186,-2.79958000E-05,1558932808.9866667,+7.60847820E-01
187,-2.80092000E-05,1558932809.195,+7.78010700E-01
188,-2.84697000E-05,1558932809.4033332,+7.80187900E-01
189,-2.94374000E-05,1558932809.6116667,+7.80203220E-01
190,-3.00113000E-05,1558932809.82,+7.80214840E-01
191,-3.03582000E-05,1558932810.0283332,+7.80230160E-01
192,-3.14727000E-05,1558932810.2366667,+7.80239670E-01
193,-3.14193000E-05,1558932810.445,+7.80258950E-01
194,-3.17063000E-05,1558932810.6533332,+7.80287610E-01
195,-3.00580000E-05,1558932810.8616667,+7.80315210E-01
196,-3.01047000E-05,1558932811.07,+7.80345990E-01
197,-2.95842000E-05,1558932811.2783332,+7.80366850E-01
198,-2.91771000E-05,1558932811.4866667,+7.80377150E-01
199,-2.90303000E-05,1558932811.695,+7.80389570E-01
200,-2.94640000E-05,1558932815.294,+7.92439650E-01
201,-2.90170000E-05,1558932815.5023332,+7.99697010E-01
202,-3.05318000E-05,1558932815.7106667,+7.99707580E-01
203,-2.90102000E-05,1558932815.919,+8.12642520E-01
204,-2.90368000E-05,1558932816.1273332,+8.17883370E-01
205,-2.94574000E-05,1558932816.3356667,+8.17902970E-01
206,-2.96442000E-05,1558932816.544,+8.37045930E-01
207,-3.03516000E-05,1558932816.7523332,+8.41884660E-01
208,-2.90769000E-05,1558932816.9606667,+8.41906580E-01
209,-2.95241000E-05,1558932817.169,+8.54932020E-01
210,-2.94973000E-05,1558932817.3773332,+8.57726920E-01
211,-2.89436000E-05,1558932817.5856667,+8.57749900E-01
212,-2.92238000E-05,1558932817.794,+8.71672630E-01
213,-3.00446000E-05,1558932818.0023332,+8.74160330E-01
214,-2.98711000E-05,1558932818.2106667,+8.74179610E-01
215,-3.02047000E-05,1558932818.419,+8.74202590E-01
216,-3.10723000E-05,1558932818.6273332,+8.74224910E-01
217,-3.00113000E-05,1558932818.8356667,+8.74240760E-01
218,-2.93506000E-05,1558932819.044,+8.74258190E-01
219,-3.06453000E-05,1558932819.2523332,+8.74273780E-01
220,-3.09857000E-05,1558932819.4606667,+8.74286980E-01
221,-3.16395000E-05,1558932819.669,+8.74300980E-01
222,-3.15262000E-05,1558932819.8773332,+8.74312600E-01
223,-3.21468000E-05,1558932820.0856667,+8.74342580E-01
224,-3.17330000E-05,1558932820.294,+8.74350240E-01
225,-3.04918000E-05,1558932823.895,+8.89971940E-01
226,-3.07387000E-05,1558932824.1033332,+8.98382280E-01
227,-3.11992000E-05,1558932824.3116667,+8.98401700E-01
228,-3.14927000E-05,1558932824.52,+9.10085670E-01
229,-3.12058000E-05,1558932824.7283332,+9.14238290E-01
230,-3.09522000E-05,1558932824.9366667,+9.14248850E-01
231,-3.04718000E-05,1558932825.145,+9.32535870E-01
232,-3.02849000E-05,1558932825.3533332,+9.38201490E-01
233,-2.91970000E-05,1558932825.5616667,+9.38195420E-01
234,-2.99379000E-05,1558932825.77,+9.50645040E-01
235,-2.89102000E-05,1558932825.9783332,+9.53995950E-01
236,-2.97644000E-05,1558932826.1866667,+9.54000970E-01
237,-3.06519000E-05,1558932826.395,+9.75031800E-01
238,-3.12726000E-05,1558932826.6033332,+9.77990240E-01
239,-3.06720000E-05,1558932826.8116667,+9.78005420E-01
240,-3.06653000E-05,1558932827.02,+9.78009390E-01
241,-3.12192000E-05,1558932827.2283332,+9.78005950E-01
242,-3.03651000E-05,1558932827.4366667,+9.78004100E-01
243,-3.09989000E-05,1558932827.645,+9.78008590E-01
244,-3.08388000E-05,1558932827.8533332,+9.78039630E-01
245,-3.02514000E-05,1558932828.0616667,+9.78034220E-01
246,-2.94106000E-05,1558932828.27,+9.78040560E-01
247,-3.01114000E-05,1558932828.4783332,+9.78056010E-01
248,-3.05251000E-05,1558932828.6866667,+9.78068690E-01
249,-3.06652000E-05,1558932828.895,+9.78084930E-01
250,-3.12792000E-05,1558932832.494,+9.89212240E-01
251,-3.09522000E-05,1558932832.7023332,+9.94492180E-01
252,-3.04517000E-05,1558932832.9106667,+9.94517410E-01
253,-3.11992000E-05,1558932833.119,+1.01902630E+00
254,-3.06854000E-05,1558932833.3273332,+1.01872970E+00
255,-3.12458000E-05,1558932833.5356667,+1.01868440E+00
256,-3.05050000E-05,1558932833.744,+1.04226530E+00
257,-3.01781000E-05,1558932833.9523332,+1.04226020E+00
258,-2.93839000E-05,1558932834.1606667,+1.04227130E+00
259,-2.97510000E-05,1558932834.369,+1.05873830E+00
260,-3.03716000E-05,1558932834.5773332,+1.05874050E+00
261,-3.04650000E-05,1558932834.7856667,+1.05874840E+00
262,-3.07321000E-05,1558932834.994,+1.08235880E+00
263,-3.06320000E-05,1558932835.2023332,+1.08236940E+00
264,-3.07853000E-05,1558932835.4106667,+1.08236280E+00
265,-3.16529000E-05,1558932835.619,+1.08236540E+00
266,-3.10524000E-05,1558932835.8273332,+1.08236460E+00
267,-3.07721000E-05,1558932836.0356667,+1.08237280E+00
268,-3.12927000E-05,1558932836.244,+1.08236140E+00
269,-3.12191000E-05,1558932836.4523332,+1.08235270E+00
270,-3.06186000E-05,1558932836.6606667,+1.08236730E+00
271,-3.09922000E-05,1558932836.869,+1.08237060E+00
272,-3.12058000E-05,1558932837.0773332,+1.08237890E+00
273,-3.16796000E-05,1558932837.2856667,+1.08237680E+00
274,-3.12725000E-05,1558932837.494,+1.08236300E+00
275,-3.07721000E-05,1558932841.206,+1.08259980E+00
276,-3.02716000E-05,1558932841.4143333,+1.09891860E+00
277,-3.03716000E-05,1558932841.6226668,+1.09893610E+00
278,-3.07520000E-05,1558932841.831,+1.09974510E+00
279,-3.12192000E-05,1558932842.0393333,+1.12251650E+00
280,-3.17264000E-05,1558932842.2476668,+1.12251290E+00
281,-3.07121000E-05,1558932842.456,+1.12449350E+00
282,-3.16997000E-05,1558932842.6643333,+1.13901870E+00
283,-3.11791000E-05,1558932842.8726668,+1.13901340E+00
284,-3.13727000E-05,1558932843.081,+1.14241270E+00
285,-3.16796000E-05,1558932843.2893333,+1.16260210E+00
286,-3.18798000E-05,1558932843.4976668,+1.16260960E+00
287,-3.18332000E-05,1558932843.706,+1.16538390E+00
288,-3.19133000E-05,1558932843.9143333,+1.17913550E+00
289,-3.16129000E-05,1558932844.1226668,+1.17914430E+00
290,-3.15394000E-05,1558932844.331,+1.17914760E+00
291,-3.13995000E-05,1558932844.5393333,+1.17915010E+00
292,-3.13127000E-05,1558932844.7476668,+1.17915870E+00
293,-3.12193000E-05,1558932844.956,+1.17914290E+00
294,-3.16330000E-05,1558932845.1643333,+1.17915560E+00
295,-3.06453000E-05,1558932845.3726668,+1.17917050E+00
296,-3.17730000E-05,1558932845.581,+1.17916780E+00
297,-3.14395000E-05,1558932845.7893333,+1.17915900E+00
298,-3.09055000E-05,1558932845.9976668,+1.17916410E+00
299,-2.92504000E-05,1558932846.206,+1.17916160E+00
300,-3.11992000E-05,1558932849.695,+1.18940570E+00
301,-3.17865000E-05,1558932849.9033332,+1.19452290E+00
302,-3.11124000E-05,1558932850.1116667,+1.19452050E+00
303,-3.10323000E-05,1558932850.32,+1.21940470E+00
304,-3.19533000E-05,1558932850.5283332,+1.21942060E+00
305,-3.06519000E-05,1558932850.7366667,+1.21941530E+00
306,-3.12592000E-05,1558932850.945,+1.23592560E+00
307,-2.96308000E-05,1558932851.1533332,+1.23593360E+00
308,-2.93373000E-05,1558932851.3616667,+1.23595210E+00
309,-3.10658000E-05,1558932851.57,+1.25953690E+00
310,-3.12526000E-05,1558932851.7783332,+1.25956200E+00
311,-3.17931000E-05,1558932851.9866667,+1.25954750E+00
312,-3.16529000E-05,1558932852.195,+1.27607900E+00
313,-3.06987000E-05,1558932852.4033332,+1.27609220E+00
314,-3.20800000E-05,1558932852.6116667,+1.27609480E+00
315,-3.15529000E-05,1558932852.82,+1.27609350E+00
316,-3.17998000E-05,1558932853.0283332,+1.27608960E+00
317,-3.14528000E-05,1558932853.2366667,+1.27607500E+00
318,-2.98711000E-05,1558932853.445,+1.27608960E+00
319,-3.14127000E-05,1558932853.6533332,+1.27610280E+00
320,-3.13727000E-05,1558932853.8616667,+1.27611330E+00
321,-3.22070000E-05,1558932854.07,+1.27610810E+00
322,-3.14927000E-05,1558932854.2783332,+1.27610010E+00
323,-3.18665000E-05,1558932854.4866667,+1.27609750E+00
324,-3.18866000E-05,1558932854.695,+1.27608290E+00
325,-3.05252000E-05,1558932858.385,+1.27902790E+00
326,-3.12592000E-05,1558932858.5933332,+1.29962120E+00
327,-3.12727000E-05,1558932858.8016667,+1.29962250E+00
328,-3.18064000E-05,1558932859.01,+1.30211940E+00
329,-3.05985000E-05,1558932859.2183332,+1.31617120E+00
330,-2.98043000E-05,1558932859.4266667,+1.31618310E+00
331,-2.98912000E-05,1558932859.635,+1.31984840E+00
332,-3.07387000E-05,1558932859.8433332,+1.33155540E+00
333,-3.11592000E-05,1558932860.0516667,+1.33157920E+00
334,-3.19933000E-05,1558932860.26,+1.33804800E+00
335,-3.17197000E-05,1558932860.4683332,+1.35628860E+00
336,-3.15329000E-05,1558932860.6766667,+1.35627930E+00
337,-3.09323000E-05,1558932860.885,+1.36163120E+00
338,-3.12726000E-05,1558932861.0933332,+1.37163210E+00
339,-3.14128000E-05,1558932861.3016667,+1.37162950E+00
340,-3.11858000E-05,1558932861.51,+1.37163210E+00
341,-3.07120000E-05,1558932861.7183332,+1.37162950E+00
342,-3.04918000E-05,1558932861.9266667,+1.37164270E+00
343,-3.14995000E-05,1558932862.135,+1.37165060E+00
344,-3.21068000E-05,1558932862.3433332,+1.37165860E+00
345,-3.14861000E-05,1558932862.5516667,+1.37165060E+00
346,-3.03849000E-05,1558932862.76,+1.37166650E+00
347,-3.08789000E-05,1558932862.9683332,+1.37165720E+00
348,-3.07320000E-05,1558932863.1766667,+1.37166120E+00
349,-3.01715000E-05,1558932863.385,+1.37166120E+00
350,-3.00514000E-05,1558932866.894,+1.38793360E+00
351,-3.17397000E-05,1558932867.1023333,+1.39641950E+00
352,-3.20868000E-05,1558932867.3106668,+1.39642740E+00
353,-3.09990000E-05,1558932867.519,+1.40689330E+00
354,-3.15863000E-05,1558932867.7273333,+1.41176930E+00
355,-3.08188000E-05,1558932867.9356668,+1.41176400E+00
356,-2.99179000E-05,1558932868.144,+1.43083470E+00
357,-2.91437000E-05,1558932868.3523333,+1.43648000E+00
358,-2.89167000E-05,1558932868.5606668,+1.43648000E+00
359,-3.09789000E-05,1558932868.769,+1.44870650E+00
360,-3.04517000E-05,1558932868.9773333,+1.45183780E+00
361,-3.03784000E-05,1558932869.1856668,+1.45182450E+00
362,-2.98111000E-05,1558932869.394,+1.46645670E+00
363,-2.74353000E-05,1558932869.6023333,+1.46838390E+00
364,-2.71616000E-05,1558932869.8106668,+1.46839050E+00
365,-2.93506000E-05,1558932870.019,+1.46839850E+00
366,-2.95776000E-05,1558932870.2273333,+1.46839850E+00
367,-2.97042000E-05,1558932870.4356668,+1.46838660E+00
368,-3.00847000E-05,1558932870.644,+1.46838920E+00
369,-3.01047000E-05,1558932870.8523333,+1.46839450E+00
370,-2.94306000E-05,1558932871.0606668,+1.46839710E+00
371,-2.92638000E-05,1558932871.269,+1.46840110E+00
372,-2.82629000E-05,1558932871.4773333,+1.46839580E+00
373,-2.85029000E-05,1558932871.6856668,+1.46840110E+00
374,-2.84963000E-05,1558932871.894,+1.46839980E+00
375,-2.79225000E-05,1558932875.495,+1.48452420E+00
376,-2.76956000E-05,1558932875.7033331,+1.49197510E+00
377,-2.71950000E-05,1558932875.9116666,+1.49197240E+00
378,-2.76089000E-05,1558932876.12,+1.50374820E+00
379,-2.69213000E-05,1558932876.3283331,+1.50854090E+00
380,-2.80693000E-05,1558932876.5366666,+1.50855810E+00
381,-2.81761000E-05,1558932876.745,+1.52592500E+00
382,-2.91837000E-05,1558932876.9533331,+1.53214660E+00
383,-2.89101000E-05,1558932877.1616666,+1.53214930E+00
384,-2.86633000E-05,1558932877.37,+1.54574110E+00
385,-2.83228000E-05,1558932877.5783331,+1.54867550E+00
386,-2.85632000E-05,1558932877.7866666,+1.54867680E+00
387,-2.86499000E-05,1558932877.995,+1.56867400E+00
388,-2.73419000E-05,1558932878.2033331,+1.57229170E+00
389,-2.82093000E-05,1558932878.4116666,+1.57228380E+00
390,-2.80693000E-05,1558932878.62,+1.57231290E+00
391,-2.65611000E-05,1558932878.8283331,+1.57231550E+00
392,-2.72551000E-05,1558932879.0366666,+1.57231820E+00
393,-2.73218000E-05,1558932879.245,+1.57231290E+00
394,-2.87366000E-05,1558932879.4533331,+1.57231550E+00
395,-2.84630000E-05,1558932879.6616666,+1.57230490E+00
396,-2.82427000E-05,1558932879.87,+1.57229970E+00
397,-2.73419000E-05,1558932880.0783331,+1.57229970E+00
398,-2.76621000E-05,1558932880.2866666,+1.57228910E+00
399,-2.72417000E-05,1558932880.495,+1.57229170E+00
400,-2.78825000E-05,1558932884.094,+1.58299840E+00
401,-2.70882000E-05,1558932884.3023334,+1.58877980E+00
402,-2.87232000E-05,1558932884.5106668,+1.58877850E+00
403,-2.84364000E-05,1558932884.719,+1.60096270E+00
404,-2.69081000E-05,1558932884.9273334,+1.60526110E+00
405,-2.68414000E-05,1558932885.1356668,+1.60527960E+00
406,-2.76354000E-05,1558932885.344,+1.62335500E+00
407,-2.69681000E-05,1558932885.5523334,+1.62894480E+00
408,-2.75620000E-05,1558932885.7606668,+1.62895400E+00
409,-2.79892000E-05,1558932885.969,+1.64198410E+00
410,-2.78624000E-05,1558932886.1773334,+1.64546440E+00
411,-2.86299000E-05,1558932886.3856668,+1.64544720E+00
412,-2.77822000E-05,1558932886.594,+1.66612910E+00
413,-2.77555000E-05,1558932886.8023334,+1.66900660E+00
414,-2.82427000E-05,1558932887.0106668,+1.66901590E+00
415,-2.81227000E-05,1558932887.219,+1.66904230E+00
416,-2.87565000E-05,1558932887.4273334,+1.66904360E+00
417,-2.78958000E-05,1558932887.6356668,+1.66902250E+00
418,-2.82961000E-05,1558932887.844,+1.66901980E+00
419,-2.83229000E-05,1558932888.0523334,+1.66903440E+00
420,-2.81559000E-05,1558932888.2606668,+1.66903970E+00
421,-2.73486000E-05,1558932888.469,+1.66902910E+00
422,-2.72218000E-05,1558932888.6773334,+1.66902780E+00
423,-2.81160000E-05,1558932888.8856668,+1.66902250E+00
424,-2.80225000E-05,1558932889.094,+1.66901850E+00
425,-2.78691000E-05,1558932892.695,+1.68017840E+00
426,-2.82360000E-05,1558932892.9033332,+1.68552770E+00
427,-2.70949000E-05,1558932893.1116667,+1.68554620E+00
428,-2.74087000E-05,1558932893.32,+1.70210810E+00
429,-2.74687000E-05,1558932893.5283332,+1.70915180E+00
430,-2.73551000E-05,1558932893.7366667,+1.70914650E+00
431,-2.78223000E-05,1558932893.945,+1.72215680E+00
432,-2.79958000E-05,1558932894.1533332,+1.72564900E+00
433,-2.93506000E-05,1558932894.3616667,+1.72564370E+00
434,-2.96910000E-05,1558932894.57,+1.73810020E+00
435,-2.87832000E-05,1558932894.7783332,+1.74097240E+00
436,-2.85097000E-05,1558932894.9866667,+1.74097500E+00
437,-2.73351000E-05,1558932895.195,+1.76177320E+00
438,-2.71483000E-05,1558932895.4033332,+1.76575440E+00
439,-2.83162000E-05,1558932895.6116667,+1.76576240E+00
440,-2.73419000E-05,1558932895.82,+1.76576240E+00
441,-2.73886000E-05,1558932896.0283332,+1.76575440E+00
442,-2.73752000E-05,1558932896.2366667,+1.76576770E+00
443,-2.73485000E-05,1558932896.445,+1.76575440E+00
444,-2.76287000E-05,1558932896.6533332,+1.76575970E+00
445,-2.94239000E-05,1558932896.8616667,+1.76574120E+00
446,-2.92038000E-05,1558932897.07,+1.76573070E+00
447,-2.83229000E-05,1558932897.2783332,+1.76573330E+00
448,-2.82295000E-05,1558932897.4866667,+1.76574120E+00
449,-2.85030000E-05,1558932897.695,+1.76573590E+00
450,-2.80293000E-05,1558932901.294,+1.77556600E+00
451,-2.89167000E-05,1558932901.5023332,+1.78108450E+00
452,-2.94106000E-05,1558932901.7106667,+1.78108840E+00
453,-2.76287000E-05,1558932901.919,+1.79918790E+00
454,-2.76289000E-05,1558932902.1273332,+1.80589460E+00
455,-2.81426000E-05,1558932902.3356667,+1.80589990E+00
456,-2.86698000E-05,1558932902.544,+1.81837480E+00
457,-2.80960000E-05,1558932902.7523332,+1.82243010E+00
458,-2.75353000E-05,1558932902.9606667,+1.82242740E+00
459,-2.82562000E-05,1558932903.169,+1.84228060E+00
460,-2.80692000E-05,1558932903.3773332,+1.84602120E+00
461,-2.75354000E-05,1558932903.5856667,+1.84600270E+00
462,-2.76555000E-05,1558932903.794,+1.86028060E+00
463,-2.85230000E-05,1558932904.0023332,+1.86251440E+00
464,-2.82227000E-05,1558932904.2106667,+1.86253550E+00
465,-2.75021000E-05,1558932904.419,+1.86252230E+00
466,-2.68547000E-05,1558932904.6273332,+1.86253680E+00
467,-2.76356000E-05,1558932904.8356667,+1.86253820E+00
468,-2.80226000E-05,1558932905.044,+1.86254610E+00
469,-2.83896000E-05,1558932905.2523332,+1.86254870E+00
470,-2.87701000E-05,1558932905.4606667,+1.86253820E+00
471,-2.81227000E-05,1558932905.669,+1.86253680E+00
472,-2.78291000E-05,1558932905.8773332,+1.86252100E+00
473,-2.77956000E-05,1558932906.0856667,+1.86251970E+00
474,-2.76555000E-05,1558932906.294,+1.86253020E+00
475,-2.86900000E-05,1558932909.895,+1.87829250E+00
476,-2.78356000E-05,1558932910.1033332,+1.88610820E+00
477,-2.85632000E-05,1558932910.3116667,+1.88608960E+00
478,-2.81627000E-05,1558932910.52,+1.89751400E+00
479,-2.83495000E-05,1558932910.7283332,+1.90259100E+00
480,-2.80225000E-05,1558932910.9366667,+1.90259230E+00
481,-2.74019000E-05,1558932911.145,+1.91458610E+00
482,-2.79158000E-05,1558932911.3533332,+1.91795270E+00
483,-2.78757000E-05,1558932911.5616667,+1.91793420E+00
484,-2.77956000E-05,1558932911.77,+1.93795120E+00
485,-2.76154000E-05,1558932911.9783332,+1.94273870E+00
486,-2.74820000E-05,1558932912.1866667,+1.94273080E+00
487,-2.75421000E-05,1558932912.395,+1.95642310E+00
488,-2.79958000E-05,1558932912.6033332,+1.95803970E+00
489,-2.75486000E-05,1558932912.8116667,+1.95805820E+00
490,-2.80827000E-05,1558932913.02,+1.95805820E+00
491,-2.83096000E-05,1558932913.2283332,+1.95806080E+00
492,-2.97910000E-05,1558932913.4366667,+1.95805290E+00
493,-2.93173000E-05,1558932913.645,+1.95806080E+00
494,-3.04249000E-05,1558932913.8533332,+1.95804630E+00
495,-2.94574000E-05,1558932914.0616667,+1.95804230E+00
496,-2.73084000E-05,1558932914.27,+1.95803700E+00
497,-2.74353000E-05,1558932914.4783332,+1.95804100E+00
498,-2.78023000E-05,1558932914.6866667,+1.95804230E+00
499,-2.79757000E-05,1558932914.895,+1.95804490E+00
500,-2.70882000E-05,1558932918.494,+1.97369090E+00
501,-2.76755000E-05,1558932918.7023332,+1.98280320E+00
502,-2.76355000E-05,1558932918.9106667,+1.98281780E+00
503,-2.81494000E-05,1558932919.119,+1.99388930E+00
504,-2.82295000E-05,1558932919.3273332,+1.99816520E+00
505,-2.76489000E-05,1558932919.5356667,+1.99816920E+00
506,-2.72085000E-05,1558932919.744,+2.02878030E+00
507,-2.79424000E-05,1558932919.9523332,+2.02800440E+00
508,-2.75688000E-05,1558932920.1606667,+2.02793310E+00
509,-2.73419000E-05,1558932920.369,+2.04435490E+00
510,-2.86098000E-05,1558932920.5773332,+2.04432840E+00
511,-2.79558000E-05,1558932920.7856667,+2.04431790E+00
512,-2.85765000E-05,1558932920.994,+2.06080050E+00
513,-2.85831000E-05,1558932921.2023332,+2.06078590E+00
514,-2.84362000E-05,1558932921.4106667,+2.06079650E+00
515,-2.83428000E-05,1558932921.619,+2.06077930E+00
516,-2.82361000E-05,1558932921.8273332,+2.06079650E+00
517,-2.75754000E-05,1558932922.0356667,+2.06080440E+00
518,-2.74220000E-05,1558932922.244,+2.06081500E+00
519,-2.83963000E-05,1558932922.4523332,+2.06083480E+00
520,-2.92838000E-05,1558932922.6606667,+2.06082290E+00
521,-3.05652000E-05,1558932922.869,+2.06083480E+00
522,-3.01114000E-05,1558932923.0773332,+2.06080180E+00
523,-2.78491000E-05,1558932923.2856667,+2.06078200E+00
524,-2.71816000E-05,1558932923.494,+2.06078860E+00
525,-2.87968000E-05,1558932927.19,+2.06283070E+00
526,-2.95709000E-05,1558932927.3983333,+2.08436780E+00
527,-2.89568000E-05,1558932927.6066668,+2.08435720E+00
528,-2.82829000E-05,1558932927.815,+2.08617070E+00
529,-2.73952000E-05,1558932928.0233333,+2.10072230E+00
530,-2.80893000E-05,1558932928.2316668,+2.10075930E+00
531,-3.00247000E-05,1558932928.44,+2.10546350E+00
532,-3.17330000E-05,1558932928.6483333,+2.12437290E+00
533,-3.14795000E-05,1558932928.8566668,+2.12438880E+00
534,-3.12793000E-05,1558932929.065,+2.12805670E+00
535,-3.17463000E-05,1558932929.2733333,+2.14085290E+00
536,-3.16729000E-05,1558932929.4816668,+2.14085160E+00
537,-3.08120000E-05,1558932929.69,+2.14817290E+00
538,-2.98711000E-05,1558932929.8983333,+2.16445720E+00
539,-2.85298000E-05,1558932930.1066668,+2.16442550E+00
540,-2.80093000E-05,1558932930.315,+2.16443340E+00
541,-2.83429000E-05,1558932930.5233333,+2.16443480E+00
542,-2.99446000E-05,1558932930.7316668,+2.16445460E+00
543,-3.17664000E-05,1558932930.94,+2.16444930E+00
544,-3.18666000E-05,1558932931.1483333,+2.16444670E+00
545,-3.17664000E-05,1558932931.3566668,+2.16444670E+00
546,-3.14994000E-05,1558932931.565,+2.16442820E+00
547,-3.20334000E-05,1558932931.7733333,+2.16443610E+00
548,-3.14994000E-05,1558932931.9816668,+2.16444270E+00
549,-3.17531000E-05,1558932932.19,+2.16445330E+00
550,-2.86232000E-05,1558932935.694,+2.17569770E+00
551,-2.92839000E-05,1558932935.9023333,+2.18095170E+00
552,-2.96375000E-05,1558932936.1106668,+2.18092790E+00
553,-3.00113000E-05,1558932936.319,+2.19265080E+00
554,-3.14327000E-05,1558932936.5273333,+2.19744760E+00
555,-3.19000000E-05,1558932936.7356668,+2.19747800E+00
556,-3.01715000E-05,1558932936.944,+2.21473950E+00
557,-3.08254000E-05,1558932937.1523333,+2.22099420E+00
558,-3.08788000E-05,1558932937.3606668,+2.22099420E+00
559,-3.15262000E-05,1558932937.569,+2.23455700E+00
560,-3.08387000E-05,1558932937.7773333,+2.23751380E+00
561,-3.00980000E-05,1558932937.9856668,+2.23753760E+00
562,-3.02383000E-05,1558932938.194,+2.25736160E+00
563,-2.96242000E-05,1558932938.4023333,+2.26100970E+00
564,-3.02915000E-05,1558932938.6106668,+2.26100710E+00
565,-3.13594000E-05,1558932938.819,+2.26100310E+00
566,-3.09655000E-05,1558932939.0273333,+2.26098460E+00
567,-3.16328000E-05,1558932939.2356668,+2.26099920E+00
568,-3.12793000E-05,1558932939.444,+2.26097410E+00
569,-3.13526000E-05,1558932939.6523333,+2.26096080E+00
570,-3.10391000E-05,1558932939.8606668,+2.26096480E+00
571,-3.08655000E-05,1558932940.069,+2.26098330E+00
572,-3.16531000E-05,1558932940.2773333,+2.26099920E+00
573,-3.13459000E-05,1558932940.4856668,+2.26095950E+00
574,-3.10658000E-05,1558932940.694,+2.26096750E+00
575,-2.95108000E-05,1558932944.295,+2.27168710E+00
576,-2.99045000E-05,1558932944.5033333,+2.27754390E+00
577,-3.11524000E-05,1558932944.7116668,+2.27752670E+00
578,-3.08188000E-05,1558932944.92,+2.29479710E+00
579,-3.03383000E-05,1558932945.1283333,+2.30105180E+00
580,-2.98444000E-05,1558932945.3366668,+2.30102800E+00
581,-2.99445000E-05,1558932945.545,+2.31359960E+00
582,-3.05852000E-05,1558932945.7533333,+2.31755310E+00
583,-3.00580000E-05,1558932945.9616668,+2.31754650E+00
584,-3.09657000E-05,1558932946.17,+2.33055680E+00
585,-3.15128000E-05,1558932946.3783333,+2.33411100E+00
586,-3.11191000E-05,1558932946.5866668,+2.33410570E+00
587,-3.09924000E-05,1558932946.795,+2.35472820E+00
588,-3.09390000E-05,1558932947.0033333,+2.35772860E+00
589,-3.07052000E-05,1558932947.2116668,+2.35772070E+00
590,-3.07921000E-05,1558932947.42,+2.35771270E+00
591,-3.08188000E-05,1558932947.6283333,+2.35769030E+00
592,-3.09723000E-05,1558932947.8366668,+2.35769820E+00
593,-3.15463000E-05,1558932948.045,+2.35767310E+00
594,-3.10056000E-05,1558932948.2533333,+2.35769560E+00
595,-3.02314000E-05,1558932948.4616668,+2.35771140E+00
596,-3.04784000E-05,1558932948.67,+2.35770740E+00
597,-3.10791000E-05,1558932948.8783333,+2.35770610E+00
598,-3.11859000E-05,1558932949.0866668,+2.35770350E+00
599,-3.10323000E-05,1558932949.295,+2.35773390E+00
