,SQUID_Volt(V),timestamp,Temp(V),MOD_CURR(A),SQUID_Curr(A)
0,-2.83225000E-05,1558931107.139,+1.57058880E+00,+1.10709000E-04,+5.08973100E-03
1,-2.83959000E-05,1558931107.3473332,+1.57058880E+00,+1.10577000E-04,+5.09003000E-03
2,-2.89631000E-05,1558931107.5556667,+1.57058010E+00,+1.35702000E-03,+5.09017300E-03
3,-2.87497000E-05,1558931107.764,+1.57058010E+00,+1.95831450E-02,+5.09008200E-03
4,-2.96372000E-05,1558931107.9723332,+1.57058010E+00,+1.95854290E-02,+5.09014700E-03
5,-2.96440000E-05,1558931108.1806667,+1.57058500E+00,+1.94315910E-02,+5.09066700E-03
6,-2.97573000E-05,1558931108.389,+1.57058260E+00,+3.89471780E-02,+5.09001700E-03
7,-2.95772000E-05,1558931108.5973332,+1.57058880E+00,+3.89563000E-02,+5.09038100E-03
8,-2.91434000E-05,1558931108.8056667,+1.57059250E+00,+4.23688210E-02,+5.09056300E-03
9,-2.83758000E-05,1558931109.014,+1.57058880E+00,+5.84292540E-02,+5.09043300E-03
10,-2.85094000E-05,1558931109.2223332,+1.57058880E+00,+5.84293460E-02,+5.09056300E-03
11,-2.91701000E-05,1558931109.4306667,+1.57059000E+00,+5.50722840E-02,+5.09087500E-03
12,-2.84493000E-05,1558931109.639,+1.57059120E+00,+7.82725900E-02,+5.09062800E-03
13,-2.85762000E-05,1558931109.8473332,+1.57059120E+00,+7.82770390E-02,+5.09068000E-03
14,-2.86029000E-05,1558931110.0556667,+1.57059250E+00,+7.82795210E-02,+5.09012100E-03
15,-2.89165000E-05,1558931110.264,+1.57059250E+00,+7.82806560E-02,+5.09014700E-03
16,-2.90767000E-05,1558931110.4723332,+1.57059620E+00,+7.82811310E-02,+5.09017300E-03
17,-2.99777000E-05,1558931110.6806667,+1.57059500E+00,+7.82826230E-02,+5.09039400E-03
18,-3.03981000E-05,1558931110.889,+1.57059250E+00,+7.82835080E-02,+5.09057600E-03
19,-2.99041000E-05,1558931111.0973332,+1.57059250E+00,+7.82845370E-02,+5.09047200E-03
20,-2.91368000E-05,1558931111.3056667,+1.57059000E+00,+7.82840360E-02,+5.09014700E-03
21,-2.85695000E-05,1558931111.514,+1.57059250E+00,+7.82855140E-02,+5.09039400E-03
22,-2.94437000E-05,1558931111.7223332,+1.57059500E+00,+7.82857650E-02,+5.08996500E-03
23,-3.00109000E-05,1558931111.9306667,+1.57059500E+00,+7.82807620E-02,+5.09016000E-03
24,-2.97174000E-05,1558931112.139,+1.57059500E+00,+7.82904780E-02,+5.09021200E-03
25,-3.00644000E-05,1558931115.799,+1.57058750E+00,+8.14577140E-02,+5.08988700E-03
26,-3.03780000E-05,1558931116.0073333,+1.57059370E+00,+9.80608110E-02,+5.09009500E-03
27,-3.02713000E-05,1558931116.2156668,+1.57059000E+00,+9.80571810E-02,+5.09026400E-03
28,-3.02980000E-05,1558931116.424,+1.57059250E+00,+1.01593820E-01,+5.09051100E-03
29,-2.94104000E-05,1558931116.6323333,+1.57059120E+00,+1.17222230E-01,+5.09001700E-03
30,-2.88298000E-05,1558931116.8406668,+1.57059120E+00,+1.17225550E-01,+5.09034200E-03
31,-2.88964000E-05,1558931117.049,+1.57059120E+00,+1.03411660E-01,+5.09056300E-03
32,-2.95572000E-05,1558931117.2573333,+1.57059000E+00,+1.36917650E-01,+5.09039400E-03
33,-2.95238000E-05,1558931117.4656668,+1.57057640E+00,+1.36913290E-01,+5.08975700E-03
34,-2.98442000E-05,1558931117.674,+1.57058380E+00,+1.47847350E-01,+5.09032900E-03
35,-2.93837000E-05,1558931117.8823333,+1.57060360E+00,+1.56988920E-01,+5.09043300E-03
36,-2.98308000E-05,1558931118.0906668,+1.57061110E+00,+1.56990110E-01,+5.09056300E-03
37,-3.02845000E-05,1558931118.299,+1.57061110E+00,+1.67910850E-01,+5.09035500E-03
38,-3.02379000E-05,1558931118.5073333,+1.57061110E+00,+1.76150770E-01,+5.09065400E-03
39,-3.06917000E-05,1558931118.7156668,+1.57061350E+00,+1.76152220E-01,+5.09061500E-03
40,-3.11587000E-05,1558931118.924,+1.57061480E+00,+1.76155660E-01,+5.09026400E-03
41,-3.09786000E-05,1558931119.1323333,+1.57061480E+00,+1.76154730E-01,+5.09017300E-03
42,-2.99175000E-05,1558931119.3406668,+1.57059990E+00,+1.76155390E-01,+5.09005600E-03
43,-2.98041000E-05,1558931119.549,+1.57060610E+00,+1.76153280E-01,+5.09029000E-03
44,-2.97440000E-05,1558931119.7573333,+1.57060610E+00,+1.76155000E-01,+5.09004300E-03
45,-2.99109000E-05,1558931119.9656668,+1.57060120E+00,+1.76156720E-01,+5.09042000E-03
46,-3.07184000E-05,1558931120.174,+1.57061230E+00,+1.76155390E-01,+5.09006900E-03
47,-3.05915000E-05,1558931120.3823333,+1.57061110E+00,+1.76158170E-01,+5.09009500E-03
48,-3.00978000E-05,1558931120.5906668,+1.57060120E+00,+1.76158040E-01,+5.09045900E-03
49,-2.99376000E-05,1558931120.799,+1.57061110E+00,+1.76160020E-01,+5.08990000E-03
50,-2.95237000E-05,1558931124.4,+1.57061600E+00,+1.78572060E-01,+5.08977000E-03
51,-2.97039000E-05,1558931124.6083333,+1.57060980E+00,+1.95334960E-01,+5.08991300E-03
52,-2.96440000E-05,1558931124.8166668,+1.57061600E+00,+1.95341300E-01,+5.09013400E-03
53,-3.03379000E-05,1558931125.025,+1.57059740E+00,+1.99604190E-01,+5.08990000E-03
54,-2.94505000E-05,1558931125.2333333,+1.57059740E+00,+2.15380510E-01,+5.08969200E-03
55,-2.95239000E-05,1558931125.4416668,+1.57060610E+00,+2.15388700E-01,+5.09012100E-03
56,-2.96372000E-05,1558931125.65,+1.57059740E+00,+2.19924020E-01,+5.08995200E-03
57,-3.02044000E-05,1558931125.8583333,+1.57059990E+00,+2.34558370E-01,+5.08949700E-03
58,-3.00644000E-05,1558931126.0666668,+1.57059990E+00,+2.34562070E-01,+5.08984800E-03
59,-2.99843000E-05,1558931126.275,+1.57060360E+00,+2.54421920E-01,+5.08978300E-03
60,-3.05716000E-05,1558931126.4833333,+1.57060360E+00,+2.54377550E-01,+5.08980900E-03
61,-2.97707000E-05,1558931126.6916668,+1.57059990E+00,+2.54382040E-01,+5.08980900E-03
62,-3.00711000E-05,1558931126.9,+1.57060120E+00,+2.74290110E-01,+5.09004300E-03
63,-3.00310000E-05,1558931127.1083333,+1.57060120E+00,+2.74298040E-01,+5.08960100E-03
64,-3.08784000E-05,1558931127.3166668,+1.57059870E+00,+2.74303190E-01,+5.08978300E-03
65,-2.90167000E-05,1558931127.525,+1.57059870E+00,+2.74306750E-01,+5.08993900E-03
66,-3.08986000E-05,1558931127.7333333,+1.57059870E+00,+2.74309790E-01,+5.08983500E-03
67,-3.08119000E-05,1558931127.9416668,+1.57059990E+00,+2.74309920E-01,+5.09010800E-03
68,-3.06115000E-05,1558931128.15,+1.57059620E+00,+2.74314940E-01,+5.08931400E-03
69,-3.02845000E-05,1558931128.3583333,+1.57059990E+00,+2.74317850E-01,+5.08885900E-03
70,-3.00244000E-05,1558931128.5666668,+1.57059990E+00,+2.74319430E-01,+5.09014700E-03
71,-3.11655000E-05,1558931128.775,+1.57059370E+00,+2.74324190E-01,+5.08957500E-03
72,-3.00444000E-05,1558931128.9833333,+1.57059000E+00,+2.74322860E-01,+5.08986100E-03
73,-3.08119000E-05,1558931129.1916668,+1.57058630E+00,+2.74328020E-01,+5.08974400E-03
74,-3.04114000E-05,1558931129.4,+1.57058500E+00,+2.74328540E-01,+5.08969200E-03
75,-2.99576000E-05,1558931133.121,+1.57059000E+00,+2.85723670E-01,+5.08953600E-03
76,-2.99443000E-05,1558931133.3293333,+1.57058880E+00,+2.93656970E-01,+5.08956200E-03
77,-3.00644000E-05,1558931133.5376668,+1.57058880E+00,+2.93658290E-01,+5.08957500E-03
78,-3.10054000E-05,1558931133.746,+1.57059250E+00,+3.06572500E-01,+5.08905400E-03
79,-3.07718000E-05,1558931133.9543333,+1.57059500E+00,+3.12729790E-01,+5.08949700E-03
80,-3.08317000E-05,1558931134.1626668,+1.57059250E+00,+3.12734280E-01,+5.08957500E-03
81,-3.10587000E-05,1558931134.371,+1.57058880E+00,+3.26718690E-01,+5.08941900E-03
82,-3.09319000E-05,1558931134.5793333,+1.57059120E+00,+3.32653180E-01,+5.08962700E-03
83,-3.10121000E-05,1558931134.7876668,+1.57059000E+00,+3.32655290E-01,+5.08931400E-03
84,-3.15126000E-05,1558931134.996,+1.57059000E+00,+3.47927000E-01,+5.08964000E-03
85,-3.07184000E-05,1558931135.2043333,+1.57059500E+00,+3.51986210E-01,+5.08936600E-03
86,-3.06182000E-05,1558931135.4126668,+1.57059120E+00,+3.51993600E-01,+5.08918400E-03
87,-3.05850000E-05,1558931135.621,+1.57059620E+00,+3.67523000E-01,+5.08922300E-03
88,-3.07650000E-05,1558931135.8293333,+1.57059500E+00,+3.71045740E-01,+5.08900200E-03
89,-3.04981000E-05,1558931136.0376668,+1.57059500E+00,+3.71047320E-01,+5.08926200E-03
90,-3.05114000E-05,1558931136.246,+1.57059870E+00,+3.71052340E-01,+5.08931400E-03
91,-3.10119000E-05,1558931136.4543333,+1.57060360E+00,+3.71048510E-01,+5.08928800E-03
92,-3.12857000E-05,1558931136.6626668,+1.57059740E+00,+3.71054190E-01,+5.08937900E-03
93,-3.07985000E-05,1558931136.871,+1.57060240E+00,+3.71050890E-01,+5.08948400E-03
94,-3.09654000E-05,1558931137.0793333,+1.57060120E+00,+3.71051290E-01,+5.08913200E-03
95,-3.05850000E-05,1558931137.2876668,+1.57059990E+00,+3.71052080E-01,+5.08975700E-03
96,-3.10388000E-05,1558931137.496,+1.57059620E+00,+3.71057360E-01,+5.08913200E-03
97,-3.10920000E-05,1558931137.7043333,+1.57059250E+00,+3.71057230E-01,+5.08936600E-03
98,-3.08786000E-05,1558931137.9126668,+1.57059870E+00,+3.71054720E-01,+5.08910600E-03
99,-3.12857000E-05,1558931138.121,+1.57059740E+00,+3.71058950E-01,+5.08898900E-03
100,-3.18395000E-05,1558931141.8,+1.57059740E+00,+3.73155450E-01,+5.08923600E-03
101,-3.18394000E-05,1558931142.0083332,+1.57060490E+00,+3.90399650E-01,+5.08957500E-03
102,-3.19129000E-05,1558931142.2166667,+1.57059870E+00,+3.90404010E-01,+5.08932700E-03
103,-3.17927000E-05,1558931142.425,+1.57060120E+00,+3.94329030E-01,+5.08882000E-03
104,-3.14257000E-05,1558931142.6333332,+1.57060490E+00,+4.10319610E-01,+5.08921000E-03
105,-3.17194000E-05,1558931142.8416667,+1.57060120E+00,+4.10322910E-01,+5.08947100E-03
106,-3.17928000E-05,1558931143.05,+1.57059740E+00,+4.14598320E-01,+5.08923600E-03
107,-3.16459000E-05,1558931143.2583332,+1.57059740E+00,+4.29650120E-01,+5.08922300E-03
108,-3.22733000E-05,1558931143.4666667,+1.57059870E+00,+4.29654090E-01,+5.08941900E-03
109,-3.17794000E-05,1558931143.675,+1.57060120E+00,+4.35558230E-01,+5.08944500E-03
110,-3.19330000E-05,1558931143.8833332,+1.57060490E+00,+4.48693790E-01,+5.08965300E-03
111,-3.19531000E-05,1558931144.0916667,+1.57059620E+00,+4.48699340E-01,+5.08914500E-03
112,-3.13123000E-05,1558931144.3,+1.57059620E+00,+4.55459300E-01,+5.08954900E-03
113,-3.12323000E-05,1558931144.5083332,+1.57059620E+00,+4.68910410E-01,+5.08973100E-03
114,-3.19662000E-05,1558931144.7166667,+1.57060120E+00,+4.68910540E-01,+5.08967900E-03
115,-3.20330000E-05,1558931144.925,+1.57059990E+00,+4.68915030E-01,+5.08947100E-03
116,-3.19930000E-05,1558931145.1333332,+1.57059620E+00,+4.68913580E-01,+5.08954900E-03
117,-3.16194000E-05,1558931145.3416667,+1.57059620E+00,+4.68913980E-01,+5.08992600E-03
118,-3.12322000E-05,1558931145.55,+1.57059990E+00,+4.68916880E-01,+5.08960100E-03
119,-3.18595000E-05,1558931145.7583332,+1.57059740E+00,+4.68917670E-01,+5.08919700E-03
120,-3.18194000E-05,1558931145.9666667,+1.57060120E+00,+4.68920050E-01,+5.08961400E-03
121,-3.15325000E-05,1558931146.175,+1.57059870E+00,+4.68917940E-01,+5.08992600E-03
122,-3.18929000E-05,1558931146.3833332,+1.57059870E+00,+4.68922170E-01,+5.08960100E-03
123,-3.16527000E-05,1558931146.5916667,+1.57059990E+00,+4.68920050E-01,+5.09005600E-03
124,-3.16059000E-05,1558931146.8,+1.57059990E+00,+4.68919790E-01,+5.08980900E-03
125,-3.12656000E-05,1558931150.4,+1.57059370E+00,+4.71512210E-01,+5.08983500E-03
126,-3.15393000E-05,1558931150.6083333,+1.57059990E+00,+4.87946810E-01,+5.08937900E-03
127,-3.13456000E-05,1558931150.8166668,+1.57060240E+00,+4.87949190E-01,+5.08967900E-03
128,-3.23667000E-05,1558931151.025,+1.57060360E+00,+5.08781240E-01,+5.08931400E-03
129,-3.17128000E-05,1558931151.2333333,+1.57059990E+00,+5.08650230E-01,+5.08947100E-03
130,-2.99376000E-05,1558931151.4416668,+1.57060120E+00,+5.08639790E-01,+5.08952300E-03
131,-3.13658000E-05,1558931151.65,+1.57060240E+00,+5.28529920E-01,+5.08921000E-03
132,-3.16527000E-05,1558931151.8583333,+1.57059250E+00,+5.28536250E-01,+5.08904100E-03
133,-3.22799000E-05,1558931152.0666668,+1.57059250E+00,+5.28538370E-01,+5.08935300E-03
134,-3.19597000E-05,1558931152.275,+1.57059000E+00,+5.47860340E-01,+5.08918400E-03
135,-3.20531000E-05,1558931152.4833333,+1.57059250E+00,+5.47866810E-01,+5.08943200E-03
136,-3.20798000E-05,1558931152.6916668,+1.57059500E+00,+5.47873680E-01,+5.08914500E-03
137,-3.14324000E-05,1558931152.9,+1.57059370E+00,+5.67193920E-01,+5.08885900E-03
138,-3.20198000E-05,1558931153.1083333,+1.57059120E+00,+5.67203160E-01,+5.08949700E-03
139,-3.17994000E-05,1558931153.3166668,+1.57059250E+00,+5.67203430E-01,+5.08939200E-03
140,-3.21332000E-05,1558931153.525,+1.57059000E+00,+5.67209640E-01,+5.08967900E-03
141,-3.17061000E-05,1558931153.7333333,+1.57059000E+00,+5.67209240E-01,+5.08954900E-03
142,-3.12989000E-05,1558931153.9416668,+1.57059990E+00,+5.67213730E-01,+5.08957500E-03
143,-3.13256000E-05,1558931154.15,+1.57060120E+00,+5.67213990E-01,+5.08987400E-03
144,-3.10187000E-05,1558931154.3583333,+1.57059870E+00,+5.67220860E-01,+5.08986100E-03
145,-3.17328000E-05,1558931154.5666668,+1.57059000E+00,+5.67213730E-01,+5.08967900E-03
146,-3.19196000E-05,1558931154.775,+1.57059500E+00,+5.67220860E-01,+5.08947100E-03
147,-3.14992000E-05,1558931154.9833333,+1.57059990E+00,+5.67221260E-01,+5.08988700E-03
148,-3.19262000E-05,1558931155.1916668,+1.57059620E+00,+5.67225880E-01,+5.08954900E-03
149,-3.12322000E-05,1558931155.4,+1.57059870E+00,+5.67229450E-01,+5.08956200E-03
150,-3.14524000E-05,1558931159.138,+1.57059000E+00,+5.77954850E-01,+5.08924900E-03
151,-3.21466000E-05,1558931159.3463333,+1.57059370E+00,+5.87150570E-01,+5.08941900E-03
152,-3.14058000E-05,1558931159.5546668,+1.57060360E+00,+5.87153740E-01,+5.08921000E-03
153,-3.08119000E-05,1558931159.763,+1.57061110E+00,+5.98044140E-01,+5.08931400E-03
154,-3.17861000E-05,1558931159.9713333,+1.57059620E+00,+6.06529460E-01,+5.08944500E-03
155,-3.17127000E-05,1558931160.1796668,+1.57059500E+00,+6.06533820E-01,+5.08872900E-03
156,-3.16059000E-05,1558931160.388,+1.57059870E+00,+6.19106390E-01,+5.08904100E-03
157,-3.12056000E-05,1558931160.5963333,+1.57060360E+00,+6.25883620E-01,+5.08892400E-03
158,-3.13991000E-05,1558931160.8046668,+1.57060490E+00,+6.25887580E-01,+5.08874200E-03
159,-3.13724000E-05,1558931161.013,+1.57060490E+00,+6.39308970E-01,+5.08913200E-03
160,-3.16660000E-05,1558931161.2213333,+1.57060240E+00,+6.45788420E-01,+5.08941900E-03
161,-3.16060000E-05,1558931161.4296668,+1.57060360E+00,+6.45792520E-01,+5.08975700E-03
162,-3.10787000E-05,1558931161.638,+1.57060240E+00,+6.59312950E-01,+5.08974400E-03
163,-3.12857000E-05,1558931161.8463333,+1.57060730E+00,+6.65113430E-01,+5.08995200E-03
164,-3.14992000E-05,1558931162.0546668,+1.57060240E+00,+6.65116340E-01,+5.08949700E-03
165,-3.06784000E-05,1558931162.263,+1.57059870E+00,+6.65119510E-01,+5.08924900E-03
166,-3.11054000E-05,1558931162.4713333,+1.57059870E+00,+6.65123070E-01,+5.08962700E-03
167,-3.08119000E-05,1558931162.6796668,+1.57059870E+00,+6.65124520E-01,+5.08960100E-03
168,-3.15859000E-05,1558931162.888,+1.57060120E+00,+6.65129280E-01,+5.08986100E-03
169,-3.17794000E-05,1558931163.0963333,+1.57059990E+00,+6.65131790E-01,+5.09013400E-03
170,-3.18328000E-05,1558931163.3046668,+1.57059740E+00,+6.65137730E-01,+5.09035500E-03
171,-3.15526000E-05,1558931163.513,+1.57059990E+00,+6.65143670E-01,+5.08949700E-03
172,-3.13456000E-05,1558931163.7213333,+1.57059990E+00,+6.65151600E-01,+5.08983500E-03
173,-3.14459000E-05,1558931163.9296668,+1.57060490E+00,+6.65153980E-01,+5.09009500E-03
174,-3.19130000E-05,1558931164.138,+1.57060360E+00,+6.65159260E-01,+5.09006900E-03
175,-3.10654000E-05,1558931167.8,+1.57059370E+00,+6.67453870E-01,+5.09025100E-03
176,-3.14657000E-05,1558931168.0083332,+1.57059370E+00,+6.83893510E-01,+5.09035500E-03
177,-3.13791000E-05,1558931168.2166667,+1.57059120E+00,+6.83897470E-01,+5.09073200E-03
178,-3.08386000E-05,1558931168.425,+1.57058880E+00,+6.88073830E-01,+5.09074500E-03
179,-3.09520000E-05,1558931168.6333332,+1.57058880E+00,+7.03835400E-01,+5.09042000E-03
180,-3.13724000E-05,1558931168.8416667,+1.57058880E+00,+7.03830780E-01,+5.09039400E-03
181,-3.13123000E-05,1558931169.05,+1.57058630E+00,+7.08342860E-01,+5.09045900E-03
182,-3.14992000E-05,1558931169.2583332,+1.57058500E+00,+7.23182430E-01,+5.09086200E-03
183,-3.13524000E-05,1558931169.4666667,+1.57058130E+00,+7.23189430E-01,+5.09044600E-03
184,-3.16393000E-05,1558931169.675,+1.57057510E+00,+7.29394150E-01,+5.09068000E-03
185,-3.14926000E-05,1558931169.8833332,+1.57056770E+00,+7.42514690E-01,+5.09053700E-03
186,-3.15059000E-05,1558931170.0916667,+1.57056890E+00,+7.42522220E-01,+5.09021200E-03
187,-3.06650000E-05,1558931170.3,+1.57057390E+00,+7.49437900E-01,+5.09079700E-03
188,-3.15459000E-05,1558931170.5083332,+1.57057640E+00,+7.62466490E-01,+5.09075800E-03
189,-3.12923000E-05,1558931170.7166667,+1.57057390E+00,+7.62474150E-01,+5.09096600E-03
190,-3.10186000E-05,1558931170.925,+1.57057760E+00,+7.62478900E-01,+5.09092700E-03
191,-3.14458000E-05,1558931171.1333332,+1.57058010E+00,+7.62483390E-01,+5.09095300E-03
192,-3.13524000E-05,1558931171.3416667,+1.57057510E+00,+7.62490260E-01,+5.09114800E-03
193,-3.15392000E-05,1558931171.55,+1.57057510E+00,+7.62495540E-01,+5.09112200E-03
194,-3.10920000E-05,1558931171.7583332,+1.57058260E+00,+7.62494750E-01,+5.09086200E-03
195,-3.10787000E-05,1558931171.9666667,+1.57057760E+00,+7.62494620E-01,+5.09096600E-03
196,-3.04180000E-05,1558931172.175,+1.57058500E+00,+7.62496070E-01,+5.09104400E-03
197,-3.04848000E-05,1558931172.3833332,+1.57057390E+00,+7.62494350E-01,+5.09090100E-03
198,-3.04180000E-05,1558931172.5916667,+1.57057510E+00,+7.62497520E-01,+5.09052400E-03
199,-3.10254000E-05,1558931172.8,+1.57057880E+00,+7.62498980E-01,+5.09086200E-03
200,-3.11321000E-05,1558931176.401,+1.57057260E+00,+7.65381300E-01,+5.09083600E-03
201,-3.06449000E-05,1558931176.6093333,+1.57057510E+00,+7.81850810E-01,+5.09064100E-03
202,-3.01378000E-05,1558931176.8176668,+1.57056890E+00,+7.81855820E-01,+5.09048500E-03
203,-3.05982000E-05,1558931177.026,+1.57056520E+00,+7.85216380E-01,+5.09065400E-03
204,-3.05181000E-05,1558931177.2343333,+1.57057140E+00,+8.01165910E-01,+5.09113500E-03
205,-3.05849000E-05,1558931177.4426668,+1.57057640E+00,+8.01173040E-01,+5.09130400E-03
206,-3.07317000E-05,1558931177.651,+1.57057390E+00,+8.05926020E-01,+5.09083600E-03
207,-3.02578000E-05,1558931177.8593333,+1.57057260E+00,+8.19353380E-01,+5.09090100E-03
208,-2.96706000E-05,1558931178.0676668,+1.57057020E+00,+8.19364870E-01,+5.09125200E-03
209,-3.03513000E-05,1558931178.276,+1.57057640E+00,+8.26225440E-01,+5.09120000E-03
210,-3.05648000E-05,1558931178.4843333,+1.57057510E+00,+8.43361740E-01,+5.09079700E-03
211,-3.06450000E-05,1558931178.6926668,+1.57058750E+00,+8.43370460E-01,+5.09079700E-03
212,-3.05850000E-05,1558931178.901,+1.57058880E+00,+8.49290420E-01,+5.09075800E-03
213,-3.07785000E-05,1558931179.1093333,+1.57059500E+00,+8.59197930E-01,+5.09081000E-03
214,-3.05716000E-05,1558931179.3176668,+1.57059120E+00,+8.59200300E-01,+5.09117400E-03
215,-3.03848000E-05,1558931179.526,+1.57059120E+00,+8.59210470E-01,+5.09138200E-03
216,-2.98575000E-05,1558931179.7343333,+1.57059990E+00,+8.59215890E-01,+5.09110900E-03
217,-3.02313000E-05,1558931179.9426668,+1.57061230E+00,+8.59218260E-01,+5.09095300E-03
218,-3.05448000E-05,1558931180.151,+1.57061110E+00,+8.59217870E-01,+5.09131700E-03
219,-3.07184000E-05,1558931180.3593333,+1.57060730E+00,+8.59212720E-01,+5.09122600E-03
220,-2.98774000E-05,1558931180.5676668,+1.57060860E+00,+8.59217340E-01,+5.09087500E-03
221,-3.02780000E-05,1558931180.776,+1.57059990E+00,+8.59216940E-01,+5.09120000E-03
222,-3.03112000E-05,1558931180.9843333,+1.57059620E+00,+8.59206510E-01,+5.09143400E-03
223,-3.06651000E-05,1558931181.1926668,+1.57059120E+00,+8.59209810E-01,+5.09114800E-03
224,-3.02578000E-05,1558931181.401,+1.57059120E+00,+8.59213510E-01,+5.09087500E-03
225,-3.00777000E-05,1558931185.0,+1.57059500E+00,+8.61040480E-01,+5.09117400E-03
226,-2.99243000E-05,1558931185.2083333,+1.57059370E+00,+8.75617860E-01,+5.09079700E-03
227,-3.02580000E-05,1558931185.4166667,+1.57059740E+00,+8.75621830E-01,+5.09133000E-03
228,-2.95639000E-05,1558931185.625,+1.57059740E+00,+8.80407960E-01,+5.09091400E-03
229,-2.97039000E-05,1558931185.8333333,+1.57059870E+00,+8.99659150E-01,+5.09099200E-03
230,-2.99910000E-05,1558931186.0416667,+1.57059500E+00,+8.99668390E-01,+5.09104400E-03
231,-2.95905000E-05,1558931186.25,+1.57059500E+00,+9.03193530E-01,+5.09083600E-03
232,-3.01711000E-05,1558931186.4583333,+1.57059740E+00,+9.15517920E-01,+5.09071900E-03
233,-2.97039000E-05,1558931186.6666667,+1.57059370E+00,+9.15518850E-01,+5.09112200E-03
234,-2.97507000E-05,1558931186.875,+1.57059500E+00,+9.23002970E-01,+5.09057600E-03
235,-2.93571000E-05,1558931187.0833333,+1.57059120E+00,+9.39522070E-01,+5.09105700E-03
236,-2.91034000E-05,1558931187.2916667,+1.57059500E+00,+9.39534090E-01,+5.09062800E-03
237,-2.88365000E-05,1558931187.5,+1.57059120E+00,+9.44863360E-01,+5.09105700E-03
238,-2.86629000E-05,1558931187.7083333,+1.57059870E+00,+9.55357370E-01,+5.09097900E-03
239,-2.95771000E-05,1558931187.9166667,+1.57059500E+00,+9.55370180E-01,+5.09122600E-03
240,-2.89498000E-05,1558931188.125,+1.57059500E+00,+9.55369520E-01,+5.09105700E-03
241,-2.88431000E-05,1558931188.3333333,+1.57059500E+00,+9.55370450E-01,+5.09127800E-03
242,-2.89698000E-05,1558931188.5416667,+1.57058880E+00,+9.55376920E-01,+5.09095300E-03
243,-2.91233000E-05,1558931188.75,+1.57058880E+00,+9.55386690E-01,+5.09074500E-03
244,-2.99576000E-05,1558931188.9583333,+1.57058380E+00,+9.55390260E-01,+5.09130400E-03
245,-2.96172000E-05,1558931189.1666667,+1.57058260E+00,+9.55393430E-01,+5.09117400E-03
246,-2.94704000E-05,1558931189.375,+1.57058630E+00,+9.55394220E-01,+5.09110900E-03
247,-2.90367000E-05,1558931189.5833333,+1.57058630E+00,+9.55394220E-01,+5.09110900E-03
248,-2.96240000E-05,1558931189.7916667,+1.57058380E+00,+9.55388670E-01,+5.09127800E-03
249,-2.93435000E-05,1558931190.0,+1.57059120E+00,+9.55388940E-01,+5.09136900E-03
250,-2.88097000E-05,1558931193.6,+1.57061230E+00,+9.58729550E-01,+5.09165500E-03
251,-2.88498000E-05,1558931193.8083332,+1.57060730E+00,+9.79390190E-01,+5.09120000E-03
252,-2.92636000E-05,1558931194.0166667,+1.57061230E+00,+9.79403000E-01,+5.09136900E-03
253,-2.88431000E-05,1558931194.225,+1.57061350E+00,+9.83133090E-01,+5.09169400E-03
254,-2.93370000E-05,1558931194.4333332,+1.57060360E+00,+9.95815010E-01,+5.09155100E-03
255,-2.81424000E-05,1558931194.6416667,+1.57059740E+00,+9.95820690E-01,+5.09161600E-03
256,-2.85561000E-05,1558931194.85,+1.57059120E+00,+8.46712520E-01,+5.09151200E-03
257,-2.84227000E-05,1558931195.0583332,+1.57059620E+00,+1.01883780E+00,+5.09142100E-03
258,-2.84760000E-05,1558931195.2666667,+1.57061110E+00,+1.01875310E+00,+5.09151200E-03
259,-2.86229000E-05,1558931195.475,+1.57061350E+00,+1.02528440E+00,+5.09143400E-03
260,-2.84894000E-05,1558931195.6833332,+1.57061480E+00,+1.04233460E+00,+5.09143400E-03
261,-2.94304000E-05,1558931195.8916667,+1.57061350E+00,+1.04233250E+00,+5.09094000E-03
262,-2.89231000E-05,1558931196.1,+1.57061480E+00,+1.04836620E+00,+5.09121300E-03
263,-2.85294000E-05,1558931196.3083332,+1.57061600E+00,+1.05880630E+00,+5.09086200E-03
264,-2.87697000E-05,1558931196.5166667,+1.57061730E+00,+1.05881130E+00,+5.09053700E-03
265,-2.77621000E-05,1558931196.725,+1.57061600E+00,+1.05883140E+00,+5.09109600E-03
266,-2.83826000E-05,1558931196.9333332,+1.57061730E+00,+1.05883090E+00,+5.09096600E-03
267,-2.93570000E-05,1558931197.1416667,+1.57061600E+00,+1.05882140E+00,+5.09110900E-03
268,-2.86429000E-05,1558931197.35,+1.57061730E+00,+1.05883480E+00,+5.09083600E-03
269,-2.89432000E-05,1558931197.5583332,+1.57061730E+00,+1.05882730E+00,+5.09159000E-03
270,-2.77086000E-05,1558931197.7666667,+1.57061730E+00,+1.05883190E+00,+5.09095300E-03
271,-2.73015000E-05,1558931197.975,+1.57061850E+00,+1.05883010E+00,+5.09051100E-03
272,-2.75552000E-05,1558931198.1833332,+1.57061350E+00,+1.05882840E+00,+5.09105700E-03
273,-2.82357000E-05,1558931198.3916667,+1.57060240E+00,+1.05881290E+00,+5.09062800E-03
274,-2.85294000E-05,1558931198.6,+1.57060610E+00,+1.05882530E+00,+5.09088800E-03
275,-2.77085000E-05,1558931202.2,+1.57060730E+00,+1.06281550E+00,+5.09112200E-03
276,-2.74817000E-05,1558931202.4083333,+1.57060610E+00,+1.08242710E+00,+5.09075800E-03
277,-2.75817000E-05,1558931202.6166668,+1.57060610E+00,+1.08241890E+00,+5.09014700E-03
278,-2.77286000E-05,1558931202.825,+1.57060730E+00,+1.08565240E+00,+5.09031600E-03
279,-2.86296000E-05,1558931203.0333333,+1.57060730E+00,+1.09896940E+00,+5.09103100E-03
280,-2.90099000E-05,1558931203.2416668,+1.57060860E+00,+1.09896480E+00,+5.09088800E-03
281,-2.80624000E-05,1558931203.45,+1.57060860E+00,+1.10416180E+00,+5.09066700E-03
282,-2.80623000E-05,1558931203.6583333,+1.57060610E+00,+1.12255600E+00,+5.09082300E-03
283,-2.76818000E-05,1558931203.8666668,+1.57060730E+00,+1.12255470E+00,+5.09062800E-03
284,-2.75485000E-05,1558931204.075,+1.57060610E+00,+1.12764210E+00,+5.09097900E-03
285,-2.77019000E-05,1558931204.2833333,+1.57061110E+00,+1.13905450E+00,+5.09101800E-03
286,-2.75618000E-05,1558931204.4916668,+1.57060730E+00,+1.13905860E+00,+5.09118700E-03
287,-2.73817000E-05,1558931204.7,+1.57061600E+00,+1.14693570E+00,+5.09082300E-03
288,-2.73281000E-05,1558931204.9083333,+1.57061850E+00,+1.16264710E+00,+5.09100500E-03
289,-2.76753000E-05,1558931205.1166668,+1.57062220E+00,+1.16265690E+00,+5.09134300E-03
290,-2.79155000E-05,1558931205.325,+1.57061730E+00,+1.16266090E+00,+5.09117400E-03
291,-2.74417000E-05,1558931205.5333333,+1.57062100E+00,+1.16266030E+00,+5.09096600E-03
292,-2.80423000E-05,1558931205.7416668,+1.57062100E+00,+1.16265870E+00,+5.09112200E-03
293,-2.84092000E-05,1558931205.95,+1.57061730E+00,+1.16265770E+00,+5.09075800E-03
294,-2.82891000E-05,1558931206.1583333,+1.57062220E+00,+1.16264530E+00,+5.09086200E-03
295,-2.78621000E-05,1558931206.3666668,+1.57062220E+00,+1.16265060E+00,+5.09117400E-03
296,-2.78354000E-05,1558931206.575,+1.57062590E+00,+1.16265320E+00,+5.09094000E-03
297,-2.79289000E-05,1558931206.7833333,+1.57062590E+00,+1.16265400E+00,+5.09117400E-03
298,-2.74416000E-05,1558931206.9916668,+1.57062590E+00,+1.16265870E+00,+5.09114800E-03
299,-2.79421000E-05,1558931207.2,+1.57060240E+00,+1.16266690E+00,+5.09094000E-03
300,-2.74883000E-05,1558931210.8,+1.57059990E+00,+1.16489670E+00,+5.09083600E-03
301,-2.78487000E-05,1558931211.0083332,+1.57059740E+00,+1.17921010E+00,+5.09079700E-03
302,-2.74617000E-05,1558931211.2166667,+1.57060120E+00,+1.17919930E+00,+5.09103100E-03
303,-2.78754000E-05,1558931211.425,+1.57059740E+00,+1.18261750E+00,+5.09026400E-03
304,-2.77753000E-05,1558931211.6333332,+1.57060360E+00,+1.19457450E+00,+5.09061500E-03
305,-2.74016000E-05,1558931211.8416667,+1.57061230E+00,+1.19457100E+00,+5.09058900E-03
306,-2.74349000E-05,1558931212.05,+1.57061730E+00,+1.21947340E+00,+5.09030300E-03
307,-2.76286000E-05,1558931212.2583332,+1.57061350E+00,+1.21948140E+00,+5.09069300E-03
308,-2.76553000E-05,1558931212.4666667,+1.57062470E+00,+1.21948400E+00,+5.09078400E-03
309,-2.79422000E-05,1558931212.675,+1.57062350E+00,+1.23599040E+00,+5.09118700E-03
310,-2.76218000E-05,1558931212.8833332,+1.57062720E+00,+1.23600490E+00,+5.09065400E-03
311,-2.80155000E-05,1558931213.0916667,+1.57062470E+00,+1.23599570E+00,+5.09055000E-03
312,-2.79889000E-05,1558931213.3,+1.57062840E+00,+1.25958710E+00,+5.09079700E-03
313,-2.72148000E-05,1558931213.5083332,+1.57062840E+00,+1.25960560E+00,+5.09060200E-03
314,-2.72882000E-05,1558931213.7166667,+1.57062470E+00,+1.25960560E+00,+5.09082300E-03
315,-2.75752000E-05,1558931213.925,+1.57062590E+00,+1.25959640E+00,+5.09094000E-03
316,-2.79087000E-05,1558931214.1333332,+1.57062840E+00,+1.25960300E+00,+5.09058900E-03
317,-2.72080000E-05,1558931214.3416667,+1.57062100E+00,+1.25959770E+00,+5.09114800E-03
318,-2.69679000E-05,1558931214.55,+1.57062220E+00,+1.25959240E+00,+5.09038100E-03
319,-2.70011000E-05,1558931214.7583332,+1.57062720E+00,+1.25959770E+00,+5.09088800E-03
320,-2.74417000E-05,1558931214.9666667,+1.57062350E+00,+1.25963210E+00,+5.09084900E-03
321,-2.73282000E-05,1558931215.175,+1.57062720E+00,+1.25961360E+00,+5.09069300E-03
322,-2.71280000E-05,1558931215.3833332,+1.57062970E+00,+1.25960030E+00,+5.09052400E-03
323,-2.75016000E-05,1558931215.5916667,+1.57062970E+00,+1.25960830E+00,+5.09091400E-03
324,-2.71413000E-05,1558931215.8,+1.57062970E+00,+1.25960030E+00,+5.09077100E-03
325,-2.77419000E-05,1558931219.499,+1.57061850E+00,+1.27165890E+00,+5.09074500E-03
326,-2.77286000E-05,1558931219.7073333,+1.57062220E+00,+1.27613850E+00,+5.09116100E-03
327,-2.72415000E-05,1558931219.9156668,+1.57061600E+00,+1.27614370E+00,+5.09074500E-03
328,-2.73281000E-05,1558931220.124,+1.57060860E+00,+1.29540210E+00,+5.09074500E-03
329,-2.71481000E-05,1558931220.3323333,+1.57060730E+00,+1.29969260E+00,+5.09112200E-03
330,-2.71279000E-05,1558931220.5406668,+1.57060980E+00,+1.29969520E+00,+5.09057600E-03
331,-2.69211000E-05,1558931220.749,+1.57060490E+00,+1.31362810E+00,+5.09090100E-03
332,-2.73282000E-05,1558931220.9573333,+1.57061230E+00,+1.31622940E+00,+5.09077100E-03
333,-2.75818000E-05,1558931221.1656668,+1.57060980E+00,+1.31624260E+00,+5.09101800E-03
334,-2.70612000E-05,1558931221.374,+1.57061110E+00,+1.33055220E+00,+5.09086200E-03
335,-2.77420000E-05,1558931221.5823333,+1.57060860E+00,+1.33161620E+00,+5.09104400E-03
336,-2.78487000E-05,1558931221.7906668,+1.57060860E+00,+1.33161360E+00,+5.09079700E-03
337,-2.76551000E-05,1558931221.999,+1.57060730E+00,+1.35521530E+00,+5.09060200E-03
338,-2.73349000E-05,1558931222.2073333,+1.57061110E+00,+1.35632690E+00,+5.09061500E-03
339,-2.78554000E-05,1558931222.4156668,+1.57060490E+00,+1.35632160E+00,+5.09120000E-03
340,-2.74150000E-05,1558931222.624,+1.57061110E+00,+1.35632690E+00,+5.09079700E-03
341,-2.74150000E-05,1558931222.8323333,+1.57060490E+00,+1.35631500E+00,+5.09070600E-03
342,-2.75952000E-05,1558931223.0406668,+1.57060730E+00,+1.35632430E+00,+5.09130400E-03
343,-2.78086000E-05,1558931223.249,+1.57060730E+00,+1.35631370E+00,+5.09100500E-03
344,-2.82225000E-05,1558931223.4573333,+1.57060490E+00,+1.35631370E+00,+5.09142100E-03
345,-2.80690000E-05,1558931223.6656668,+1.57060860E+00,+1.35632690E+00,+5.09110900E-03
346,-2.77954000E-05,1558931223.874,+1.57061110E+00,+1.35633090E+00,+5.09161600E-03
347,-2.74682000E-05,1558931224.0823333,+1.57060980E+00,+1.35633750E+00,+5.09131700E-03
348,-2.68544000E-05,1558931224.2906668,+1.57061110E+00,+1.35633220E+00,+5.09117400E-03
349,-2.72414000E-05,1558931224.499,+1.57060860E+00,+1.35633490E+00,+5.09100500E-03
350,-2.70211000E-05,1558931228.2,+1.57060860E+00,+1.35824090E+00,+5.09104400E-03
351,-2.71680000E-05,1558931228.4083333,+1.57061480E+00,+1.37169030E+00,+5.09121300E-03
352,-2.69679000E-05,1558931228.6166668,+1.57061850E+00,+1.37167970E+00,+5.09091400E-03
353,-2.76017000E-05,1558931228.825,+1.57061850E+00,+1.37695630E+00,+5.09112200E-03
354,-2.77421000E-05,1558931229.0333333,+1.57061730E+00,+1.39646180E+00,+5.09133000E-03
355,-2.74016000E-05,1558931229.2416668,+1.57061110E+00,+1.39647100E+00,+5.09101800E-03
356,-2.76418000E-05,1558931229.45,+1.57061730E+00,+1.40010990E+00,+5.09078400E-03
357,-2.76485000E-05,1558931229.6583333,+1.57061480E+00,+1.41180900E+00,+5.09070600E-03
358,-2.73015000E-05,1558931229.8666668,+1.57061600E+00,+1.41179840E+00,+5.09077100E-03
359,-2.77486000E-05,1558931230.075,+1.57061730E+00,+1.41986650E+00,+5.09060200E-03
360,-2.77954000E-05,1558931230.2833333,+1.57061230E+00,+1.43651700E+00,+5.09073200E-03
361,-2.77419000E-05,1558931230.4916668,+1.57062100E+00,+1.43652760E+00,+5.09061500E-03
362,-2.71881000E-05,1558931230.7,+1.57061600E+00,+1.44190720E+00,+5.09095300E-03
363,-2.77953000E-05,1558931230.9083333,+1.57061730E+00,+1.45187740E+00,+5.09069300E-03
364,-2.67742000E-05,1558931231.1166668,+1.57061730E+00,+1.45188530E+00,+5.09082300E-03
365,-2.75218000E-05,1558931231.325,+1.57061730E+00,+1.45189060E+00,+5.09058900E-03
366,-2.70879000E-05,1558931231.5333333,+1.57061970E+00,+1.45188010E+00,+5.09071900E-03
367,-2.76418000E-05,1558931231.7416668,+1.57061850E+00,+1.45189060E+00,+5.09045900E-03
368,-2.75819000E-05,1558931231.95,+1.57059250E+00,+1.45189060E+00,+5.09135600E-03
369,-2.81823000E-05,1558931232.1583333,+1.57059370E+00,+1.45189060E+00,+5.09055000E-03
370,-2.76952000E-05,1558931232.3666668,+1.57059370E+00,+1.45189590E+00,+5.09056300E-03
371,-2.73482000E-05,1558931232.575,+1.57059500E+00,+1.45190390E+00,+5.09061500E-03
372,-2.81090000E-05,1558931232.7833333,+1.57059500E+00,+1.45187480E+00,+5.09081000E-03
373,-2.74150000E-05,1558931232.9916668,+1.57059250E+00,+1.45188800E+00,+5.09081000E-03
374,-2.77619000E-05,1558931233.2,+1.57059000E+00,+1.45187350E+00,+5.09074500E-03
375,-2.86029000E-05,1558931236.8,+1.57059000E+00,+1.45439140E+00,+5.09026400E-03
376,-2.81891000E-05,1558931237.0083332,+1.57059120E+00,+1.46843680E+00,+5.09061500E-03
377,-2.79087000E-05,1558931237.2166667,+1.57059120E+00,+1.46843410E+00,+5.09064100E-03
378,-2.80691000E-05,1558931237.425,+1.57059500E+00,+1.47259780E+00,+5.09052400E-03
379,-2.89366000E-05,1558931237.6333332,+1.57059370E+00,+1.49199750E+00,+5.09077100E-03
380,-2.91633000E-05,1558931237.8416667,+1.57059120E+00,+1.49198830E+00,+5.09068000E-03
381,-2.82692000E-05,1558931238.05,+1.57059000E+00,+1.49639640E+00,+5.09069300E-03
382,-2.82959000E-05,1558931238.2583332,+1.57059120E+00,+1.50858850E+00,+5.09042000E-03
383,-2.80690000E-05,1558931238.4666667,+1.57059000E+00,+1.50860570E+00,+5.09049800E-03
384,-2.79221000E-05,1558931238.675,+1.57059000E+00,+1.51543930E+00,+5.09042000E-03
385,-2.83425000E-05,1558931238.8833332,+1.57058880E+00,+1.53220480E+00,+5.09055000E-03
386,-2.80156000E-05,1558931239.0916667,+1.57058880E+00,+1.53219680E+00,+5.09056300E-03
387,-2.87429000E-05,1558931239.3,+1.57058750E+00,+1.53843830E+00,+5.09056300E-03
388,-2.84226000E-05,1558931239.5083332,+1.57058750E+00,+1.54871650E+00,+5.09043300E-03
389,-2.77886000E-05,1558931239.7166667,+1.57058880E+00,+1.54870720E+00,+5.09049800E-03
390,-2.82092000E-05,1558931239.925,+1.57059120E+00,+1.54871650E+00,+5.09073200E-03
391,-2.86162000E-05,1558931240.1333332,+1.57059120E+00,+1.54871380E+00,+5.09017300E-03
392,-2.89431000E-05,1558931240.3416667,+1.57058880E+00,+1.54871780E+00,+5.09045900E-03
393,-2.77553000E-05,1558931240.55,+1.57058750E+00,+1.54870980E+00,+5.09039400E-03
394,-2.81757000E-05,1558931240.7583332,+1.57058880E+00,+1.54872970E+00,+5.08960100E-03
395,-2.82091000E-05,1558931240.9666667,+1.57058380E+00,+1.54872700E+00,+5.09047200E-03
396,-2.86095000E-05,1558931241.175,+1.57058010E+00,+1.54872170E+00,+5.08967900E-03
397,-2.94905000E-05,1558931241.3833332,+1.57057880E+00,+1.54873230E+00,+5.09022500E-03
398,-2.95705000E-05,1558931241.5916667,+1.57058010E+00,+1.54872830E+00,+5.09000400E-03
399,-2.93369000E-05,1558931241.8,+1.57058500E+00,+1.54871650E+00,+5.09014700E-03
400,-2.85294000E-05,1558931245.4,+1.57058630E+00,+1.55148160E+00,+5.09027700E-03
401,-2.82492000E-05,1558931245.6083333,+1.57058630E+00,+1.57233140E+00,+5.09018600E-03
402,-2.88164000E-05,1558931245.8166668,+1.57058500E+00,+1.57232610E+00,+5.09038100E-03
403,-2.90966000E-05,1558931246.025,+1.57058380E+00,+1.57573520E+00,+5.08997800E-03
404,-2.90633000E-05,1558931246.2333333,+1.57058260E+00,+1.58881820E+00,+5.09042000E-03
405,-2.85762000E-05,1558931246.4416668,+1.57058010E+00,+1.58883270E+00,+5.09074500E-03
406,-2.91301000E-05,1558931246.65,+1.57058750E+00,+1.59265400E+00,+5.09088800E-03
407,-2.88365000E-05,1558931246.8583333,+1.57058880E+00,+1.60532720E+00,+5.09027700E-03
408,-2.89565000E-05,1558931247.0666668,+1.57059000E+00,+1.60532450E+00,+5.09065400E-03
409,-2.87497000E-05,1558931247.275,+1.57059120E+00,+1.61288380E+00,+5.09108300E-03
410,-2.92301000E-05,1558931247.4833333,+1.57059250E+00,+1.62896720E+00,+5.09110900E-03
411,-2.90901000E-05,1558931247.6916668,+1.57059120E+00,+1.62895010E+00,+5.09126500E-03
412,-2.92302000E-05,1558931247.9,+1.57059000E+00,+1.63466280E+00,+5.09095300E-03
413,-2.90366000E-05,1558931248.1083333,+1.57059620E+00,+1.64546440E+00,+5.09121300E-03
414,-2.91568000E-05,1558931248.3166668,+1.57059620E+00,+1.64547760E+00,+5.09058900E-03
415,-2.86296000E-05,1558931248.525,+1.57059870E+00,+1.64548290E+00,+5.09061500E-03
416,-3.02646000E-05,1558931248.7333333,+1.57059990E+00,+1.64548160E+00,+5.09127800E-03
417,-2.99510000E-05,1558931248.9416668,+1.57059990E+00,+1.64548820E+00,+5.09051100E-03
418,-2.92235000E-05,1558931249.15,+1.57059990E+00,+1.64547500E+00,+5.09074500E-03
419,-3.00377000E-05,1558931249.3583333,+1.57060120E+00,+1.64547500E+00,+5.09079700E-03
420,-2.93503000E-05,1558931249.5666668,+1.57060240E+00,+1.64547500E+00,+5.09095300E-03
421,-2.93369000E-05,1558931249.775,+1.57059870E+00,+1.64547230E+00,+5.09078400E-03
422,-2.90833000E-05,1558931249.9833333,+1.57059870E+00,+1.64546700E+00,+5.09079700E-03
423,-2.97974000E-05,1558931250.1916668,+1.57059500E+00,+1.64545910E+00,+5.09043300E-03
424,-3.02978000E-05,1558931250.4,+1.57059620E+00,+1.64545120E+00,+5.09030300E-03
425,-2.94304000E-05,1558931254.0,+1.57059500E+00,+1.64894600E+00,+5.09058900E-03
426,-3.06116000E-05,1558931254.2083333,+1.57060240E+00,+1.66903830E+00,+5.09051100E-03
427,-3.05983000E-05,1558931254.4166667,+1.57059870E+00,+1.66904760E+00,+5.09040700E-03
428,-3.02245000E-05,1558931254.625,+1.57059370E+00,+1.67187750E+00,+5.09013400E-03
429,-3.03780000E-05,1558931254.8333333,+1.57059250E+00,+1.68555540E+00,+5.09071900E-03
430,-2.94705000E-05,1558931255.0416667,+1.57059370E+00,+1.68554880E+00,+5.08990000E-03
431,-3.03112000E-05,1558931255.25,+1.57059620E+00,+1.69171090E+00,+5.09000400E-03
432,-3.03245000E-05,1558931255.4583333,+1.57059000E+00,+1.70915980E+00,+5.09004300E-03
433,-2.98641000E-05,1558931255.6666667,+1.57059000E+00,+1.70916510E+00,+5.08988700E-03
434,-3.03313000E-05,1558931255.875,+1.57059500E+00,+1.71389970E+00,+5.09017300E-03
435,-2.94371000E-05,1558931256.0833333,+1.57059870E+00,+1.72567540E+00,+5.09001700E-03
436,-3.04180000E-05,1558931256.2916667,+1.57059740E+00,+1.72569130E+00,+5.08993900E-03
437,-3.07117000E-05,1558931256.5,+1.57059500E+00,+1.73144630E+00,+5.08978300E-03
438,-3.14390000E-05,1558931256.7083333,+1.57059500E+00,+1.74100150E+00,+5.09027700E-03
439,-3.07250000E-05,1558931256.9166667,+1.57059500E+00,+1.74097770E+00,+5.08952300E-03
440,-3.07784000E-05,1558931257.125,+1.57059120E+00,+1.74100010E+00,+5.08960100E-03
441,-3.03381000E-05,1558931257.3333333,+1.57059250E+00,+1.74099620E+00,+5.08926200E-03
442,-3.04382000E-05,1558931257.5416667,+1.57059370E+00,+1.74098960E+00,+5.09013400E-03
443,-2.99975000E-05,1558931257.75,+1.57059120E+00,+1.74100280E+00,+5.08966600E-03
444,-3.06717000E-05,1558931257.9583333,+1.57059370E+00,+1.74098690E+00,+5.08993900E-03
445,-3.03580000E-05,1558931258.1666667,+1.57058880E+00,+1.74098820E+00,+5.09006900E-03
446,-3.06048000E-05,1558931258.375,+1.57059000E+00,+1.74098030E+00,+5.09005600E-03
447,-3.12857000E-05,1558931258.5833333,+1.57059250E+00,+1.74098690E+00,+5.08988700E-03
448,-3.08252000E-05,1558931258.7916667,+1.57059370E+00,+1.74099750E+00,+5.08993900E-03
449,-3.05782000E-05,1558931259.0,+1.57059250E+00,+1.74098300E+00,+5.09016000E-03
450,-3.07383000E-05,1558931262.6,+1.57059250E+00,+1.74381950E+00,+5.08974400E-03
451,-3.09653000E-05,1558931262.8083332,+1.57059120E+00,+1.76576500E+00,+5.09026400E-03
452,-3.05315000E-05,1558931263.0166667,+1.57059120E+00,+1.76578090E+00,+5.09008200E-03
453,-3.07384000E-05,1558931263.225,+1.57059000E+00,+1.76888840E+00,+5.09038100E-03
454,-3.08052000E-05,1558931263.4333332,+1.57059250E+00,+1.78113600E+00,+5.09001700E-03
455,-3.11255000E-05,1558931263.6416667,+1.57059620E+00,+1.78113860E+00,+5.09021200E-03
456,-3.08185000E-05,1558931263.85,+1.57059120E+00,+1.78679220E+00,+5.09021200E-03
457,-3.04848000E-05,1558931264.0583332,+1.57059500E+00,+1.80593160E+00,+5.08997800E-03
458,-3.12322000E-05,1558931264.2666667,+1.57059990E+00,+1.80594740E+00,+5.08965300E-03
459,-3.12923000E-05,1558931264.475,+1.57060120E+00,+1.81115130E+00,+5.09000400E-03
460,-3.13723000E-05,1558931264.6833332,+1.57059620E+00,+1.82246440E+00,+5.08924900E-03
461,-3.11521000E-05,1558931264.8916667,+1.57059500E+00,+1.82249090E+00,+5.08973100E-03
462,-3.21599000E-05,1558931265.1,+1.57060120E+00,+1.83049560E+00,+5.08947100E-03
463,-3.08051000E-05,1558931265.3083332,+1.57060240E+00,+1.84608990E+00,+5.08986100E-03
464,-3.15126000E-05,1558931265.5166667,+1.57059990E+00,+1.84609520E+00,+5.08941900E-03
465,-3.20130000E-05,1558931265.725,+1.57060120E+00,+1.84607540E+00,+5.08960100E-03
466,-3.21732000E-05,1558931265.9333332,+1.57060240E+00,+1.84607940E+00,+5.08996500E-03
467,-3.20463000E-05,1558931266.1416667,+1.57060490E+00,+1.84607410E+00,+5.08961400E-03
468,-3.13391000E-05,1558931266.35,+1.57060360E+00,+1.84606610E+00,+5.08923600E-03
469,-3.15259000E-05,1558931266.5583332,+1.57060240E+00,+1.84607410E+00,+5.08921000E-03
470,-3.15927000E-05,1558931266.7666667,+1.57059870E+00,+1.84608200E+00,+5.08918400E-03
471,-3.08519000E-05,1558931266.975,+1.57060120E+00,+1.84608460E+00,+5.08889800E-03
472,-3.13791000E-05,1558931267.1833332,+1.57061730E+00,+1.84607670E+00,+5.08917100E-03
473,-3.11454000E-05,1558931267.3916667,+1.57062470E+00,+1.84607140E+00,+5.08926200E-03
474,-3.17928000E-05,1558931267.6,+1.57062840E+00,+1.84607670E+00,+5.08944500E-03
475,-3.08586000E-05,1558931271.2,+1.57063090E+00,+1.84838720E+00,+5.08960100E-03
476,-3.14391000E-05,1558931271.4083333,+1.57063460E+00,+1.86258570E+00,+5.08939200E-03
477,-3.17394000E-05,1558931271.6166668,+1.57063340E+00,+1.86258570E+00,+5.08949700E-03
478,-3.18463000E-05,1558931271.825,+1.57063210E+00,+1.86647440E+00,+5.08977000E-03
479,-3.16593000E-05,1558931272.0333333,+1.57063090E+00,+1.88614250E+00,+5.08986100E-03
480,-3.13390000E-05,1558931272.2416668,+1.57062720E+00,+1.88616900E+00,+5.08930100E-03
481,-3.16459000E-05,1558931272.45,+1.57062970E+00,+1.89033280E+00,+5.08969200E-03
482,-3.17527000E-05,1558931272.6583333,+1.57062470E+00,+1.90269140E+00,+5.08967900E-03
483,-3.15193000E-05,1558931272.8666668,+1.57062590E+00,+1.90269410E+00,+5.08971800E-03
484,-3.14058000E-05,1558931273.075,+1.57062590E+00,+1.90694750E+00,+5.08980900E-03
485,-3.19863000E-05,1558931273.2833333,+1.57062100E+00,+1.91803200E+00,+5.08971800E-03
486,-3.18595000E-05,1558931273.4916668,+1.57062100E+00,+1.91802410E+00,+5.08928800E-03
487,-3.18595000E-05,1558931273.7,+1.57062720E+00,+1.92703990E+00,+5.08936600E-03
488,-3.12790000E-05,1558931273.9083333,+1.57062720E+00,+1.94278100E+00,+5.08960100E-03
489,-3.16728000E-05,1558931274.1166668,+1.57062720E+00,+1.94278760E+00,+5.08986100E-03
490,-3.16993000E-05,1558931274.325,+1.57063090E+00,+1.94279160E+00,+5.08964000E-03
491,-3.22199000E-05,1558931274.5333333,+1.57062470E+00,+1.94278100E+00,+5.08927500E-03
492,-3.22333000E-05,1558931274.7416668,+1.57061480E+00,+1.94278760E+00,+5.08960100E-03
493,-3.23535000E-05,1558931274.95,+1.57060980E+00,+1.94278760E+00,+5.08949700E-03
494,-3.23734000E-05,1558931275.1583333,+1.57060730E+00,+1.94280480E+00,+5.08958800E-03
495,-3.22799000E-05,1558931275.3666668,+1.57060860E+00,+1.94280220E+00,+5.08949700E-03
496,-3.21266000E-05,1558931275.575,+1.57061110E+00,+1.94280220E+00,+5.08962700E-03
497,-3.20932000E-05,1558931275.7833333,+1.57060360E+00,+1.94280220E+00,+5.08882000E-03
498,-3.18862000E-05,1558931275.9916668,+1.57060360E+00,+1.94280080E+00,+5.08931400E-03
499,-3.13791000E-05,1558931276.2,+1.57060860E+00,+1.94278100E+00,+5.08974400E-03
500,-3.27739000E-05,1558931279.801,+1.57060980E+00,+1.94534790E+00,+5.08957500E-03
501,-3.25201000E-05,1558931280.0093334,+1.57060240E+00,+1.95810310E+00,+5.08948400E-03
502,-3.22133000E-05,1558931280.2176669,+1.57060610E+00,+1.95809520E+00,+5.08934000E-03
503,-3.19129000E-05,1558931280.426,+1.57060240E+00,+1.96283510E+00,+5.08898900E-03
504,-3.21799000E-05,1558931280.6343334,+1.57061970E+00,+1.98286930E+00,+5.08927500E-03
505,-3.23333000E-05,1558931280.8426669,+1.57062220E+00,+1.98287460E+00,+5.08883300E-03
506,-3.21265000E-05,1558931281.051,+1.57062590E+00,+1.98618170E+00,+5.08917100E-03
507,-3.27271000E-05,1558931281.2593334,+1.57062590E+00,+1.99823270E+00,+5.08918400E-03
508,-3.24934000E-05,1558931281.4676669,+1.57062220E+00,+1.99824320E+00,+5.08871600E-03
509,-3.22866000E-05,1558931281.676,+1.57062470E+00,+2.02859790E+00,+5.08867700E-03
510,-3.23001000E-05,1558931281.8843334,+1.57062350E+00,+2.02794100E+00,+5.08844300E-03
511,-3.21600000E-05,1558931282.0926669,+1.57061970E+00,+2.02785900E+00,+5.08867700E-03
512,-3.25469000E-05,1558931282.301,+1.57061970E+00,+2.04427820E+00,+5.08839100E-03
513,-3.22065000E-05,1558931282.5093334,+1.57061850E+00,+2.04428220E+00,+5.08835200E-03
514,-3.19997000E-05,1558931282.7176669,+1.57061850E+00,+2.04425840E+00,+5.08869000E-03
515,-3.00242000E-05,1558931282.926,+1.57061480E+00,+2.04427820E+00,+5.08853400E-03
516,-3.25469000E-05,1558931283.1343334,+1.57061850E+00,+2.04425970E+00,+5.08865100E-03
517,-3.18328000E-05,1558931283.3426669,+1.57062100E+00,+2.04423590E+00,+5.08853400E-03
518,-3.21197000E-05,1558931283.551,+1.57062470E+00,+2.04420950E+00,+5.08832600E-03
519,-3.21264000E-05,1558931283.7593334,+1.57062970E+00,+2.04421210E+00,+5.08858600E-03
520,-3.21131000E-05,1558931283.9676669,+1.57062220E+00,+2.04422000E+00,+5.08865100E-03
521,-3.20664000E-05,1558931284.176,+1.57062720E+00,+2.04421870E+00,+5.08863800E-03
522,-3.17728000E-05,1558931284.3843334,+1.57062350E+00,+2.04420950E+00,+5.08859900E-03
523,-3.25003000E-05,1558931284.5926669,+1.57062470E+00,+2.04421210E+00,+5.08848200E-03
524,-3.23000000E-05,1558931284.801,+1.57062350E+00,+2.04422400E+00,+5.08892400E-03
525,-3.22133000E-05,1558931288.521,+1.57062100E+00,+2.05462250E+00,+5.08845600E-03
526,-3.24268000E-05,1558931288.7293332,+1.57061350E+00,+2.06068550E+00,+5.08849500E-03
527,-3.21197000E-05,1558931288.9376667,+1.57061970E+00,+2.06070000E+00,+5.08884600E-03
528,-3.23068000E-05,1558931289.146,+1.57061850E+00,+2.07618600E+00,+5.08852100E-03
529,-3.26338000E-05,1558931289.3543332,+1.57061730E+00,+2.08431490E+00,+5.08918400E-03
530,-3.22400000E-05,1558931289.5626667,+1.57062100E+00,+2.08430970E+00,+5.08856000E-03
531,-3.20531000E-05,1558931289.771,+1.57061600E+00,+2.09651100E+00,+5.08878100E-03
532,-3.23267000E-05,1558931289.9793332,+1.57061110E+00,+2.10069850E+00,+5.08856000E-03
533,-3.20665000E-05,1558931290.1876667,+1.57061110E+00,+2.10069060E+00,+5.08876800E-03
534,-3.20597000E-05,1558931290.396,+1.57060610E+00,+2.11886640E+00,+5.08850800E-03
535,-3.24001000E-05,1558931290.6043332,+1.57060980E+00,+2.12429490E+00,+5.08874200E-03
536,-3.22799000E-05,1558931290.8126667,+1.57060730E+00,+2.12433190E+00,+5.08845600E-03
537,-3.20465000E-05,1558931291.021,+1.57060610E+00,+2.13740440E+00,+5.08856000E-03
538,-3.18262000E-05,1558931291.2293332,+1.57060610E+00,+2.14076170E+00,+5.08856000E-03
539,-3.22133000E-05,1558931291.4376667,+1.57060360E+00,+2.14075640E+00,+5.08876800E-03
540,-3.22000000E-05,1558931291.646,+1.57060490E+00,+2.14077890E+00,+5.08887200E-03
541,-3.21199000E-05,1558931291.8543332,+1.57061480E+00,+2.14078810E+00,+5.08845600E-03
542,-3.14924000E-05,1558931292.0626667,+1.57062350E+00,+2.14074580E+00,+5.08832600E-03
543,-3.23935000E-05,1558931292.271,+1.57062470E+00,+2.14076170E+00,+5.08848200E-03
544,-3.22133000E-05,1558931292.4793332,+1.57062220E+00,+2.14075900E+00,+5.08892400E-03
545,-3.16926000E-05,1558931292.6876667,+1.57062350E+00,+2.14074850E+00,+5.08840400E-03
546,-3.18262000E-05,1558931292.896,+1.57062720E+00,+2.14075770E+00,+5.08848200E-03
547,-3.23066000E-05,1558931293.1043332,+1.57062350E+00,+2.14076430E+00,+5.08867700E-03
548,-3.21931000E-05,1558931293.3126667,+1.57062220E+00,+2.14076960E+00,+5.08885900E-03
549,-3.20597000E-05,1558931293.521,+1.57062590E+00,+2.14076700E+00,+5.08866400E-03
550,-3.19195000E-05,1558931297.2,+1.57061970E+00,+2.14434500E+00,+5.08910600E-03
551,-3.19797000E-05,1558931297.4083333,+1.57061850E+00,+2.16434490E+00,+5.08845600E-03
552,-3.22466000E-05,1558931297.6166668,+1.57061850E+00,+2.16435150E+00,+5.08858600E-03
553,-3.16993000E-05,1558931297.825,+1.57062590E+00,+2.16728850E+00,+5.08876800E-03
554,-3.19397000E-05,1558931298.0333333,+1.57061970E+00,+2.18085660E+00,+5.08859900E-03
555,-3.19796000E-05,1558931298.2416668,+1.57062590E+00,+2.18086710E+00,+5.08869000E-03
556,-3.18195000E-05,1558931298.45,+1.57062720E+00,+2.18523830E+00,+5.08883300E-03
557,-3.14725000E-05,1558931298.6583333,+1.57062350E+00,+2.19746080E+00,+5.08845600E-03
558,-3.22665000E-05,1558931298.8666668,+1.57062350E+00,+2.19741450E+00,+5.08874200E-03
559,-3.20598000E-05,1558931299.075,+1.57062590E+00,+2.20420890E+00,+5.08884600E-03
560,-3.20197000E-05,1558931299.2833333,+1.57062590E+00,+2.22090430E+00,+5.08817000E-03
561,-3.20598000E-05,1558931299.4916668,+1.57062100E+00,+2.22093600E+00,+5.08818300E-03
562,-3.19396000E-05,1558931299.7,+1.57062470E+00,+2.22716420E+00,+5.08889800E-03
563,-3.09854000E-05,1558931299.9083333,+1.57062100E+00,+2.23740270E+00,+5.08867700E-03
564,-3.13257000E-05,1558931300.1166668,+1.57062100E+00,+2.23745560E+00,+5.08872900E-03
565,-3.08784000E-05,1558931300.325,+1.57062220E+00,+2.23741990E+00,+5.08819600E-03
566,-3.09185000E-05,1558931300.5333333,+1.57062720E+00,+2.23743710E+00,+5.08827400E-03
567,-3.15192000E-05,1558931300.7416668,+1.57061850E+00,+2.23744770E+00,+5.08832600E-03
568,-3.22065000E-05,1558931300.95,+1.57062100E+00,+2.23745030E+00,+5.08828700E-03
569,-3.17527000E-05,1558931301.1583333,+1.57061970E+00,+2.23742390E+00,+5.08849500E-03
570,-3.15325000E-05,1558931301.3666668,+1.57062100E+00,+2.23742520E+00,+5.08867700E-03
571,-3.12590000E-05,1558931301.575,+1.57062350E+00,+2.23742920E+00,+5.08811800E-03
572,-3.16326000E-05,1558931301.7833333,+1.57061970E+00,+2.23742650E+00,+5.08863800E-03
573,-3.17061000E-05,1558931301.9916668,+1.57062220E+00,+2.23742130E+00,+5.08775400E-03
574,-3.16661000E-05,1558931302.2,+1.57062470E+00,+2.23741860E+00,+5.08817000E-03
575,-3.17127000E-05,1558931305.8,+1.57062220E+00,+2.24016260E+00,+5.08859900E-03
576,-3.18061000E-05,1558931306.0083332,+1.57062350E+00,+2.26088150E+00,+5.08814400E-03
577,-3.18663000E-05,1558931306.2166667,+1.57062470E+00,+2.26087490E+00,+5.08828700E-03
578,-3.11655000E-05,1558931306.425,+1.57062100E+00,+2.26427850E+00,+5.08861200E-03
579,-3.12389000E-05,1558931306.6333332,+1.57062100E+00,+2.27748310E+00,+5.08831300E-03
580,-3.04982000E-05,1558931306.8416667,+1.57061850E+00,+2.27745800E+00,+5.08869000E-03
581,-3.14658000E-05,1558931307.05,+1.57062220E+00,+2.28283100E+00,+5.08824800E-03
582,-3.08851000E-05,1558931307.2583332,+1.57062350E+00,+2.30096450E+00,+5.08848200E-03
583,-3.15460000E-05,1558931307.4666667,+1.57062220E+00,+2.30098040E+00,+5.08856000E-03
584,-3.12323000E-05,1558931307.675,+1.57061850E+00,+2.30620270E+00,+5.08870300E-03
585,-3.12923000E-05,1558931307.8833332,+1.57062220E+00,+2.31748700E+00,+5.08813100E-03
586,-3.07852000E-05,1558931308.0916667,+1.57061480E+00,+2.31751340E+00,+5.08853400E-03
587,-3.07317000E-05,1558931308.3,+1.57061970E+00,+2.32314820E+00,+5.08880700E-03
588,-3.05649000E-05,1558931308.5083332,+1.57061850E+00,+2.33406340E+00,+5.08876800E-03
589,-3.06250000E-05,1558931308.7166667,+1.57062100E+00,+2.33408460E+00,+5.08883300E-03
590,-3.03847000E-05,1558931308.925,+1.57061970E+00,+2.33406610E+00,+5.08869000E-03
591,-3.02245000E-05,1558931309.1333332,+1.57062100E+00,+2.33407140E+00,+5.08902800E-03
592,-3.12190000E-05,1558931309.3416667,+1.57061600E+00,+2.33408460E+00,+5.08849500E-03
593,-3.12990000E-05,1558931309.55,+1.57061970E+00,+2.33410840E+00,+5.08897600E-03
594,-3.11923000E-05,1558931309.7583332,+1.57061730E+00,+2.33407140E+00,+5.08930100E-03
595,-3.09786000E-05,1558931309.9666667,+1.57061850E+00,+2.33410570E+00,+5.08898900E-03
596,-3.11255000E-05,1558931310.175,+1.57062350E+00,+2.33407930E+00,+5.08919700E-03
597,-3.08385000E-05,1558931310.3833332,+1.57062720E+00,+2.33406870E+00,+5.08871600E-03
598,-3.00643000E-05,1558931310.5916667,+1.57062350E+00,+2.33409780E+00,+5.08901500E-03
599,-3.10855000E-05,1558931310.8,+1.57062100E+00,+2.33407930E+00,+5.08879400E-03
